pair_id,distance_HiGHS,runtime_HiGHS,total_runtime_HiGHS,compute_mode_HiGHS,error_HiGHS,highs_distance_calculated,smiles1,smiles2
7023,5.999999999999924,50.68858766555786,51.66108179092407,1.0,,True,[H][C@@](COC(=O)CCCCCCCCCCCCCCCCCCCCC)(COC(=O)CCCCCCCCC(C)CC)OC(=O)CCCCCCCCCCCCCCCCC,[H][C@@](COC(=O)CCCCCCCCCCCCCCC)(COC(=O)CCCCCCCCCCCC(C)C)OC(=O)CCCCCCCCCCCCCCCCCCCCC
7894,4.0,9.825514554977415,11.137839317321776,1.0,,True,[H][C@@](COC(=O)CCCCCCCCCCCCCCCC)(COC(=O)CCCCCCCCCCCCCCCCCCC(C)C)OC(=O)CCCCCCCCC,[H][C@@](COC(=O)CCCCCCCCCCCCCCCC)(COC(=O)CCCCCCCCCCCCCC(C)C)OC(=O)CCCCCCCCCCC(C)CC
16244,10.0,9.070470571517944,9.99629282951355,2.0,,True,[H][C@](COC(=O)CCCCCCCCCCC\C=C/C\C=C/CCCCC)(COC(=O)CCCCCCC\C=C/C\C=C/C\C=C/CC)OC(=O)CCCCCCC\C=C/C\C=C/CCCCC,[H][C@](COC(=O)CCCCCCCCCCCCCCCCCCCC)(COC(=O)CCCCCCCCCCCCC(C)C)OC(=O)CCCCCCCCCCCCCCCCC(C)C
16264,9.999999999999726,11.322442054748535,12.29526710510254,1.0,,True,[H][C@](COC(=O)CCCCCCCCC\C=C/CCCCCCCC)(COC(=O)CCCCCC\C=C/C\C=C/C\C=C/C\C=C/CC)OC(=O)CCCCCCC\C=C/C\C=C/CCCCC,[H][C@@](COC(=O)CCCCCCCCCCCCCCCCCC)(COC(=O)CCCCCCCCCCCCCCCCC(C)CC)OC(=O)CCCCCCCCCCCCCCCC
19287,6.000000000000394,16.07175326347351,17.005727291107178,1.0,,True,[H][C@@](COC(=O)CCCCCCCCCCCCCCCCCCCCC)(COC(=O)CCCCCCCCCCCCCC(C)C)OC(=O)CCCCCCCCCCCCCCCCC,[H][C@](COC(=O)CCCCCCCCCCCCCCCCC(C)CC)(COC(=O)CCCCCCCCC(C)C)OC(=O)CCCCCCCCCCCCCCCCCCCCC(C)C
20414,6.000000000000045,46.83773231506348,47.76986050605774,1.0,,True,[H][C@](COC(=O)CCCCCCCCCCCCCC)(COC(=O)CCCCCCCCCCCCCCC)OC(=O)CCCCCCCCCCCCCCCCCCCCC(C)C,[H][C@@](COC(=O)CCCCCCCCCCCCCCCCC)(COC(=O)CCCCCCCCCCCCCCC(C)C)OC(=O)CCCCCCCCCCCCCCCC(C)C
21918,7.999999999999902,57.8978967666626,58.89089560508728,1.0,,True,[H][C@](COC(=O)CCCCCCCCCCCCC)(COC(=O)CCCCC\C=C/C\C=C/C\C=C/C\C=C/CCCCC)OC(=O)CCCCCCCCCCCCCCCCC,[H][C@](COC(=O)CCCCCCCCCCCCCCCCCCC)(COC(=O)CCC\C=C/C\C=C/C\C=C/CCCCCCCC)OC(=O)CCCCCCC\C=C/CCCC
24511,4.000000000000004,10.70077919960022,11.626276016235352,1.0,,True,[H][C@](COC(=O)CCCCCCCCCCCCCCCC)(COC(=O)CCCCCCCCC(C)CC)OC(=O)CCCCCCCCCCCCCCCCCCC(C)C,[H][C@@](COC(=O)CCCCCCCCCCCCCCCCC)(COC(=O)CCCCCCCCCCCC(C)C)OC(=O)CCCCCCCCCCCCCCCCCC
25314,5.999999999999983,47.76314735412598,48.70330882072449,1.0,,True,[H][C@](COC(=O)CCCCCCCCCCCCC)(COC(=O)CCCCCCCCCCCCCCCCCCCCC(C)C)OC(=O)CCCCCCCCCCCCCCC,[H][C@@](COC(=O)CCCCCCCCCCC)(COC(=O)CCCCCCCCCCCCCC(C)C)OC(=O)CCCCCCCCCCCCCCCCCCCCC(C)CC
27110,6.0,58.90245723724365,59.85217547416687,1.0,,True,[H][C@](COC(=O)CCCCCCCCCCCCCCCCCC(C)C)(COC(=O)CCCCCCCCCC(C)C)OC(=O)CCCCCCCCCCCCCCCCCCCCC,[H][C@@](COC(=O)CCCCCCCCCCCC)(COC(=O)CCCCCCCCCCCCCCCCCCCCC(C)CC)OC(=O)CCCCCCCCCCCCCCCCC
32572,10.0,10.604405641555786,11.523123502731323,2.0,,True,[H][C@](COC(=O)CCCCCCCCCCCCCCCC)(COC(=O)CCCCCCCCCCCCCCCCCCCCC(C)CC)OC(=O)CCCCCCCCCCCCCCCC(C)C,[H][C@@](COC(=O)CCCCCCCCCCC\C=C/C\C=C/CCCCC)(COC(=O)CCCC\C=C/C\C=C/C\C=C/CCCCC)OC(=O)CCCCCCCCCCC\C=C/C\C=C/CCCCC
33291,6.000000000000004,16.45785427093506,17.39559817314148,1.0,,True,CCCCCCCCCCCCCCCCCCCCC(=O)OC[C@@H](COC(=O)CCCCCCCCCCCCCCC(C)C)OC(=O)CCCCCCCCCCCCC(C)CC,[H][C@](COC(=O)CCCCCCCCCCCCCCCCCC(C)C)(COC(=O)CCCCCCCCCC(C)C)OC(=O)CCCCCCCCCCCCCCCCCCC(C)C
39576,3.999999999999901,11.613979816436768,12.497417211532593,1.0,,True,[H][C@](COC(=O)CCCCCCCCCCCCCCCCCCCC)(COC(=O)CCCCCCCCCCCCCCC(C)C)OC(=O)CCCCCCCCCCCCC,[H][C@@](COC(=O)CCCCCCCCCCCCCCCCCCC)(COC(=O)CCCCCCCCCCCCC(C)C)OC(=O)CCCCCCCCCCCCCC(C)C
41719,6.0,27.162732362747192,28.07236933708191,1.0,,True,[H][C@](COC(=O)CCCCCCCCCCCCCCCCCCCC)(COC(=O)CCCCCCCCCCCCCCCCC(C)C)OC(=O)CCCCCCC,[H][C@@](COC(=O)CCCCCCCCCCCCCCCC)(COC(=O)CCCCCCCCCCCC(C)C)OC(=O)CCCCCCCCCCCCCC(C)C
48787,5.999999999999994,40.88060736656189,41.77645230293274,1.0,,True,[H][C@@](COC(=O)CCCCCCCCCCCCCCCCCCCC)(COC(=O)CCCCCCCCCCC(C)C)OC(=O)CCCCCCCCCCCCCCC(C)C,[H][C@@](COC(=O)CCCCCCCCCCCCCCCCCC)(COC(=O)CCCCCCCCCCCCCCCCCCCC)OC(=O)CCCCCCCCC(C)CC
51891,6.0,40.49822378158569,41.39479184150696,1.0,,True,[H][C@@](COC(=O)CCCCCCCCCCCCCC)(COC(=O)CCCCCCCCCCCCCCCCC)OC(=O)CCCCCCCCCCC(C)CC,[H][C@@](COC(=O)CCCCCCC)(COC(=O)CCCCCCCCCCCCCCCCCCCCC)OC(=O)CCCCCCCCCCCCCCC(C)C
57775,5.999999999999804,11.598911046981812,12.514456510543823,1.0,,True,[H][C@@](COC(=O)CCCCCCCCCCCC(C)C)(COC(=O)CCCCCCCCCCC(C)C)OC(=O)CCCCCCCCCCCCCCCCCCCC,[H][C@](COC(=O)CCCCCCCCCCCCCCCC)(COC(=O)CCCCCCCCCCCCCCCCCCC)OC(=O)CCCCCCCCC(C)CC
61417,4.000000000000492,9.781326293945312,10.692533493041992,1.0,,True,[H][C@](COC(=O)CCCCCCCCCCCCC)(COC(=O)CCCCCCCCCCC(C)CC)OC(=O)CCCCCCCCCCCCCCCCCCCC,[H][C@@](COC(=O)CCCCCCCCCCCC)(COC(=O)CCCCCCCCCCCCCCCC(C)C)OC(=O)CCCCCCCCCCCCCCCCC
61530,5.999999999999776,32.55190944671631,33.51026391983032,1.0,,True,[H][C@](COC(=O)CCCCCCCCCCCCCCCC(C)C)(COC(=O)CCCCCCCCCCCCC(C)CC)OC(=O)CCCCCCCCCCCC,[H][C@](COC(=O)CCCCCCCCCCCCCCCCC(C)C)(COC(=O)CCCCCCCCCCCCC(C)CC)OC(=O)CCCCCCCCC(C)C
65156,6.0,52.25977516174317,53.211674213409424,1.0,,True,[H][C@@](COC(=O)CCCCCCCCCCCCCC)(COC(=O)CCCCCCCCCCCCCCCCCCC)OC(=O)CCCCCCCCCCCC(C)C,[H][C@](COC(=O)CCCCCCCCCCCCCCCC)(COC(=O)CCCCCCCCCCCCC(C)CC)OC(=O)CCCCCCCCCCCCCCC
67093,6.0,21.7632098197937,22.670673608779907,1.0,,True,[H][C@@](COC(=O)CCCCCCCCCCCCCCCCCCCCC(C)CC)(COC(=O)CCCCCCCCCCC(C)C)OC(=O)CCCCCCCCCCCCCCCCCCC,[H][C@@](COC(=O)CCCCCCCCCCCCCCC(C)C)(COC(=O)CCCCCCCCCCCCCC(C)C)OC(=O)CCCCCCCCCCCCCCCCCCCCC(C)C
72604,6.000000000000214,11.404257535934448,12.332038640975952,1.0,,True,[H][C@@](COC(=O)CCCCCCCCCCCCCCCC(C)C)(COC(=O)CCCCCCCCCCC(C)C)OC(=O)CCCCCCCCCCCCCCC(C)C,[H][C@](COC(=O)CCCCCCCCCCC)(COC(=O)CCCCCCCCCCCCCCCCCCC(C)C)OC(=O)CCCCCCCCCCCCC(C)CC
78357,4.000000000000172,10.0109224319458,10.945485591888428,1.0,,True,[H][C@](COC(=O)CCCCCCCCCCCCCCCCCCCCC(C)C)(COC(=O)CCCCCCCCCCCC(C)C)OC(=O)CCCCCCCCCCCCC,[H][C@](COC(=O)CCCCCCCCCCCCCCCCCC)(COC(=O)CCCCCCCCC(C)CC)OC(=O)CCCCCCCCCCCCCCCCCC(C)C
83609,3.999999999999632,10.42287254333496,11.324467658996582,1.0,,True,[H][C@](COC(=O)CCCCCCCCCCCCC)(COC(=O)CCCCC\C=C/C\C=C/C\C=C/C\C=C/C\C=C/CC)OC(=O)CCCCCCCCCCC\C=C/C\C=C/CCCCC,[H][C@](COC(=O)CCCCCCCCC\C=C/C\C=C/CCCCC)(COC(=O)CCCCC\C=C/C\C=C/C\C=C/C\C=C/C\C=C/CC)OC(=O)CCCCCCCCCCCCCCC
87904,6.0,47.92415761947632,48.86678743362427,1.0,,True,[H][C@@](COC(=O)CCCCCCCCCCCCCCCC)(COC(=O)CCCCCCCCCCCCCCCC(C)C)OC(=O)CCCCCCCCCCC(C)C,[H][C@](COC(=O)CCCCCCCCCCCCCCCC)(COC(=O)CCCCCCCCCCCCCCCCCCC)OC(=O)CCCCCCCCCC(C)C
91787,5.999999999999532,9.26049828529358,10.147023439407349,1.0,,True,[H][C@](COC(=O)CCCCCCCCCCC)(COC(=O)CCCCCCCCCCCCCCCCCCCCC)OC(=O)CCCCCCCCCCCCCCCCCCCCC,[H][C@](COC(=O)CCCCCCCCCCCCCCCCC(C)C)(COC(=O)CCCCCCCCC(C)C)OC(=O)CCCCCCCCCCCCCCCCCCCCC(C)C
98752,4.0,17.20975685119629,18.108274459838867,1.0,,True,[H][C@](COC(=O)CCCCCCCCCCCCCCC)(COC(=O)CCCCCCCCCCCCCCCCC)OC(=O)CCCCCCCCCCCCCCCCCCCCC(C)C,[H][C@@](COC(=O)CCCCCCCCCCCCCCCCCC)(COC(=O)CCCCCCCCCCCCCCCCCCCCC(C)C)OC(=O)CCCCCCCCCCCCCC
107574,4.0,50.71911931037903,51.61158752441406,1.0,,True,[H][C@@](COC(=O)CCCCCCCCCCCCC)(COC(=O)CCCCCCCCCCCCCCCCCCC)OC(=O)CCCCCCCCCCCCCCCC(C)C,[H][C@](COC(=O)CCCCCCCCCCCCC)(COC(=O)CCCCCCCCCCCCCCCCC)OC(=O)CCCCCCCCCCCCCCCCC(C)CC
