pair_id,distance_CBC,distance_HiGHS,runtime_CBC,runtime_HiGHS,runtime_difference,speedup_CBC_over_HiGHS,faster_solver,compute_mode_CBC,compute_mode_HiGHS,smiles1,smiles2
964,10.0,10.0,48.86098837852478,8.469992399215698,40.39099597930908,5.768716909716376,HiGHS,2.0,2.0,[H][C@@](COC(=O)CCCCCCCCCCCCCCCCCCCCCCC)(COP(O)(O)=O)OC(=O)CCCCCCC[C@H](O)[C@@H](O)C\C=C/CCCCC,CCCCC[C@H](O)\C=C\[C@@H]1[C@@H](C\C=C/CCCC(=O)OC[C@H](COP(O)(O)=O)OC(=O)CCCCC\C=C/C\C=C/C\C=C/C\C=C/C\C=C/CC)[C@@H](O)CC1=O
11417,4.0,3.999999999999807,46.492873191833496,7.207481861114502,39.285391330718994,6.450640332883785,HiGHS,1.0,1.0,[H][C@@](COC(=O)CCCCCCCCCCCCC)(COC(=O)CCCCCCCCCCC(C)CC)OC(=O)CCCCCCCCCCCCCCCCCC,[H][C@@](COC(=O)CCCCCCCCCCCC)(COC(=O)CCCCCCCCCCCCCCCCCCCCC)OC(=O)CCCCCCCCCCCC
12707,10.0,10.0,19.6802875995636,3.085465431213379,16.59482216835022,6.378385380848101,HiGHS,2.0,2.0,[H][C@@](COC(=O)CCCCCCCC1OC1C\C=C/CCCCC)(COP([O-])(=O)OCC[N+](C)(C)C)OC(=O)CCC\C=C/C\C=C/C\C=C/CCCCCCCC,[H][C@](O)(CO)COP(O)(=O)OC[C@@]([H])(COC(=O)CCCCCCCCCCCCCC(C)C)OC(=O)CCC(O)\C=C/C=C\C\C=C/C\C=C/C\C=C/C\C=C/CC
26080,10.0,10.0,44.080689907073975,3.010039806365967,41.07065010070801,14.644553807510198,HiGHS,2.0,2.0,[H][C@@](COC(=O)CCC\C=C\C\C=C/C[C@H](O)\C=C/C=C\CCCCC)(COP(O)(=O)OC[C@H](N)C(O)=O)OC(=O)CCCC\C=C/C\C=C/C\C=C/CCCCC,[H][C@@](COC(=O)CCCCCCCCCCCCCCCCC(C)CC)(COP(O)(O)=O)OC(=O)CCC\C=C/[C@@H](O)\C=C\C=C/C\C=C/C=C/[C@@H](O)C\C=C/CC
26288,6.0,6.000000000000227,44.819470167160034,15.312854528427124,29.50661563873291,2.926918040261936,HiGHS,1.0,1.0,[H][C@](COC(=O)CCCCCCCCCCCCCCCCCC(C)C)(COC(=O)CCCCCCCCCC(C)C)OC(=O)CCCCCCCCCCC(C)CC,[H][C@](COC(=O)CCCCCCCCCCCCCC)(COC(=O)CCCCCCCCCCCCCCCCC(C)CC)OC(=O)CCCCCCCCCCCC
28432,6.0,5.99999999999985,44.1371009349823,8.188000202178955,35.949100732803345,5.390461632284367,HiGHS,1.0,1.0,[H][C@](COC(=O)CCCCCCCCCCCCCCC)(COC(=O)CCCCCCCCCCCC(C)C)OC(=O)CCCCCCCCCCCCCCCC,[H][C@@](COC(=O)CCCCCCCCCCC(C)C)(COC(=O)CCCCCCCCCCC(C)CC)OC(=O)CCCCCCCCCCCCCCCC(C)C
36524,6.0,5.9999999999999005,7.648356199264526,3.496901273727417,4.151454925537109,2.1871810498990696,HiGHS,1.0,1.0,[H][C@@](COC(=O)CCC\C=C/C\C=C/C\C=C/C\C=C/CCCCC)(COP([O-])(=O)OCC[N+](C)(C)C)OC(=O)CCC\C=C/C\C=C/C\C=C/C\C=C/CC[C@H](O)CC,[H][C@@](COC(=O)CCCCCC\C=C/C\C=C/C\C=C/CCCCC)(COP([O-])(=O)OCC[N+](C)(C)C)OC(=O)CCC\C=C/C\C=C/C\C=C/C=C/C(=O)CCCCC
40648,10.0,10.0,17.768072366714478,5.118717908859253,12.649354457855225,3.4711958508130083,HiGHS,2.0,2.0,[H][C@](O)(COP(O)(O)=O)COP(O)(=O)OC[C@@]([H])(COC(=O)CCC\C=C/C\C=C/C\C=C/C\C=C/[C@@H](O)CCCC)OC(=O)CCCCCCCCC\C=C/C\C=C/CCCCC,[H][C@](O)(COP(O)(O)=O)COP(O)(=O)OC[C@@]([H])(COC(=O)CCCCCCCCCCCCCCCCC)OC(=O)CC\C=C/C\C=C/C\C=C/C\C=C/CC1OC1C\C=C/CC
40818,2.0,2.0000000000000657,24.797027826309204,7.739701747894287,17.057326078414917,3.2038738227937067,HiGHS,1.0,1.0,[H][C@](COC(=O)CCCCCCCCCCCCCCC)(COC(=O)CCCCCCCCCCCCCCC(C)C)OC(=O)CCCCCCCCCCCCCCCCCC(C)C,[H][C@](COC(=O)CCCCCCCCCCCCCC)(COC(=O)CCCCCCCCCCCCCCCCCC)OC(=O)CCCCCCCCCCCCCCCCCC(C)C
41289,4.0,4.000000000000086,52.64949107170105,6.46260929107666,46.18688178062439,8.146785408240227,HiGHS,1.0,1.0,[H][C@@](COC(=O)CCCCCCCCCCCCCCCCCCCC)(COC(=O)CCCCCCCCCCCCC(C)CC)OC(=O)CCCCCCCCCCCCCC,[H][C@@](COC(=O)CCCCCCCCCCCCCCCCCCC(C)C)(COC(=O)CCCCCCCCCCCCC(C)C)OC(=O)CCCCCCCCCCC(C)CC
42727,4.0,4.000000000000005,25.34755277633667,6.8827292919158936,18.464823484420776,3.6827763669433615,HiGHS,1.0,1.0,[H][C@](COC(=O)CCCCCCCCCCCCCCC)(COC(=O)CCCCCCCCCCCCCCCC(C)C)OC(=O)CCCCCCCCCCCC,[H][C@](COC(=O)CCCCCCCCCCCCCCCC)(COC(=O)CCCCCCCCCCCCCCCCCCCC)OC(=O)CCCCCCCCC
46648,10.0,10.0,22.82026195526123,3.227046251296997,19.593215703964233,7.071563336313954,HiGHS,2.0,2.0,[H][C@](O)(CO)COP(O)(=O)OC[C@@]([H])(COC(=O)CCCCCCC\C=C/CCCCCCCC)OC(=O)CCCC(=O)\C=C\C=C/C\C=C/C\C=C/CCCCC,[H][C@@](COC(=O)CCC\C=C/C\C=C/CC1OC1C\C=C/CCCCC)(COP(O)(=O)OCCN)OC(=O)CCCCCCCCCCCCCCCCCCC
58609,10.0,10.0,33.50936508178711,6.252002716064453,27.257362365722656,5.35978095397898,HiGHS,2.0,2.0,[H]C1=C(CCCCC)OC(CCCCCCCCCCCCC(=O)OC(COC(=O)CCCCCCCCC2=C(C)C([H])=C(CCCCC)O2)COP(O)(=O)OCC[N+](C)(C)C)=C1C,[H][C@@](COC(=O)CCCCCCCCCCCCC1=C(C)C(C)=C(CCCCC)O1)(COP([O-])(=O)OCC[N+](C)(C)C)OC(=O)CCCCCCCC(O)\C=C\C=C\C\C=C\CC
58813,10.0,10.0,23.535978078842163,3.201106309890747,20.334871768951416,7.352451246658359,HiGHS,2.0,2.0,[H][C@@](COC(=O)CCCCCCCCCCC\C=C/C\C=C/CCCCC)(COP(O)(=O)OCCN)OC(=O)CCCCCCCC(=O)\C=C\C=C/CCCCC,[H][C@@](COC(=O)CCCCCCCCCCCCCC)(COP(O)(=O)OC[C@H](N)C(O)=O)OC(=O)CCC(O)\C=C/C=C\C\C=C/C\C=C/C\C=C/C\C=C/CC
64113,10.0,10.000000000000243,10.707770824432371,3.417747974395752,7.290022850036619,3.1329901750071185,HiGHS,1.0,1.0,CCCCCCCC\C=C/CCCCCCCCCCCC(=O)O[C@]([H])(COC(=O)CCCCCCC\C=C/C\C=C/CCCCC)COP([O-])(=O)OCC[N+](C)(C)C,[H][C@](N)(COP(O)(=O)OC[C@@]([H])(COC(=O)CCCCCCCCCCC\C=C/CCCCCCCC)OC(=O)CCCC\C=C/C\C=C/C\C=C/CCCCC)C(O)=O
64586,4.0,4.0000000000001705,45.47021484375,8.028093099594116,37.442121744155884,5.663887336589168,HiGHS,1.0,1.0,[H][C@](COC(=O)CCCCCCCCCCCCCCCCCCCCC(C)C)(COC(=O)CCCCCCCCCCC(C)CC)OC(=O)CCCCCCCCCCC,[H][C@](COC(=O)CCCCCCCCCCCCCCCCCCC)(COC(=O)CCCCCCCCCCCCC(C)C)OC(=O)CCCCCCCCCCC(C)CC
69765,4.0,3.999999999999901,45.83316612243652,3.06363582611084,42.769530296325684,14.960383258286887,HiGHS,1.0,1.0,CCCCCC1=C(C)C(C)=C(CCCCCCCCC(=O)OCC(COP(O)(=O)OCC[N+](C)(C)C)OC(=O)CCCCCCCCCCC2=C(C)C(C)=C(CCC)O2)O1,[H][C@@](COC(=O)CCCCCCCCC1=C(C)C=C(CCCCC)O1)(COP(O)(=O)OCCN(C)C)OC(=O)CCCCCCCCCCC1=C(C)C(C)=C(CCCCC)O1
80626,10.0,10.0,37.73651671409607,3.851651906967163,33.884864807128906,9.79748887635338,HiGHS,2.0,2.0,CCCCC\C=C/C\C=C/C\C=C/C\C=C/CCCCCC(=O)O[C@H](COC(=O)CCC\C=C/C[C@H]1C=CC(=O)[C@@H]1\C=C\[C@@H](O)CCCCC)COP(O)(O)=O,CCCCC[C@H](O)\C=C\[C@@H]1[C@@H](CCCCCCC(=O)O[C@H](COC(=O)CCCCCCCCCCCCCCCCC(C)C)COP(O)(O)=O)[C@@H](O)CC1=O
82646,8.0,8.00000000000025,16.998697757720947,3.614778757095337,13.38391900062561,4.7025555089242275,HiGHS,1.0,1.0,[H][C@@](COC(=O)CCCCCC\C=C/C\C=C/C\C=C/C\C=C/CC)(COP(O)(=O)OCCN)OC(=O)CCC\C=C\C=C/C(O)C\C=C/C\C=C/CCCCC,[H][C@@](COC(=O)CCCCCC\C=C/C\C=C/C\C=C/CCCCC)(COP(O)(=O)OCCN)OC(=O)CCC\C=C/C\C=C/C\C=C/C=C/C(=O)CCCCC
93598,2.0,2.0000000000000133,5.095128536224365,2.694020748138428,2.401107788085937,1.8912729383190927,HiGHS,1.0,1.0,CCCCC[C@H](O)\C=C\[C@H]1OC(O)C[C@H](O)[C@@H]1C\C=C/CCCC(=O)OC[C@H](COP(O)(O)=O)OC(=O)CCCCC\C=C/C\C=C/C\C=C/C\C=C/C\C=C/CC,CCCCC\C=C/C\C=C/C\C=C/C\C=C/C\C=C/CCC(=O)O[C@H](COC(=O)CCC\C=C/C[C@H]1[C@@H](O)CC(O)O[C@@H]1\C=C\[C@@H](O)CCCCC)COP(O)(O)=O
97919,10.0,10.0,20.864060163497925,3.685362100601196,17.17869806289673,5.661332480760671,HiGHS,2.0,2.0,[H][C@@](COC(=O)CCCCC\C=C/C\C=C/C\C=C/C\C=C/CCCCC)(COP(O)(O)=O)OC(=O)CCC\C=C/[C@@H](O)\C=C\C=C/C\C=C/C=C/[C@@H](O)C\C=C/CC,[H][C@@](COC(=O)CCC\C=C/C\C=C/C\C=C/CCCCCCCC)(COP(O)(=O)OCCN)OC(=O)CCC(O)\C=C/C=C\C\C=C/C\C=C/C\C=C/C\C=C/CC
99409,4.0,4.000000000000046,15.390936613082886,5.814136266708374,9.576800346374512,2.6471578764349015,HiGHS,1.0,1.0,[H][C@](COC(=O)CCCCCCCCCCCCCCC)(COC(=O)CCCC\C=C/C\C=C/C\C=C/C\C=C/CC)OC(=O)CCCC\C=C/C\C=C/C\C=C/C\C=C/CC,[H][C@](COC(=O)CCCC\C=C/C\C=C/C\C=C/CCCCC)(COC(=O)CCCC\C=C/C\C=C/C\C=C/C\C=C/CC)OC(=O)CCCCCCC\C=C/CCCCCC
99997,6.0,6.0000000000002505,33.75590205192566,12.05809998512268,21.69780206680298,2.7994378959847563,HiGHS,1.0,1.0,[H][C@@](COC(=O)CCCCCCCCCCCCC(C)C)(COC(=O)CCCCCCCCC(C)CC)OC(=O)CCCCCCCCCCCCCCCCCCCCC,[H][C@](COC(=O)CCCCCCCCCCCCCCCC)(COC(=O)CCCCCCCCCCCCCCCCC(C)C)OC(=O)CCCCCCCCCCC(C)C
103398,4.0,4.00000000000008,37.24274015426636,9.664721965789797,27.578018188476562,3.8534724833362444,HiGHS,1.0,1.0,[H][C@](COC(=O)CCCCCCCCCCC(C)CC)(COC(=O)CCCCCCCCCC(C)C)OC(=O)CCCCCCCCCCCCCCCCCCCCC,[H][C@@](COC(=O)CCCCCCCCCCCCCC)(COC(=O)CCCCCCCCCC(C)C)OC(=O)CCCCCCCCCCCCCCCCCCC(C)C
