pair_id,smiles1,smiles2,mass1,mass2,mass_diff,runtime_sec,runtime_inside_mces,distance,compute_mode,skipped,solverCalled,ilp_solver,raw_mces_result,error_message
964,[H][C@@](COC(=O)CCCCCCCCCCCCCCCCCCCCCCC)(COP(O)(O)=O)OC(=O)CCCCCCC[C@H](O)[C@@H](O)C\C=C/CCCCC,CCCCC[C@H](O)\C=C\[C@@H]1[C@@H](C\C=C/CCCC(=O)OC[C@H](COP(O)(O)=O)OC(=O)CCCCC\C=C/C\C=C/C\C=C/C\C=C/C\C=C/CC)[C@@H](O)CC1=O,819.1549999999996,819.0259999999998,0.12899999999979173,2.6633505821228027,2.226191520690918,10,2,0,0,,"(0, 10, 2.226191520690918, 2)",
1073,[H][C@](COC(=O)CCCCCCCCCCCCC)(COC(=O)CCCCCCCCCCCCCCCCCCC)OC(=O)CCCCCCCCCCCCCCCC,[H][C@](COC(=O)CCCCCCCCCCCCCCCCCCCC)(COC(=O)CCCCCCCCCCCCCCC(C)C)OC(=O)CCCCCCCCCCC,849.4199999999993,849.4199999999994,1.1368683772161603e-13,45.309213161468506,44.84120774269104,6.0,1,0,0,,"(0, 6.0, 44.84120774269104, 1)",
1586,[H][C@@](COC(=O)CCCCCCCCCCCCCCCCCCC(C)C)(COC(=O)CCCCCCCCCCCCCCCC(C)C)OC(=O)CCCCCCCCC,[H][C@@](COC(=O)CC\C=C/CC(O)\C=C/C=C\C\C=C/C\C=C/C\C=C/CC)(COP(O)(=O)OC[C@H](N)C(O)=O)OC(=O)CCCCCCC\C=C/C\C=C/CCCCC,849.4199999999993,848.0679999999995,1.351999999999748,0.69700026512146,0.2650017738342285,25.0,4,0,0,,"(0, 25.0, 0.2650017738342285, 4)",
3772,[H][C@@](COC(=O)CCCCCCCCCCCCCCCCCCCCC(C)C)(COC(=O)CCCCCCCCCCC(C)CC)OC(=O)CCCCCCCCCCCCCCC,CCCCC[C@H](O)\C=C\[C@H]1[C@H](O)CC(=O)[C@@H]1CCCCCCC(=O)O[C@H](COC(=O)CCCCCCCCCCCCCCCCCCC(C)C)COP(O)(=O)OC[C@@H](O)CO,905.527999999999,905.2009999999998,0.3269999999992024,0.7005884647369385,0.26000261306762695,23.0,4,0,0,,"(0, 23.0, 0.26000261306762695, 4)",
3995,[H][C@@](CO\C=C\CCCCCCCCCCCCCCCC)(COP([O-])(=O)OCC[N+](C)(C)C)OC(=O)CCC\C=C/C\C=C/C\C=C/C\C=C/C=C/[C@H](O)CC,[H][C@](COC(=O)CCCCCCCCCCCCCC)(COC(=O)CCCCCCCCCCCCC(C)CC)OC(=O)CCCCCCCCCCCCCCC,808.1349999999999,807.3389999999995,0.7960000000003902,0.687999963760376,0.2559981346130371,27.0,4,0,0,,"(0, 27.0, 0.2559981346130371, 4)",
4683,CCCCC\C=C/C\C=C/C\C=C/CCCCC(=O)O[C@H](COC(=O)CCC\C=C/C[C@H]1C=CC(=O)[C@@H]1\C=C\[C@@H](O)CCCCC)COP([O-])(=O)OCC[N+](C)(C)C,[H][C@@](COC(=O)CCCCCCCCCCCCCCCCCCC)(COC(=O)CCCCCCCCC(C)CC)OC(=O)CCCCCCCCCCCCCCCC,834.0849999999999,835.3929999999995,1.307999999999538,0.68399977684021,0.2559990882873535,29.0,4,0,0,,"(0, 29.0, 0.2559990882873535, 4)",
7023,[H][C@@](COC(=O)CCCCCCCCCCCCCCCCCCCCC)(COC(=O)CCCCCCCCC(C)CC)OC(=O)CCCCCCCCCCCCCCCCC,[H][C@@](COC(=O)CCCCCCCCCCCCCCC)(COC(=O)CCCCCCCCCCCC(C)C)OC(=O)CCCCCCCCCCCCCCCCCCCCC,877.4739999999993,877.4739999999991,1.1368683772161603e-13,32.421069622039795,31.956481456756592,5.999999999999941,1,0,0,,"(0, 5.999999999999941, 31.956481456756592, 1)",
7405,[H][C@](COC(=O)CCCCCCCCCCCCCCCCCCCCC(C)CC)(COC(=O)CCCCCCCCCC(C)C)OC(=O)CCCCCCCCCCCCC(C)C,[H][C@@](COC(=O)CCCCCCC)(COC(=O)CCCCCCCCCCCCCCCCCCCCC(C)CC)OC(=O)CCCCCCCCCCCCCCCCCCCC,891.5009999999992,891.5009999999993,1.1368683772161603e-13,60,,,,1,0,,,Exceeded 60 seconds
7894,[H][C@@](COC(=O)CCCCCCCCCCCCCCCC)(COC(=O)CCCCCCCCCCCCCCCCCCC(C)C)OC(=O)CCCCCCCCC,[H][C@@](COC(=O)CCCCCCCCCCCCCCCC)(COC(=O)CCCCCCCCCCCCCC(C)C)OC(=O)CCCCCCCCCCC(C)CC,821.3659999999995,821.3659999999996,1.1368683772161603e-13,5.079598903656006,4.644598722457886,4.0,1,0,0,,"(0, 4.0, 4.644598722457886, 1)",
8280,CCCCC[C@H](O)\C=C\[C@@H]1[C@@H](O)[C@@H](O)[C@H]2OP(O)(=O)OC[C@@H](COC(=O)CCC\C=C/C[C@@H]([C@@H](O)CC1=O)[C@@H](O)[C@H](O)[C@H]2O)OC(=O)CC\C=C/C\C=C/C\C=C/C\C=C/C\C=C/C\C=C/CC,[H][C@@](COC(=O)CCC\C=C/C\C=C/C\C=C/C\C=C/C=C/[C@@H](O)CC)(COP(O)(=O)O[C@H]1C(O)C(O)C(O)[C@@H](OP(O)(O)=O)C1O)OC(=O)CCCCCCCCCCCCC\C=C/CC,979.1510000000001,979.0879999999996,0.06300000000044292,0.693000078201294,0.2610006332397461,15.0,4,0,0,,"(0, 15.0, 0.2610006332397461, 4)",
8547,[H][C@](COC(=O)CCCCCCCCCCCCCCCCCCC)(COC(=O)CCCCCCCCCCCCCCCCCCCCC)OC(=O)CCCCCCCCCCCCC(C)CC,[H][C@](COC(=O)CCCCCCCCCCCCCCCC)(COC(=O)CCCCCCCCCCCCCCCCCC(C)C)OC(=O)CCCCCCCCCCCCCCCCCC(C)C,961.6359999999988,961.635999999999,1.1368683772161603e-13,47.2104606628418,46.74779963493347,6.0,1,0,0,,"(0, 6.0, 46.74779963493347, 1)",
9300,CCCCCCCC\C=C/C\C=C/C\C=C/CCCC(=O)O[C@]([H])(COC(=O)CCCCCCCCC\C=C/C\C=C/CCCCC)COP([O-])(=O)OCC[N+](C)(C)C,[H][C@](O)(CO)COP(O)(=O)OC[C@@]([H])(COC(=O)CCC(O)\C=C/C=C\C\C=C/C\C=C/C\C=C/C\C=C/CC)OC(=O)CCCCCCC\C=C/C=C\CCCCCC,836.1890000000001,835.0689999999994,1.1200000000006867,0.6945946216583252,0.2565920352935791,11.0,4,0,0,,"(0, 11.0, 0.2565920352935791, 4)",
9385,CCCCC[C@H](O)\C=C\[C@@H]1[C@@H](CCCCCCC(=O)O[C@H](COC(=O)CC\C=C/C\C=C/C\C=C/C\C=C/C\C=C/C\C=C/CC)COP(O)(=O)OCCN)[C@@H](O)CC1=O,[H][C@](COC(=O)CCCCCCCCCCCC)(COC(=O)CCCCCCCCCCCCCCCC)OC(=O)CCCCCCCCCCCCCCCCCCC(C)C,862.095,863.4469999999993,1.3519999999992933,0.711606502532959,0.2650001049041748,26.0,4,0,0,,"(0, 26.0, 0.2650001049041748, 4)",
9598,[H]C(COC(=O)CCCCCC\C=C/C\C=C/C\C=C/CCCCC)(COP(O)(=O)OCCN(C)C)OC(=O)CCCCCCCCC\C=C/C\C=C/CCCCC,[H][C@@](COC(=O)CCCCCCCCCCCCCCCC)(COC(=O)CCCCCCCCCCCCCC(C)C)OC(=O)CCCCCCCCCCCCCC,822.1619999999995,821.3659999999995,0.7959999999999354,0.6870007514953613,0.2579996585845947,22.0,4,0,0,,"(0, 22.0, 0.2579996585845947, 4)",
10026,[H][C@](O)(CO)COP(O)(=O)OC[C@@]([H])(COC(=O)CCCCCCC\C=C/C=C\CCCCCC)OC(=O)CC\C=C/C\C=C/C\C=C/C\C=C/CC1OC1C\C=C/CC,[H][C@@](COC(=O)CCCCCCCCCCCCC(C)CC)(COC(=O)CCCCCCCCC(C)C)OC(=O)CCCCCCCCCCCCCCCCC(C)CC,835.0690000000001,835.3929999999992,0.3239999999991596,0.6779990196228027,0.25099968910217285,24.0,4,0,0,,"(0, 24.0, 0.25099968910217285, 4)",
11417,[H][C@@](COC(=O)CCCCCCCCCCCCC)(COC(=O)CCCCCCCCCCC(C)CC)OC(=O)CCCCCCCCCCCCCCCCCC,[H][C@@](COC(=O)CCCCCCCCCCCC)(COC(=O)CCCCCCCCCCCCCCCCCCCCC)OC(=O)CCCCCCCCCCCC,807.3389999999993,807.3389999999995,2.2737367544323206e-13,4.027902126312256,3.5979106426239014,3.999999999999807,1,0,0,,"(0, 3.999999999999807, 3.5979106426239014, 1)",
12058,[H][C@](COC(=O)CCCCCCCCCCC(C)CC)(COC(=O)CCCCCCCCC(C)CC)OC(=O)CCCCCCCCCCCCCCCCC(C)CC,[H][C@@](COC(=O)CCCCCCC\C=C/CCCCCCCC)(COP(O)(=O)OCCN)OC(=O)CCC\C=C/[C@@H](O)\C=C\C=C/C\C=C/C=C/[C@@H](O)C\C=C/CC,821.3659999999993,822.0740000000002,0.7080000000008795,0.7019999027252197,0.259967565536499,24.0,4,0,0,,"(0, 24.0, 0.259967565536499, 4)",
12518,[H][C@@](COC(=O)CCCCCCCCCCCCCCCCCCC(C)C)(COC(=O)CCCCCCCCCCCCCCC(C)C)OC(=O)CCCCCCCCCCCCCC,[H][C@@](COC(=O)CCCCCCCCCCC)(COC(=O)CCCCCCCCCCCCCCCCCCCCC(C)CC)OC(=O)CCCCCCCCCCCCCCC(C)C,905.527999999999,905.5279999999992,2.2737367544323206e-13,60,,,,1,0,,,Exceeded 60 seconds
12707,[H][C@@](COC(=O)CCCCCCCC1OC1C\C=C/CCCCC)(COP([O-])(=O)OCC[N+](C)(C)C)OC(=O)CCC\C=C/C\C=C/C\C=C/CCCCCCCC,[H][C@](O)(CO)COP(O)(=O)OC[C@@]([H])(COC(=O)CCCCCCCCCCCCCC(C)C)OC(=O)CCC(O)\C=C/C=C\C\C=C/C\C=C/C\C=C/C\C=C/CC,824.1339999999996,825.0740000000003,0.9400000000007367,2.102247714996338,1.6622450351715088,10,2,0,0,,"(0, 10, 1.6622450351715088, 2)",
13685,[H][C@@](COC(=O)CCCCCCC)(COC(=O)CCCCCCCCCCCCCCCCCCCCC(C)C)OC(=O)CCCCCCCCCCCCCC(C)C,[H][C@](COC(=O)CCCCCCCCCCCCCC(C)C)(COC(=O)CCCCCCCCCCCC(C)C)OC(=O)CCCCCCCCCCCCC(C)CC,821.3659999999998,821.3659999999995,2.2737367544323206e-13,60,,,,1,0,,,Exceeded 60 seconds
14726,[H][C@](COC(=O)CCCCCCCCCCCCCC)(COC(=O)CCCCCCCCCCCCCCCCCCC(C)C)OC(=O)CCCCCCCCCCC(C)C,[H][C@@](COC(=O)CCCCCC\C=C/C\C=C/C\C=C/C\C=C/CC)(COP(O)(=O)OC[C@H](N)C(O)=O)OC(=O)CCC\C=C/C\C=C/C\C=C/C\C=C/CCC[C@H](C)O,849.4199999999995,848.0679999999999,1.3519999999996344,0.6975533962249756,0.26062750816345215,25.0,4,0,0,,"(0, 25.0, 0.26062750816345215, 4)",
14860,[H][C@](COC(=O)CCCCCCCCC)(COC(=O)CCCCCCCCC(C)CC)OC(=O)CCCCCCCCCCCCCCCCCCCCC(C)CC,[H][C@](COC(=O)CCCCCCCCCCCCCCC)(COC(=O)CCCCCCCCCCCCCCCCCCCCC)OC(=O)CCCCCCCCC,807.3389999999993,807.3389999999995,2.2737367544323206e-13,40.58346676826477,40.11346244812012,5.999999999999755,1,0,0,,"(0, 5.999999999999755, 40.11346244812012, 1)",
16244,[H][C@](COC(=O)CCCCCCCCCCC\C=C/C\C=C/CCCCC)(COC(=O)CCCCCCC\C=C/C\C=C/C\C=C/CC)OC(=O)CCCCCCC\C=C/C\C=C/CCCCC,[H][C@](COC(=O)CCCCCCCCCCCCCCCCCCCC)(COC(=O)CCCCCCCCCCCCC(C)C)OC(=O)CCCCCCCCCCCCCCCCC(C)C,933.4969999999995,933.5819999999991,0.08499999999958163,17.551701307296753,17.07610249519348,10,2,0,0,,"(0, 10, 17.07610249519348, 2)",
16264,[H][C@](COC(=O)CCCCCCCCC\C=C/CCCCCCCC)(COC(=O)CCCCCC\C=C/C\C=C/C\C=C/C\C=C/CC)OC(=O)CCCCCCC\C=C/C\C=C/CCCCC,[H][C@@](COC(=O)CCCCCCCCCCCCCCCCCC)(COC(=O)CCCCCCCCCCCCCCCCC(C)CC)OC(=O)CCCCCCCCCCCCCCCC,933.4969999999995,933.581999999999,0.08499999999946795,19.06565809249878,18.591657161712646,10.000000000000053,1,0,0,,"(0, 10.000000000000053, 18.591657161712646, 1)",
18616,[H]C(COC(=O)CCC\C=C/C\C=C/C\C=C/C\C=C/C\C=C/CC)(COP(O)(=O)OCCN(C)C)OC(=O)CCCCCCCCCCCCCCCCCCCCC,[H][C@](COC(=O)CCCCCCCCCCCCCCCCCC(C)C)(COC(=O)CCCCCCCCCCCCCC(C)C)OC(=O)CCCCCCCCCCCC,850.2159999999989,849.4199999999993,0.7959999999995944,0.7066662311553955,0.272629976272583,22.0,4,0,0,,"(0, 22.0, 0.272629976272583, 4)",
18696,[H][C@](COC(=O)CCCCCCCCCCCCC(C)C)(COC(=O)CCCCCCCCCCCCC(C)CC)OC(=O)CCCCCCCCCCCCCCCCC(C)C,[H][C@](COC(=O)CCCCCCCCCCCCCCC)(COC(=O)CCCCCCCCCCCCCC(C)C)OC(=O)CCCCCCCCCCCCCCCCC(C)C,877.4739999999994,877.4739999999994,0.0,60,,,,1,0,,,Exceeded 60 seconds
19287,[H][C@@](COC(=O)CCCCCCCCCCCCCCCCCCCCC)(COC(=O)CCCCCCCCCCCCCC(C)C)OC(=O)CCCCCCCCCCCCCCCCC,[H][C@](COC(=O)CCCCCCCCCCCCCCCCC(C)CC)(COC(=O)CCCCCCCCC(C)C)OC(=O)CCCCCCCCCCCCCCCCCCCCC(C)C,933.581999999999,933.581999999999,0.0,8.741631746292114,8.273412227630615,6.000000000000394,1,0,0,,"(0, 6.000000000000394, 8.273412227630615, 1)",
20164,[H][C@@](COC(=O)CCCCCCCCCCC\C=C/C\C=C/CCCCC)(COP(O)(=O)OCCN)OC(=O)CCC\C=C/C\C=C/C\C=C/C\C=C/CC[C@H](O)CC,[H][C@@](COCCCCCCCCCCCCCCCCCC)(COC(=O)CCC\C=C/C\C=C/C\C=C/C\C=C/C\C=C/CC)OC(=O)CCCCCCC\C=C/CCCC,836.1449999999998,837.3679999999995,1.222999999999729,0.6965820789337158,0.26158618927001953,16.0,4,0,0,,"(0, 16.0, 0.26158618927001953, 4)",
20414,[H][C@](COC(=O)CCCCCCCCCCCCCC)(COC(=O)CCCCCCCCCCCCCCC)OC(=O)CCCCCCCCCCCCCCCCCCCCC(C)C,[H][C@@](COC(=O)CCCCCCCCCCCCCCCCC)(COC(=O)CCCCCCCCCCCCCCC(C)C)OC(=O)CCCCCCCCCCCCCCCC(C)C,905.5279999999991,905.5279999999992,1.1368683772161603e-13,31.046794891357422,30.577191591262817,6.0,1,0,0,,"(0, 6.0, 30.577191591262817, 1)",
21918,[H][C@](COC(=O)CCCCCCCCCCCCC)(COC(=O)CCCCC\C=C/C\C=C/C\C=C/C\C=C/CCCCC)OC(=O)CCCCCCCCCCCCCCCCC,[H][C@](COC(=O)CCCCCCCCCCCCCCCCCCC)(COC(=O)CCC\C=C/C\C=C/C\C=C/CCCCCCCC)OC(=O)CCCCCCC\C=C/CCCC,883.436999999999,883.4369999999992,2.2737367544323206e-13,38.27059006690979,37.79853105545044,7.999999999999902,1,0,0,,"(0, 7.999999999999902, 37.79853105545044, 1)",
22549,CCCCCCCC\C=C/C\C=C/C\C=C/CCCC(=O)O[C@H](COC(=O)CCC\C=C/C[C@@H]1[C@@H](\C=C\[C@@H](O)CCCCC)[C@H](O)CC1=O)COP(O)(=O)OC[C@@H](O)CO,[H][C@](COC(=O)CCCCCCC\C=C/C\C=C/C\C=C/CC)(COC(=O)CCCC\C=C/C\C=C/C\C=C/C\C=C/CC)OC(=O)CCCC\C=C/C\C=C/C\C=C/C\C=C/CC,869.0830000000003,869.3249999999998,0.24199999999950705,0.701000452041626,0.26599979400634766,30.0,4,0,0,,"(0, 30.0, 0.26599979400634766, 4)",
23012,CCCCCCCCCCCCCCC(=O)OC[C@H](COP([O-])(=O)OCC[N+](C)(C)C)OC(=O)CCC\C=C/C[C@H]1[C@@H](O)CC(O)O[C@@H]1\C=C\[C@@H](O)CCCCC,[H][C@@](COP([O-])(=O)OCC[N+](C)(C)C)(NC(=O)CC\C=C/C\C=C/C[C@@H](O)\C=C\C=C/C=C/[C@@H](O)C\C=C/CC)[C@H](O)\C=C\CCCCCCCCCCCCCCC,834.0819999999999,835.1609999999991,1.0789999999992688,0.6906306743621826,0.2546651363372803,21.0,4,0,0,,"(0, 21.0, 0.2546651363372803, 4)",
24511,[H][C@](COC(=O)CCCCCCCCCCCCCCCC)(COC(=O)CCCCCCCCC(C)CC)OC(=O)CCCCCCCCCCCCCCCCCCC(C)C,[H][C@@](COC(=O)CCCCCCCCCCCCCCCCC)(COC(=O)CCCCCCCCCCCC(C)C)OC(=O)CCCCCCCCCCCCCCCCCC,863.4469999999992,863.4469999999993,1.1368683772161603e-13,5.9114532470703125,5.458813190460205,4.0000000000000036,1,0,0,,"(0, 4.0000000000000036, 5.458813190460205, 1)",
25314,[H][C@](COC(=O)CCCCCCCCCCCCC)(COC(=O)CCCCCCCCCCCCCCCCCCCCC(C)C)OC(=O)CCCCCCCCCCCCCCC,[H][C@@](COC(=O)CCCCCCCCCCC)(COC(=O)CCCCCCCCCCCCCC(C)C)OC(=O)CCCCCCCCCCCCCCCCCCCCC(C)CC,891.5009999999992,891.5009999999991,1.1368683772161603e-13,31.300029754638672,30.82705855369568,6.0,1,0,0,,"(0, 6.0, 30.82705855369568, 1)",
26080,[H][C@@](COC(=O)CCC\C=C\C\C=C/C[C@H](O)\C=C/C=C\CCCCC)(COP(O)(=O)OC[C@H](N)C(O)=O)OC(=O)CCCC\C=C/C\C=C/C\C=C/CCCCC,[H][C@@](COC(=O)CCCCCCCCCCCCCCCCC(C)CC)(COP(O)(O)=O)OC(=O)CCC\C=C/[C@@H](O)\C=C\C=C/C\C=C/C=C/[C@@H](O)C\C=C/CC,822.0299999999997,823.1020000000001,1.0720000000003438,2.098823308944702,1.6628234386444092,10,2,0,0,,"(0, 10, 1.6628234386444092, 2)",
26288,[H][C@](COC(=O)CCCCCCCCCCCCCCCCCC(C)C)(COC(=O)CCCCCCCCCC(C)C)OC(=O)CCCCCCCCCCC(C)CC,[H][C@](COC(=O)CCCCCCCCCCCCCC)(COC(=O)CCCCCCCCCCCCCCCCC(C)CC)OC(=O)CCCCCCCCCCCC,821.3659999999995,821.3659999999995,0.0,7.959871292114258,7.526876449584961,6.000000000000227,1,0,0,,"(0, 6.000000000000227, 7.526876449584961, 1)",
27110,[H][C@](COC(=O)CCCCCCCCCCCCCCCCCC(C)C)(COC(=O)CCCCCCCCCC(C)C)OC(=O)CCCCCCCCCCCCCCCCCCCCC,[H][C@@](COC(=O)CCCCCCCCCCCC)(COC(=O)CCCCCCCCCCCCCCCCCCCCC(C)CC)OC(=O)CCCCCCCCCCCCCCCCC,919.5549999999989,919.554999999999,1.1368683772161603e-13,39.26877975463867,38.804781675338745,6.0,1,0,0,,"(0, 6.0, 38.804781675338745, 1)",
28432,[H][C@](COC(=O)CCCCCCCCCCCCCCC)(COC(=O)CCCCCCCCCCCC(C)C)OC(=O)CCCCCCCCCCCCCCCC,[H][C@@](COC(=O)CCCCCCCCCCC(C)C)(COC(=O)CCCCCCCCCCC(C)CC)OC(=O)CCCCCCCCCCCCCCCC(C)C,807.3389999999995,807.3389999999995,0.0,4.6458189487457275,4.209712266921997,5.99999999999985,1,0,0,,"(0, 5.99999999999985, 4.209712266921997, 1)",
28777,CC=CCC=CCCCCC(=O)SCCNC(=O)CCNC(=O)C(O)C(C)(C)COP(O)(=O)OP(O)(=O)OCC1OC(C(O)C1OP(O)(O)=O)N1C=NC2=C1N=CN=C2N,[H][C@@](COC(=O)CCCCCCCCCCCCCCC)(COP(O)(=O)O[C@H]1C(O)C(O)C(O)[C@@H](OP(O)(O)=O)C1O)OC(=O)CCCCCCC\C=C/CC1OC1CCCCC,931.7890000000003,931.0439999999995,0.7450000000008004,0.6825997829437256,0.252000093460083,51.0,4,0,0,,"(0, 51.0, 0.252000093460083, 4)",
29874,[H][C@@](COC(=O)CCCC(O)C(O)C\C=C/C\C=C/C\C=C/CCCCC)(COP(O)(=O)OCCN)OC(=O)CCCCCC\C=C/C\C=C/C\C=C/C\C=C/CC,[H][C@](COC(=O)CCCCCCCCCCCCCC)(COC(=O)CCCCCCCCCCCCCCCCC(C)C)OC(=O)CCCCCCCCCCC(C)C,822.0739999999997,821.3659999999996,0.7080000000000837,0.6889984607696533,0.259000301361084,24.0,4,0,0,,"(0, 24.0, 0.259000301361084, 4)",
30504,[H][C@@](COC(=O)CCCCCCC)(COC(=O)CCCCCCCCCCCCCCCCCCCCC)OC(=O)CCCCCCCCCCCCCCCCCC(C)C,[H][C@@](COC(=O)CCCC1OC1C\C=C/C\C=C/C\C=C/CCCCC)(COP([O-])(=O)OCC[N+](C)(C)C)OC(=O)CCC\C=C/C\C=C/C\C=C/CCCCCCCC,849.4199999999995,848.1559999999995,1.26400000000001,0.6909904479980469,0.2580275535583496,27.0,4,0,0,,"(0, 27.0, 0.2580275535583496, 4)",
32572,[H][C@](COC(=O)CCCCCCCCCCCCCCCC)(COC(=O)CCCCCCCCCCCCCCCCCCCCC(C)CC)OC(=O)CCCCCCCCCCCCCCCC(C)C,[H][C@@](COC(=O)CCCCCCCCCCC\C=C/C\C=C/CCCCC)(COC(=O)CCCC\C=C/C\C=C/C\C=C/CCCCC)OC(=O)CCCCCCCCCCC\C=C/C\C=C/CCCCC,989.6899999999988,989.604999999999,0.084999999999809,23.86211895942688,23.39712119102478,10,2,0,0,,"(0, 10, 23.39712119102478, 2)",
33291,CCCCCCCCCCCCCCCCCCCCC(=O)OC[C@@H](COC(=O)CCCCCCCCCCCCCCC(C)C)OC(=O)CCCCCCCCCCCCC(C)CC,[H][C@](COC(=O)CCCCCCCCCCCCCCCCCC(C)C)(COC(=O)CCCCCCCCCC(C)C)OC(=O)CCCCCCCCCCCCCCCCCCC(C)C,919.554999999999,919.554999999999,0.0,9.235003232955933,8.766971349716187,6.000000000000004,1,0,0,,"(0, 6.000000000000004, 8.766971349716187, 1)",
34298,[H][C@@](COC(=O)CCCCCCCCCCCCCCC)(COC(=O)CCCCCCCCCCCCCCCCCC(C)C)OC(=O)CCCCCCCCCCC(C)C,[H][C@@](COC(=O)CCCCCCCCCCCCCCCCCC(C)C)(COC(=O)CCCCCCCCCCC(C)CC)OC(=O)CCCCCCCCCCCC(C)C,849.4199999999995,849.4199999999994,1.1368683772161603e-13,60,,,,1,0,,,Exceeded 60 seconds
35595,[H][C@](O)(CO)COP(O)(=O)OC[C@@]([H])(COC(=O)CCCCCC\C=C/C\C=C/C\C=C/C\C=C/CC)OC(=O)CCC[C@@H](O)\C=C/C=C/C=C/[C@@H](O)C\C=C/CCCCC,CCCCC[C@H](O)\C=C\[C@H]1OC(O)C[C@H](O)[C@@H]1C\C=C/CCCC(=O)O[C@H](COC(=O)CCCCCCCCCCCCCC(C)C)COP(O)(=O)OC[C@@H](O)CO,851.0680000000001,851.065,0.0030000000000427463,0.6945114135742188,0.25699853897094727,14.0,4,0,0,,"(0, 14.0, 0.25699853897094727, 4)",
36157,[H][C@](COC(=O)CCCCCCCCCCCCCCCCCCC)(COC(=O)CCCCCCCCCCCCCCCCCCCCC)OC(=O)CCCCCCCCCC(C)C,[H][C@](COC(=O)CCCCCCCCCCCCC)(COC(=O)CCCCCCCCCCCCCCCC(C)C)OC(=O)CCCCCCCCCCCCCCCCCCCCC,905.5279999999991,905.5279999999991,0.0,50.409966468811035,49.94845104217529,6.0,1,0,0,,"(0, 6.0, 49.94845104217529, 1)",
36524,[H][C@@](COC(=O)CCC\C=C/C\C=C/C\C=C/C\C=C/CCCCC)(COP([O-])(=O)OCC[N+](C)(C)C)OC(=O)CCC\C=C/C\C=C/C\C=C/C\C=C/CC[C@H](O)CC,[H][C@@](COC(=O)CCCCCC\C=C/C\C=C/C\C=C/CCCCC)(COP([O-])(=O)OCC[N+](C)(C)C)OC(=O)CCC\C=C/C\C=C/C\C=C/C=C/C(=O)CCCCC,846.1399999999999,846.1399999999998,1.1368683772161603e-13,2.1644446849823,1.7314422130584717,5.999999999999911,1,0,0,,"(0, 5.999999999999911, 1.7314422130584717, 1)",
38414,[H][C@@](COC(=O)CCCCCCCCCCCCCCCC)(COC(=O)CCCCCCCCCCCCCCCC(C)C)OC(=O)CCCCCCCCCCCCC(C)C,[H][C@@](COC(=O)CCC\C=C/C\C=C/C=C/C(O)C\C=C/C\C=C/CC)(COP([O-])(=O)OCC[N+](C)(C)C)OC(=O)CCCCCCCCC1=C(C)C(C)=C(CCCCC)O1,863.4469999999994,862.1389999999993,1.3080000000001064,0.6836321353912354,0.25499749183654785,30.5,4,0,0,,"(0, 30.5, 0.25499749183654785, 4)",
38857,[H][C@@](COC(=O)CCCCCCC\C=C\C=C\C(O)C\C=C\CC)(COP(O)(=O)OC[C@H](N)C(O)=O)OC(=O)CCCCC\C=C/C\C=C/C\C=C/C\C=C/C\C=C/CC,[H][C@](COC(=O)CCCCCCCCCCCCCC(C)C)(COC(=O)CCCCCCCCCCCCC(C)CC)OC(=O)CCCCCCCCCCCCC(C)CC,848.0679999999996,849.4199999999994,1.351999999999748,0.6890950202941895,0.2579989433288574,25.0,4,0,0,,"(0, 25.0, 0.2579989433288574, 4)",
39181,CCCCC[C@H](O)\C=C\[C@@H]1[C@@H](O)[C@@H](O)[C@H]2OP(O)(=O)OC[C@@H](COC(=O)CC\C=C/C\C=C/C\C=C/C\C=C/C\C=C/C\C=C/CC)OC(=O)CCC\C=C/C[C@@H]([C@@H](O)CC1=O)[C@@H](O)[C@H](O)[C@H]2O,[H][C@@](COCCCCCCCCCCCCCCCCCC)(COC(=O)CCCCCCCCCCCCC\C=C/CCCCCCCC)OC(=O)CCC\C=C/C\C=C/C\C=C/C\C=C/CCCCC,979.1510000000001,979.6539999999993,0.5029999999992469,0.6986682415008545,0.267669677734375,33.0,4,0,0,,"(0, 33.0, 0.267669677734375, 4)",
39576,[H][C@](COC(=O)CCCCCCCCCCCCCCCCCCCC)(COC(=O)CCCCCCCCCCCCCCC(C)C)OC(=O)CCCCCCCCCCCCC,[H][C@@](COC(=O)CCCCCCCCCCCCCCCCCCC)(COC(=O)CCCCCCCCCCCCC(C)C)OC(=O)CCCCCCCCCCCCCC(C)C,877.4739999999993,877.4739999999994,1.1368683772161603e-13,6.262204170227051,5.827624320983887,3.999999999999901,1,0,0,,"(0, 3.999999999999901, 5.827624320983887, 1)",
40251,[H][C@](COC(=O)CCCCCCCCCCCCCCCCCCCC)(COC(=O)CCCCCCCCCC(C)C)OC(=O)CCCCCCCCCCCCCC(C)C,[H][C@](COC(=O)CCCCCCCCCCCCCCC(C)C)(COC(=O)CCCCCCCCCCCCC(C)C)OC(=O)CCCCCCCCCCCCCC(C)C,849.4199999999995,849.4199999999994,1.1368683772161603e-13,60,,,,1,0,,,Exceeded 60 seconds
40648,[H][C@](O)(COP(O)(O)=O)COP(O)(=O)OC[C@@]([H])(COC(=O)CCC\C=C/C\C=C/C\C=C/C\C=C/[C@@H](O)CCCC)OC(=O)CCCCCCCCC\C=C/C\C=C/CCCCC,[H][C@](O)(COP(O)(O)=O)COP(O)(=O)OC[C@@]([H])(COC(=O)CCCCCCCCCCCCCCCCC)OC(=O)CC\C=C/C\C=C/C\C=C/C\C=C/CC1OC1C\C=C/CC,919.0799999999992,919.0799999999998,5.684341886080801e-13,3.071383476257324,2.6373589038848877,10,2,0,0,,"(0, 10, 2.6373589038848877, 2)",
40818,[H][C@](COC(=O)CCCCCCCCCCCCCCC)(COC(=O)CCCCCCCCCCCCCCC(C)C)OC(=O)CCCCCCCCCCCCCCCCCC(C)C,[H][C@](COC(=O)CCCCCCCCCCCCCC)(COC(=O)CCCCCCCCCCCCCCCCCC)OC(=O)CCCCCCCCCCCCCCCCCC(C)C,905.5279999999992,905.5279999999991,1.1368683772161603e-13,4.440332889556885,4.008335590362549,2.0000000000000657,1,0,0,,"(0, 2.0000000000000657, 4.008335590362549, 1)",
41289,[H][C@@](COC(=O)CCCCCCCCCCCCCCCCCCCC)(COC(=O)CCCCCCCCCCCCC(C)CC)OC(=O)CCCCCCCCCCCCCC,[H][C@@](COC(=O)CCCCCCCCCCCCCCCCCCC(C)C)(COC(=O)CCCCCCCCCCCCC(C)C)OC(=O)CCCCCCCCCCC(C)CC,877.4739999999993,877.4739999999993,0.0,3.7721939086914062,3.3386011123657227,4.000000000000086,1,0,0,,"(0, 4.000000000000086, 3.3386011123657227, 1)",
41507,[H][C@@](COC(=O)CCC\C=C/CC1OC1C\C=C/C\C=C/CCCCC)(COP(O)(=O)OP(O)(=O)OC[C@H]1O[C@H]([C@H](O)[C@@H]1O)N1C=CC(N)=NC1=O)OC(=O)CCCCCCCCC(C)CC,[H][C@@](COC(=O)CCCCCCCCCCCCCCCCCCCC)(COC(=O)CCCCCCCCCCCCCCCC(C)C)OC(=O)CCCCCCCCCCCCCCCCCCC,976.0479999999995,975.6629999999988,0.3850000000007867,0.6960000991821289,0.26600027084350586,49.0,4,0,0,,"(0, 49.0, 0.26600027084350586, 4)",
41719,[H][C@](COC(=O)CCCCCCCCCCCCCCCCCCCC)(COC(=O)CCCCCCCCCCCCCCCCC(C)C)OC(=O)CCCCCCC,[H][C@@](COC(=O)CCCCCCCCCCCCCCCC)(COC(=O)CCCCCCCCCCCC(C)C)OC(=O)CCCCCCCCCCCCCC(C)C,821.3659999999995,821.3659999999996,1.1368683772161603e-13,40.85102152824402,40.38642644882202,5.999999999997876,1,0,0,,"(0, 5.999999999997876, 40.38642644882202, 1)",
42724,[H][C@](COC(=O)CCCCCCCCCCC)(COC(=O)CCCCCCCCCCCCCCCCCCCCC)OC(=O)CCCCCCCCCCCCC,[H][C@@](COC(=O)CC\C=C/C\C=C/C[C@H](O)\C=C\C=C/C=C/[C@H](O)C\C=C/CC)(COP(O)(=O)OCCN)O\C=C\CCCCCCCC\C=C/CCCCCC,807.3389999999995,806.0749999999992,1.2640000000002374,0.6896030902862549,0.2569997310638428,25.0,4,0,0,,"(0, 25.0, 0.2569997310638428, 4)",
42727,[H][C@](COC(=O)CCCCCCCCCCCCCCC)(COC(=O)CCCCCCCCCCCCCCCC(C)C)OC(=O)CCCCCCCCCCCC,[H][C@](COC(=O)CCCCCCCCCCCCCCCC)(COC(=O)CCCCCCCCCCCCCCCCCCCC)OC(=O)CCCCCCCCC,807.3389999999996,807.3389999999995,1.1368683772161603e-13,3.9260261058807373,3.4890248775482178,4.000000000000005,1,0,0,,"(0, 4.000000000000005, 3.4890248775482178, 1)",
43184,[H][C@@](COCCCCCCCCCCCCCCCCCC)(COC(=O)CCCCCCCCC\C=C/CCCCCC)OC(=O)CCC\C=C/C\C=C/C\C=C/C\C=C/CCCCC,[H][C@](N)(COP(O)(=O)OC[C@@]([H])(COC(=O)CCCCCCCCCCCCCCCCCCCCC)OC(=O)CCCCC\C=C/C\C=C/C\C=C/C\C=C/CCCCC)C(O)=O,895.4919999999995,896.241,0.7490000000004784,0.6935949325561523,0.2630002498626709,20.0,4,0,0,,"(0, 20.0, 0.2630002498626709, 4)",
43917,[H][C@@](COC(=O)CCCCCCCCC1=C(C)C(C)=C(CCCCC)O1)(COP(O)(=O)OCCN)OC(=O)CCC\C=C/C\C=C/C\C=C/C\C=C/[C@H](O)CCCC,[H][C@@](COC(=O)CCCCCCCCCCCCCCC)(COC(=O)CCCCCCCCCCC(C)CC)OC(=O)CCCCCCCCCCCCCCCCC,822.0739999999998,821.3659999999993,0.7080000000005384,0.6895990371704102,0.2579994201660156,24.5,4,0,0,,"(0, 24.5, 0.2579994201660156, 4)",
44130,[H][C@@](COC(=O)CCCCCCCCCCCCC(C)C)(COC(=O)CCCCCCCCCC(C)C)OC(=O)CCCCCCCCCCCCCCCCC(C)CC,[H][C@](COC(=O)CCCCCCCCCCCCCCC)(COC(=O)CCCCCCCCCCCCCCCC(C)C)OC(=O)CCCCCCCCCCC(C)CC,835.3929999999992,835.3929999999996,3.410605131648481e-13,60,,,,1,0,,,Exceeded 60 seconds
45494,[H][C@](COC(=O)CCCCCCCCCCCCC)(COC(=O)CCCCCC\C=C/C\C=C/C\C=C/CCCCC)OC(=O)CCCCCCCCC\C=C/C\C=C/CCCCC,[H][C@@](COC(=O)CCC\C=C/C\C=C/C\C=C/C\C=C/C=C/[C@@H](O)CC)(COP(O)(=O)OC[C@H](N)C(O)=O)OC(=O)CCCCCCCCCCC\C=C/CCCCCCCC,881.4209999999991,880.1539999999991,1.2670000000000528,0.6995894908905029,0.26399946212768555,19.0,4,0,0,,"(0, 19.0, 0.26399946212768555, 4)",
46648,[H][C@](O)(CO)COP(O)(=O)OC[C@@]([H])(COC(=O)CCCCCCC\C=C/CCCCCCCC)OC(=O)CCCC(=O)\C=C\C=C/C\C=C/C\C=C/CCCCC,[H][C@@](COC(=O)CCC\C=C/C\C=C/CC1OC1C\C=C/CCCCC)(COP(O)(=O)OCCN)OC(=O)CCCCCCCCCCCCCCCCCCC,811.047,812.1229999999991,1.0759999999991123,2.261997699737549,1.8279609680175781,10,2,0,0,,"(0, 10, 1.8279609680175781, 2)",
47236,[H][C@](COC(=O)CCCCCCCCCCCCCCCCCC)(COC(=O)CCCCCCCCCCCCCCCC(C)C)OC(=O)CCCCCCCCCCCCCCC(C)C,[H][C@@](COC(=O)CCCCCCCCCCCCCCCC)(COC(=O)CCCCCCCCCCCCCCCCCCC(C)C)OC(=O)CCCCCCCCCCCCCC(C)C,919.5549999999992,919.5549999999992,0.0,60,,,,1,0,,,Exceeded 60 seconds
48383,[H][C@](COC(=O)CCCCCCC\C=C/CCCCCCCC)(COC(=O)CCCC\C=C/C\C=C/C\C=C/C\C=C/CC)OC(=O)CCCCCCC\C=C/C\C=C/CCCCC,[H][C@@](COC(=O)CCCCCCCCCCC\C=C/C\C=C/CCCCC)(COP([O-])(=O)OCC[N+](C)(C)C)OC(=O)CCC\C=C/C\C=C/C\C=C/C=C/[C@@H](O)CCCCC,877.3889999999996,878.2259999999998,0.8370000000002165,0.7091147899627686,0.27460169792175293,23.0,4,0,0,,"(0, 23.0, 0.27460169792175293, 4)",
48534,[H][C@@](COC(=O)CCCCCCCCCCCCCCCCC)(COC(=O)CCCCCCCCCCCCCCCCCCCC)OC(=O)CCCCCCCCCCCCCCCCC(C)CC,CCCCC[C@H](O)\C=C\[C@H]1[C@H](O)C[C@H](O)[C@@H]1CCCCCCC(=O)O[C@H](COC(=O)CCCCC\C=C/C\C=C/C\C=C/C\C=C/C\C=C/CC)COP(O)(=O)OC[C@@H](O)COP(O)(O)=O,975.6629999999988,977.1160000000004,1.4530000000016798,0.7035996913909912,0.265639066696167,38.0,4,0,0,,"(0, 38.0, 0.265639066696167, 4)",
48787,[H][C@@](COC(=O)CCCCCCCCCCCCCCCCCCCC)(COC(=O)CCCCCCCCCCC(C)C)OC(=O)CCCCCCCCCCCCCCC(C)C,[H][C@@](COC(=O)CCCCCCCCCCCCCCCCCC)(COC(=O)CCCCCCCCCCCCCCCCCCCC)OC(=O)CCCCCCCCC(C)CC,877.4739999999994,877.4739999999993,1.1368683772161603e-13,25.35422921180725,24.89723038673401,6.0,1,0,0,,"(0, 6.0, 24.89723038673401, 1)",
49512,[H][C@@](COCCCCCCCCCCCCCCCCCC)(COC(=O)CCCCCC\C=C/C\C=C/C\C=C/C\C=C/CC)OC(=O)CCCCCCCCCCCCC,CCCCCCCCCCCCCCCCCCCC(=O)OC[C@]([H])(COP([O-])(=O)OCC[N+](C)(C)C)OC(=O)CCC\C=C/C\C=C/C\C=C/CCCCCCCC,841.3999999999994,840.2209999999994,1.1789999999999736,0.6895873546600342,0.2580602169036865,21.0,4,0,0,,"(0, 21.0, 0.2580602169036865, 4)",
50563,[H][C@](COC(=O)CCCCCCCCCCCCCCCCC)(COC(=O)CCCCCCCCCCCCCCCCCCCCC(C)CC)OC(=O)CCCCCCCCCCCC(C)C,[H][C@@](COC(=O)CCC\C=C/C\C=C/C\C=C/C=C/C(=O)CCCCC)(COP(O)(=O)O[C@H]1C(O)C(O)C(O)[C@@H](OP(O)(O)=O)C1O)OC(=O)CCCCCCC\C=C/C\C=C/CCC,947.608999999999,949.018,1.409000000001015,0.6970012187957764,0.2649998664855957,39.0,4,0,0,,"(0, 39.0, 0.2649998664855957, 4)",
51891,[H][C@@](COC(=O)CCCCCCCCCCCCCC)(COC(=O)CCCCCCCCCCCCCCCCC)OC(=O)CCCCCCCCCCC(C)CC,[H][C@@](COC(=O)CCCCCCC)(COC(=O)CCCCCCCCCCCCCCCCCCCCC)OC(=O)CCCCCCCCCCCCCCC(C)C,807.3389999999996,807.3389999999997,1.1368683772161603e-13,23.545539140701294,23.080371141433716,6.0,1,0,0,,"(0, 6.0, 23.080371141433716, 1)",
53002,[H][C@](COC(=O)CCCCCCCCCCCCCCCCCC)(COC(=O)CCCCCCCCCCCCCCCCCCCCC(C)CC)OC(=O)CCCCCCCCCCCCCCC,[H][C@@](COC(=O)CCCCCCCCCCCCCCCCCCCCC)(COC(=O)CCCCCCCCCCCCCCC(C)C)OC(=O)CCCCCCCCCCCCCCCCC(C)C,975.6629999999988,975.6629999999989,1.1368683772161603e-13,60,,,,1,0,,,Exceeded 60 seconds
55329,CC1C2C(CC3C4CCC5CC(CCC5(C)C4CCC23C)OC2OC(CO)C(OC3OC(CO)C(O)C(OC4OCC(O)C(O)C4O)C3O)C(O)C2O)OC11CCC(C)CO1,CCCCC[C@@H](O)\C=C\[C@H]1[C@H](O)C[C@H](O)[C@H]1C\C=C/CC(=O)OC[C@H](COP(O)(=O)OC[C@@H](O)COP(O)(O)=O)OC(=O)CCCCCCCCCCCCC(C)C,873.0430000000005,872.9639999999996,0.07900000000086038,0.6925992965698242,0.2575993537902832,33.0,4,0,0,,"(0, 33.0, 0.2575993537902832, 4)",
55349,[H][C@@](COC(=O)CCCCCCCCCCCCC)(COC(=O)CCCCCCCCCCCCCCCCCCCC)OC(=O)CCCCCCCCCCCCC(C)C,[H][C@@](COC(=O)CCC\C=C/C\C=C/C\C=C/C\C=C/C=C/[C@@H](O)CC)(COP(O)(=O)OC[C@H](N)C(O)=O)OC(=O)CCCCCC\C=C/C\C=C/C\C=C/CCCCC,849.4199999999994,848.0679999999995,1.3519999999998618,0.6936192512512207,0.2589991092681885,25.0,4,0,0,,"(0, 25.0, 0.2589991092681885, 4)",
56057,[H][C@](N)(COP(O)(=O)OC[C@@]([H])(COC(=O)CCCCCCCCC\C=C/C\C=C/CCCCC)OC(=O)CCCCC\C=C/C\C=C/C\C=C/C\C=C/CCCCC)C(O)=O,[H][C@@](COC(=O)CCCCCCCCCCCCCCC)(COP(O)(=O)O[C@H]1C(O)C(O)C(O)[C@@H](O)C1O)OC(=O)CCCCCCCCC\C=C/C\C=C/CCCCC,864.1549999999997,863.1199999999992,1.0350000000005366,0.6905918121337891,0.25600266456604004,14.0,4,0,0,,"(0, 14.0, 0.25600266456604004, 4)",
56992,[H][C@](COC(=O)CCCCCCCCCCCC)(COC(=O)CCCCCCCCCCCCCCCCC(C)C)OC(=O)CCCCCCCCCCCCCCC,[H][C@@](COC(=O)CCCCCCCC(=O)\C=C\C=C/CCCCC)(COP([O-])(=O)OCC[N+](C)(C)C)OC(=O)CCC\C=C/C\C=C/C\C=C/CCCCCCCC,821.3659999999995,822.1179999999996,0.7520000000000664,0.6885871887207031,0.2569997310638428,26.0,4,0,0,,"(0, 26.0, 0.2569997310638428, 4)",
57158,[H][C@@](COC(=O)CCCCCCCCCC(C)C)(COP(O)(=O)OP(O)(=O)OC[C@H]1O[C@H]([C@H](O)[C@@H]1O)N1C=CC(N)=NC1=O)OC(=O)CCC[C@@H](O)\C=C\C=C/C\C=C/C\C=C/CCCCC,[H][C@](COC(=O)CCCCC\C=C/C\C=C/C\C=C/C\C=C/CCCCC)(COC(=O)CC\C=C/C\C=C/C\C=C/C\C=C/C\C=C/C\C=C/CC)OC(=O)CCCC\C=C/C\C=C/C\C=C/C\C=C/CC,976.0479999999994,975.4929999999997,0.5549999999997226,0.7045836448669434,0.2745847702026367,56.5,4,0,0,,"(0, 56.5, 0.2745847702026367, 4)",
57311,[H][C@](O)(CO)COP(O)(=O)OC[C@@]([H])(COC(=O)CCC[C@@H](O)\C=C\C=C/C\C=C/C=C/[C@@H](O)CCCCC)OC(=O)CCCCCCC\C=C/C=C\CCCCCC,[H][C@](COC(=O)CCCCCCC\C=C/CCCC)(COC(=O)CCCCCCC\C=C/CCCCCCCC)OC(=O)CCCCCCC\C=C/C\C=C/CCCCC,827.0459999999994,827.3289999999996,0.28300000000024284,0.6851925849914551,0.25758886337280273,22.0,4,0,0,,"(0, 22.0, 0.25758886337280273, 4)",
57775,[H][C@@](COC(=O)CCCCCCCCCCCC(C)C)(COC(=O)CCCCCCCCCCC(C)C)OC(=O)CCCCCCCCCCCCCCCCCCCC,[H][C@](COC(=O)CCCCCCCCCCCCCCCC)(COC(=O)CCCCCCCCCCCCCCCCCCC)OC(=O)CCCCCCCCC(C)CC,835.3929999999991,835.3929999999995,3.410605131648481e-13,6.145758867263794,5.716044187545776,5.999999999999804,1,0,0,,"(0, 5.999999999999804, 5.716044187545776, 1)",
58609,[H]C1=C(CCCCC)OC(CCCCCCCCCCCCC(=O)OC(COC(=O)CCCCCCCCC2=C(C)C([H])=C(CCCCC)O2)COP(O)(=O)OCC[N+](C)(C)C)=C1C,[H][C@@](COC(=O)CCCCCCCCCCCCC1=C(C)C(C)=C(CCCCC)O1)(COP([O-])(=O)OCC[N+](C)(C)C)OC(=O)CCCCCCCC(O)\C=C\C=C\C\C=C\CC,895.2329999999998,894.2249999999995,1.0080000000003793,3.1407575607299805,2.698721170425415,10,2,0,0,,"(0, 10, 2.698721170425415, 2)",
58813,[H][C@@](COC(=O)CCCCCCCCCCC\C=C/C\C=C/CCCCC)(COP(O)(=O)OCCN)OC(=O)CCCCCCCC(=O)\C=C\C=C/CCCCC,[H][C@@](COC(=O)CCCCCCCCCCCCCC)(COP(O)(=O)OC[C@H](N)C(O)=O)OC(=O)CCC(O)\C=C/C=C\C\C=C/C\C=C/C\C=C/C\C=C/CC,810.1069999999995,810.0189999999999,0.08799999999962438,2.5057897567749023,2.0727572441101074,10,2,0,0,,"(0, 10, 2.0727572441101074, 2)",
59520,[H][C@](COC(=O)CCCCCCCCCCCCCCCCCC(C)C)(COC(=O)CCCCCCCCCCC(C)CC)OC(=O)CCCCCCCCCCCCCCCCCCC,[H][C@@](COC(=O)CCC[C@H](O)[C@@H](O)C\C=C/C\C=C/C\C=C/C\C=C/CC)(COP(O)(=O)O[C@H]1[C@H](O)[C@@H](O)[C@H](O)[C@@H](O)[C@H]1O)OC(=O)CCCCCCCCCCCCCCCCC,919.5549999999989,919.1399999999994,0.4149999999995089,0.6940000057220459,0.26200270652770996,30.0,4,0,0,,"(0, 30.0, 0.26200270652770996, 4)",
60002,[H][C@@](COC(=O)CCCCCCCCCCCC)(COC(=O)CCCCCCCCCCCCCCCCCCCCC)OC(=O)CCCCCCCCCCCCC,CCCCCCCCCCCCCCCC\C=C/OC[C@]([H])(COP([O-])(=O)OCC[N+](C)(C)C)OC(=O)CCCCC\C=C/C\C=C/C\C=C/C\C=C/CCCCC,821.3659999999994,822.2059999999994,0.8400000000000318,0.6840264797210693,0.25702333450317383,25.0,4,0,0,,"(0, 25.0, 0.25702333450317383, 4)",
61417,[H][C@](COC(=O)CCCCCCCCCCCCC)(COC(=O)CCCCCCCCCCC(C)CC)OC(=O)CCCCCCCCCCCCCCCCCCCC,[H][C@@](COC(=O)CCCCCCCCCCCC)(COC(=O)CCCCCCCCCCCCCCCC(C)C)OC(=O)CCCCCCCCCCCCCCCCC,835.3929999999991,835.3929999999995,3.410605131648481e-13,5.458369255065918,5.022771835327148,4.000000000000492,1,0,0,,"(0, 4.000000000000492, 5.022771835327148, 1)",
61530,[H][C@](COC(=O)CCCCCCCCCCCCCCCC(C)C)(COC(=O)CCCCCCCCCCCCC(C)CC)OC(=O)CCCCCCCCCCCC,[H][C@](COC(=O)CCCCCCCCCCCCCCCCC(C)C)(COC(=O)CCCCCCCCCCCCC(C)CC)OC(=O)CCCCCCCCC(C)C,821.3659999999994,821.3659999999995,1.1368683772161603e-13,21.38645076751709,20.91535758972168,5.999999999999997,1,0,0,,"(0, 5.999999999999997, 20.91535758972168, 1)",
62994,[H][C@](COC(=O)CCCCCCC\C=C/CCCCCC)(COC(=O)CCCCCCC\C=C/CCCCCCCC)OC(=O)CCCCC\C=C/C\C=C/C\C=C/C\C=C/C\C=C/CC,[H][C@](O)(COP(O)(O)=O)COP(O)(=O)OC[C@@]([H])(COC(=O)CCCC\C=C/C\C=C/C\C=C/CCCCC)OC(=O)CCC[C@@H](O)\C=C/C=C/C=C/[C@@H](O)C\C=C/CCCCC,905.4429999999996,905.0089999999998,0.4339999999998554,0.6951286792755127,0.2620227336883545,31.0,4,0,0,,"(0, 31.0, 0.2620227336883545, 4)",
63126,[H][C@@](COC(=O)CCC\C=C/C\C=C/C\C=C/C=C/C(=O)CCCCC)(COP(O)(=O)O[C@H]1[C@H](O)[C@@H](O)[C@H](O)[C@@H](O)[C@H]1O)OC(=O)CCCCCCCCC\C=C/CCCCCCCC,[H][C@](COC(=O)CCCCCCC\C=C/CCCC)(COC(=O)CCCCC\C=C/C\C=C/C\C=C/C\C=C/C\C=C/CC)OC(=O)CCCCC\C=C/C\C=C/C\C=C/C\C=C/CCCCC,927.1629999999994,927.4489999999995,0.2860000000000582,0.696995735168457,0.26400184631347656,29.0,4,0,0,,"(0, 29.0, 0.26400184631347656, 4)",
63233,[H][C@](COC(=O)CCCCCCCCCCCCCC)(COC(=O)CCC\C=C/C\C=C/C\C=C/C\C=C/C\C=C/CC)OC(=O)CCCCCCC\C=C/CCCCCC,[H][C@](O)(CO)COP(O)(=O)OC[C@@]([H])(COC(=O)CCC\C=C/C\C=C/C=C/C(O)C\C=C/C\C=C/CC)OC(=O)CCCCCCCCC\C=C/C\C=C/CCCCC,837.3239999999994,837.0849999999992,0.23900000000014643,0.687586784362793,0.2589995861053467,19.0,4,0,0,,"(0, 19.0, 0.2589995861053467, 4)",
63557,[H][C@](COC(=O)CCCCCCCCCCCCC)(COC(=O)CC\C=C/C\C=C/C\C=C/C\C=C/C\C=C/C\C=C/CC)OC(=O)CCCCCCCCCCCCCCCCCCC,[H][C@@](COC(=O)CCC\C=C/C\C=C/C\C=C/C=C/CC(O)\C=C/CC)(COP([O-])(=O)OCC[N+](C)(C)C)OC(=O)CCCCCCCCCCCCCCCCCCCCCCC,907.4589999999989,908.2959999999988,0.8369999999998754,0.6817498207092285,0.2570526599884033,23.0,4,0,0,,"(0, 23.0, 0.2570526599884033, 4)",
63994,[H][C@@](COC(=O)CCCCCCCCC)(COC(=O)CCCCCCCCCCCCCCCCCCCCC(C)CC)OC(=O)CCCCCCCCCCCCCCCCCCCCC(C)C,[H][C@@](COC(=O)CCCCCCCCCCCCCCCCCCC)(COC(=O)CCCCCCCCCCCCCCCCCCCCC(C)CC)OC(=O)CCCCCCCCCCC(C)C,961.6359999999991,961.635999999999,1.1368683772161603e-13,40.30368900299072,39.83605146408081,4.0,1,0,0,,"(0, 4.0, 39.83605146408081, 1)",
64113,CCCCCCCC\C=C/CCCCCCCCCCCC(=O)O[C@]([H])(COC(=O)CCCCCCC\C=C/C\C=C/CCCCC)COP([O-])(=O)OCC[N+](C)(C)C,[H][C@](N)(COP(O)(=O)OC[C@@]([H])(COC(=O)CCCCCCCCCCC\C=C/CCCCCCCC)OC(=O)CCCC\C=C/C\C=C/C\C=C/CCCCC)C(O)=O,840.221,840.133,0.08799999999996544,2.1972076892852783,1.7613060474395752,10.000000000000073,1,0,0,,"(0, 10.000000000000073, 1.7613060474395752, 1)",
64586,[H][C@](COC(=O)CCCCCCCCCCCCCCCCCCCCC(C)C)(COC(=O)CCCCCCCCCCC(C)CC)OC(=O)CCCCCCCCCCC,[H][C@](COC(=O)CCCCCCCCCCCCCCCCCCC)(COC(=O)CCCCCCCCCCCCC(C)C)OC(=O)CCCCCCCCCCC(C)CC,849.4199999999993,849.4199999999995,2.2737367544323206e-13,4.487117052078247,4.05511736869812,4.0000000000001705,1,0,0,,"(0, 4.0000000000001705, 4.05511736869812, 1)",
65065,[H][C@@](COC(=O)CCCCCCCCCCCCCCCCC)(COC(=O)CCCCCCCCCCCC(C)C)OC(=O)CCCCCCCCCCCCCCCCC(C)C,CCCCC[C@H](O)\C=C\[C@@H]1[C@@H](C\C=C/CCCC(=O)O[C@H](COC(=O)CCCCCCCCCCC2=C(C)C(C)=C(CCC)O2)COP([O-])(=O)OCC[N+](C)(C)C)C=CC1=O,877.4739999999994,878.138,0.6640000000006694,0.6930017471313477,0.2600369453430176,31.5,4,0,0,,"(0, 31.5, 0.2600369453430176, 4)",
65124,[H][C@@](COC(=O)CCCCCCCCCCCC)(COC(=O)CCCCCCCCCCCCCCC(C)C)OC(=O)CCCCCCCCCCCCCCCCCC(C)C,[H][C@@](COC(=O)CCCCCCCCCCCCCCCCC(C)CC)(COC(=O)CCCCCCCCCCCCCC(C)C)OC(=O)CCCCCCCCCCC(C)C,863.4469999999993,863.4469999999993,0.0,52.75387120246887,52.292240619659424,5.999999999999851,1,0,0,,"(0, 5.999999999999851, 52.292240619659424, 1)",
65156,[H][C@@](COC(=O)CCCCCCCCCCCCCC)(COC(=O)CCCCCCCCCCCCCCCCCCC)OC(=O)CCCCCCCCCCCC(C)C,[H][C@](COC(=O)CCCCCCCCCCCCCCCC)(COC(=O)CCCCCCCCCCCCC(C)CC)OC(=O)CCCCCCCCCCCCCCC,835.3929999999995,835.3929999999995,0.0,34.30711078643799,33.83452820777893,6.0,1,0,0,,"(0, 6.0, 33.83452820777893, 1)",
66784,[H][C@@](COC(=O)CCC\C=C/C\C=C/C\C=C/C=C/CC(O)\C=C/CC)(COP([O-])(=O)OCC[N+](C)(C)C)OC(=O)CCCCCCC\C=C/C\C=C/CCCCC,[H][C@@](COC(=O)CCCCCCC)(COC(=O)CCCCCCCCCCCCCCCCCCCCC(C)C)OC(=O)CCCCCCCCCCCCCCCC,820.1019999999995,821.3659999999996,1.2640000000001237,0.6916577816009521,0.25863003730773926,28.0,4,0,0,,"(0, 28.0, 0.25863003730773926, 4)",
67093,[H][C@@](COC(=O)CCCCCCCCCCCCCCCCCCCCC(C)CC)(COC(=O)CCCCCCCCCCC(C)C)OC(=O)CCCCCCCCCCCCCCCCCCC,[H][C@@](COC(=O)CCCCCCCCCCCCCCC(C)C)(COC(=O)CCCCCCCCCCCCCC(C)C)OC(=O)CCCCCCCCCCCCCCCCCCCCC(C)C,961.6359999999987,961.6359999999988,1.1368683772161603e-13,13.06063461303711,12.594635009765625,6.0,1,0,0,,"(0, 6.0, 12.594635009765625, 1)",
67901,[H][C@](O)(CO)COP(O)(=O)OC[C@@]([H])(COC(=O)CCCC1OC1C\C=C/C\C=C/C\C=C/CCCCC)OC(=O)CCC\C=C/C\C=C/C\C=C/C\C=C/CCCCC,[H][C@@](COC(=O)CCCCCCCCCCCCCCCCCCCCC(C)C)(COC(=O)CCCCCCCCC(C)C)OC(=O)CCCCCCCCCCCCC,835.0689999999997,835.3929999999993,0.3239999999996144,0.6975913047790527,0.2609992027282715,24.0,4,0,0,,"(0, 24.0, 0.2609992027282715, 4)",
68043,[H][C@@](COC(=O)CCCCCCCCCCCCC)(COC(=O)CCCCCCCCCCCCCCCCCCC(C)C)OC(=O)CCCCCCCCCCCCCCCCCCC(C)C,[H][C@@](COC(=O)CCCCCCCCCCCCCCCCC)(COC(=O)CCCCCCCCCCCCCCCCC(C)CC)OC(=O)CCCCCCCCCCCCCCCCCC,947.608999999999,947.6089999999989,1.1368683772161603e-13,60,,,,1,0,,,Exceeded 60 seconds
68960,[H][C@@](COC(=O)CCCCCCCCCCCCC)(COC(=O)CCCCCCCCCCCCCCC(C)C)OC(=O)CCCCCCCCCCCCCCCCCCC,[H][C@@](COC(=O)CCCCCCCCC1=C(C)C(C)=C(CCCCC)O1)(COP([O-])(=O)OCC[N+](C)(C)C)OC(=O)CCC\C=C\C=C/C(O)C\C=C/C\C=C/CCCCC,863.4469999999993,864.1549999999997,0.7080000000004247,0.7070374488830566,0.26600050926208496,30.5,4,0,0,,"(0, 30.5, 0.26600050926208496, 4)",
68982,CCCCCCCC\C=C/CCCCCCCCCCCC(=O)OC[C@]([H])(COP([O-])(=O)OCC[N+](C)(C)C)OC(=O)CCCCCCCCCCC\C=C/C\C=C/CCCCC,[H][C@](O)(CO)COP(O)(=O)OC[C@@]([H])(COC(=O)CCCCCCCCCCCCCCCCC(C)CC)OC(=O)CC\C=C/C\C=C/C[C@@H](O)\C=C\C=C/C=C/[C@@H](O)C\C=C/CC,896.3289999999992,897.1810000000004,0.852000000001226,0.6939997673034668,0.25800180435180664,12.0,4,0,0,,"(0, 12.0, 0.25800180435180664, 4)",
69765,CCCCCC1=C(C)C(C)=C(CCCCCCCCC(=O)OCC(COP(O)(=O)OCC[N+](C)(C)C)OC(=O)CCCCCCCCCCC2=C(C)C(C)=C(CCC)O2)O1,[H][C@@](COC(=O)CCCCCCCCC1=C(C)C=C(CCCCC)O1)(COP(O)(=O)OCCN(C)C)OC(=O)CCCCCCCCCCC1=C(C)C(C)=C(CCCCC)O1,867.1789999999992,866.1709999999993,1.0079999999999245,2.1685914993286133,1.7335865497589111,3.999999999999961,1,0,0,,"(0, 3.999999999999961, 1.7335865497589111, 1)",
71661,[H][C@@](COC(=O)CCCCCCCCCCCCC1=C(C)C(C)=C(CCCCC)O1)(COP([O-])(=O)OCC[N+](C)(C)C)OC(=O)CCC[C@@H](O)\C=C\C=C/C\C=C/C\C=C/CCCCC,[H][C@@](COC(=O)CCCCCCCCCCCCCCCCC)(COC(=O)CCCCCCCCCCCCCCCCC(C)CC)OC(=O)CCCCCCCCCCCCCC(C)C,920.2629999999995,919.5549999999992,0.708000000000311,0.6931018829345703,0.2620999813079834,29.5,4,0,0,,"(0, 29.5, 0.2620999813079834, 4)",
72604,[H][C@@](COC(=O)CCCCCCCCCCCCCCCC(C)C)(COC(=O)CCCCCCCCCCC(C)C)OC(=O)CCCCCCCCCCCCCCC(C)C,[H][C@](COC(=O)CCCCCCCCCCC)(COC(=O)CCCCCCCCCCCCCCCCCCC(C)C)OC(=O)CCCCCCCCCCCCC(C)CC,849.4199999999994,849.4199999999995,1.1368683772161603e-13,6.269807815551758,5.835780143737793,6.000000000000214,1,0,0,,"(0, 6.000000000000214, 5.835780143737793, 1)",
75066,[H][C@](COC(=O)CCCCCCCCCCC)(COC(=O)CCCCCCCCCCCCCCCCCC(C)C)OC(=O)CCCCCCCCCCCCCCCCCCCCC(C)C,[H][C@](COC(=O)CCCCCCCCCCCCCCCCC)(COC(=O)CCCCCCCCCCCCCCCCC(C)CC)OC(=O)CCCCCCCCCCCCCCCCC,933.5819999999991,933.581999999999,1.1368683772161603e-13,48.51414203643799,48.04811954498291,5.9999999999981,1,0,0,,"(0, 5.9999999999981, 48.04811954498291, 1)",
75760,[H][C@@](COC(=O)CCC\C=C/C\C=C/C\C=C/CC1OC1CCCCC)(COP([O-])(=O)OCC[N+](C)(C)C)OC(=O)CCCCCC\C=C/C\C=C/C\C=C/CCCCC,[H][C@@](COCCCCCCCCCCCCCCCCCC)(COC(=O)CCCCCCCCCCCCC)OC(=O)CCCCCCCCC\C=C/CCCCCCCC,848.1559999999995,847.4479999999994,0.7080000000000837,0.6966016292572021,0.2609977722167969,26.0,4,0,0,,"(0, 26.0, 0.2609977722167969, 4)",
77289,[H][C@@](COC(=O)CCCCCCCCCCCCCC)(COC(=O)CCCCCCCCCCCCCCCCCCCCC)OC(=O)CCCCCCCCCCCCCC(C)C,[H][C@@](COC(=O)CCCCCCCCCCCCC)(COC(=O)CCCCCCCCCCCCCCCCCCCC)OC(=O)CCCCCCCCCCCCCCCC(C)C,891.5009999999992,891.5009999999992,0.0,60,,,,1,0,,,Exceeded 60 seconds
78048,[H][C@](O)(COP(O)(O)=O)COP(O)(=O)OC[C@@]([H])(COC(=O)CCCCCCCCCCCCCCCCC(C)CC)OC(=O)CCC\C=C/C\C=C/C\C=C/CC1OC1CCCCC,CC(CCC(O)=O)CC(C)C(=O)SCCNC(=O)CCNC(=O)C(O)C(C)(C)COP(O)(=O)OP(O)(=O)OCC1OC(C(O)C1OP(O)(O)=O)N1C=NC2=C1N=CN=C2N,937.1389999999996,937.7490000000004,0.6100000000008095,0.7466013431549072,0.27159976959228516,56.5,4,0,0,,"(0, 56.5, 0.27159976959228516, 4)",
78279,[H][C@@](COC(=O)CCCCCCCCCCC1=C(C)C(C)=C(CCC)O1)(COP(O)(=O)OCCN)OC(=O)CCC\C=C/C\C=C/C\C=C/CC1OC1CCCCC,[H][C@](O)(CO)COP(O)(=O)OC[C@@]([H])(COC(=O)CCC\C=C/C\C=C/C\C=C/C\C=C/CCCCC)OC(=O)CCC\C=C/C\C=C/C\C=C/CCCCCCCC,822.0739999999996,821.0859999999997,0.9879999999999427,0.735727071762085,0.2669999599456787,11.5,4,0,0,,"(0, 11.5, 0.2669999599456787, 4)",
78357,[H][C@](COC(=O)CCCCCCCCCCCCCCCCCCCCC(C)C)(COC(=O)CCCCCCCCCCCC(C)C)OC(=O)CCCCCCCCCCCCC,[H][C@](COC(=O)CCCCCCCCCCCCCCCCCC)(COC(=O)CCCCCCCCC(C)CC)OC(=O)CCCCCCCCCCCCCCCCCC(C)C,877.4739999999991,877.4739999999993,1.1368683772161603e-13,5.629457235336304,5.164457082748413,4.000000000000172,1,0,0,,"(0, 4.000000000000172, 5.164457082748413, 1)",
80626,CCCCC\C=C/C\C=C/C\C=C/C\C=C/CCCCCC(=O)O[C@H](COC(=O)CCC\C=C/C[C@H]1C=CC(=O)[C@@H]1\C=C\[C@@H](O)CCCCC)COP(O)(O)=O,CCCCC[C@H](O)\C=C\[C@@H]1[C@@H](CCCCCCC(=O)O[C@H](COC(=O)CCCCCCCCCCCCCCCCC(C)C)COP(O)(O)=O)[C@@H](O)CC1=O,803.0270000000004,803.0680000000003,0.04099999999993997,2.6142077445983887,2.1436197757720947,10,2,0,0,,"(0, 10, 2.1436197757720947, 2)",
81508,[H][C@@](COC(=O)CCCCCCCCCCCCCCCCCCCCC(C)C)(COC(=O)CCCCCCCCCCCCC(C)CC)OC(=O)CCCCCCCCCCCCCCCCC(C)C,[H][C@](COC(=O)CCCCCCCCCCCCCCCCCCCCC(C)CC)(COC(=O)CCCCCCCCCCCCCCCCCC(C)C)OC(=O)CCCCCCCCCCC(C)CC,989.6899999999987,989.6899999999987,0.0,60,,,,1,0,,,Exceeded 60 seconds
81538,[H][C@@](COC(=O)CCCCCCCCCCCCC)(COC(=O)CCCCCCCCCCCCC(C)CC)OC(=O)CCCCCCCCCCCCCCC(C)C,[H][C@@](COC(=O)CCCCCCCCCCC\C=C/C\C=C/CCCCC)(COP(O)(=O)OCCN)OC(=O)CCCCCC\C=C/C\C=C/C\C=C/CCCCC,821.3659999999994,822.1619999999995,0.7960000000000491,0.6856014728546143,0.2550008296966553,18.0,4,0,0,,"(0, 18.0, 0.2550008296966553, 4)",
82646,[H][C@@](COC(=O)CCCCCC\C=C/C\C=C/C\C=C/C\C=C/CC)(COP(O)(=O)OCCN)OC(=O)CCC\C=C\C=C/C(O)C\C=C/C\C=C/CCCCC,[H][C@@](COC(=O)CCCCCC\C=C/C\C=C/C\C=C/CCCCC)(COP(O)(=O)OCCN)OC(=O)CCC\C=C/C\C=C/C\C=C/C=C/C(=O)CCCCC,804.0589999999999,804.0589999999999,0.0,2.3076701164245605,1.8376705646514893,7.999999999999977,1,0,0,,"(0, 7.999999999999977, 1.8376705646514893, 1)",
82647,[H][C@@](COC(=O)CC\C=C/C\C=C/C\C=C/C\C=C/C\C=C/CCCCC)(COP(O)(=O)OC[C@H](N)C(O)=O)OC(=O)CCC\C=C/C\C=C/C\C=C/CC1OC1CCCCC,[H][C@@](COCCCCCCCCCCCCCCCCCC)(COC(=O)CCCCCCC\C=C/CCCCCCCC)OC(=O)CCCCCCCCC\C=C/CCCCCC,874.1059999999999,873.4859999999992,0.6200000000006867,0.7021927833557129,0.25858044624328613,26.0,4,0,0,,"(0, 26.0, 0.25858044624328613, 4)",
83609,[H][C@](COC(=O)CCCCCCCCCCCCC)(COC(=O)CCCCC\C=C/C\C=C/C\C=C/C\C=C/C\C=C/CC)OC(=O)CCCCCCCCCCC\C=C/C\C=C/CCCCC,[H][C@](COC(=O)CCCCCCCCC\C=C/C\C=C/CCCCC)(COC(=O)CCCCC\C=C/C\C=C/C\C=C/C\C=C/C\C=C/CC)OC(=O)CCCCCCCCCCCCCCC,933.4969999999992,933.4969999999993,1.1368683772161603e-13,5.781127214431763,5.309864521026611,3.9999999999996314,1,0,0,,"(0, 3.9999999999996314, 5.309864521026611, 1)",
85819,[H][C@@](COC(=O)CCC[C@@H](O)[C@H](O)\C=C\C=C\C=C/C=C/[C@H](O)CCCCC)(COP(O)(=O)OC[C@H](N)C(O)=O)OC(=O)CCCCC\C=C/C\C=C/C\C=C/C\C=C/C\C=C/CC,[H][C@@](COC(=O)CCCCCCCCCCCCCCCCCCC)(COC(=O)CCCCCCCCCCCCCC(C)C)OC(=O)CCCCCCCCCCCCCCC(C)C,906.1039999999997,905.5279999999992,0.5760000000004766,0.7485921382904053,0.27899980545043945,30.0,4,0,0,,"(0, 30.0, 0.27899980545043945, 4)",
86269,CC(=O)OC1C2=C(C)C(CC(O)(C(OC(=O)C3=CC=CC=C3)C3C4(COC4C(O)C(O)C3(C)C1=O)OC(C)=O)C2(C)C)OC(=O)C(O)C(NC(=O)C1=CC=CC=C1)C1=CC=CC=C1,[H][C@](O)(COP(O)(O)=O)COP(O)(=O)OC[C@@]([H])(COC(=O)CCCCCCC\C=C/C=C/C(=O)CCCCC)OC(=O)CCCCCCCCCCCCCCCCC,869.9170000000001,869.019999999999,0.8970000000011851,0.7059998512268066,0.25699853897094727,42.0,4,0,0,,"(0, 42.0, 0.25699853897094727, 4)",
87904,[H][C@@](COC(=O)CCCCCCCCCCCCCCCC)(COC(=O)CCCCCCCCCCCCCCCC(C)C)OC(=O)CCCCCCCCCCC(C)C,[H][C@](COC(=O)CCCCCCCCCCCCCCCC)(COC(=O)CCCCCCCCCCCCCCCCCCC)OC(=O)CCCCCCCCCC(C)C,835.3929999999996,835.3929999999995,1.1368683772161603e-13,29.469043254852295,28.973670959472656,6.0,1,0,0,,"(0, 6.0, 28.973670959472656, 1)",
90577,[H][C@@](COC(=O)CCCCCCCCCCCCCCCCCCC)(COC(=O)CCCCCCCCCCC(C)CC)OC(=O)CCCCCCCCCCCCCCCCC(C)C,[H]C(COC(=O)CCCCC\C=C/C\C=C/C\C=C/C\C=C/C\C=C/CC)(COP(O)(=O)OCCN(C)C)OC(=O)CCCCCCCCCCCCC\C=C/CCCCCCCC,905.5279999999992,904.307999999999,1.2200000000002547,0.751610517501831,0.28100061416625977,23.0,4,0,0,,"(0, 23.0, 0.28100061416625977, 4)",
90802,CC(C)(COP(O)(=O)OP(O)(=O)OCC1OC(C(O)C1OP(O)(O)=O)N1C=NC2=C1N=CN=C2N)C(O)C(=O)NCCC(=O)NCCSC(=O)C=CCCCC=CC(O)=O,[H][C@@](COC(=O)CCCCCCCCC\C=C/C\C=C/CCCCC)(COC(=O)CCCCCCC\C=C/C\C=C/CCCCC)OC(=O)CCC\C=C/C\C=C/C\C=C/CCCCCCCC,933.7169999999995,933.4969999999994,0.22000000000014097,0.7390000820159912,0.26999926567077637,84.5,4,0,0,,"(0, 84.5, 0.26999926567077637, 4)",
90970,[H][C@@](COC(=O)CCCCCCCC(O)\C=C\C=C\C\C=C\CC)(COP(O)(=O)O[C@H]1[C@H](O)[C@@H](O)[C@H](O)[C@@H](O)[C@H]1O)OC(=O)CCCCCCCCCCCCCCCCCCC,[H][C@](COC(=O)CCCCCCC\C=C/C\C=C/CCCCC)(COC(=O)CCCCCCC\C=C/C\C=C/C\C=C/CC)OC(=O)CCCCCCCCC\C=C/C\C=C/CCCCC,905.1569999999992,905.4429999999995,0.2860000000002856,0.6966185569763184,0.259000301361084,29.0,4,0,0,,"(0, 29.0, 0.259000301361084, 4)",
91094,CCCCC[C@H](O)\C=C\[C@H]1OC(O)C[C@H](O)[C@@H]1C\C=C/CCCC(=O)OC[C@H](COP(O)(O)=O)OC(=O)CCCCCCCCCCCCCCCCCCC(C)C,[H][C@@](COC(=O)CCCCCC\C=C/C\C=C/C\C=C/CCCCC)(COP([O-])(=O)OCC[N+](C)(C)C)OC(=O)CCC\C=C/C\C=C/C\C=C/C=C/[C@@H](O)CCCCC,847.120999999999,848.1559999999998,1.0350000000008777,0.7275991439819336,0.26800036430358887,14.0,4,0,0,,"(0, 14.0, 0.26800036430358887, 4)",
91787,[H][C@](COC(=O)CCCCCCCCCCC)(COC(=O)CCCCCCCCCCCCCCCCCCCCC)OC(=O)CCCCCCCCCCCCCCCCCCCCC,[H][C@](COC(=O)CCCCCCCCCCCCCCCCC(C)C)(COC(=O)CCCCCCCCC(C)C)OC(=O)CCCCCCCCCCCCCCCCCCCCC(C)C,919.5549999999989,919.554999999999,1.1368683772161603e-13,5.055767297744751,4.580148220062256,5.999999999999532,1,0,0,,"(0, 5.999999999999532, 4.580148220062256, 1)",
92491,[H][C@](COC(=O)CCCCCCCCCCCCCC)(COC(=O)CCCCCCCCCCCCCCC)OC(=O)CCCCCCC\C=C/CCCCCCCC,[H][C@](O)(CO)COP(O)(=O)OC[C@@]([H])(COC(=O)CCC\C=C/C\C=C/C\C=C/C\C=C/CCCCC)OC(=O)CCCCCC\C=C/C\C=C/C\C=C/C\C=C/CC,819.3499999999996,819.0699999999998,0.27999999999974534,0.725602388381958,0.27300024032592773,22.0,4,0,0,,"(0, 22.0, 0.27300024032592773, 4)",
93598,CCCCC[C@H](O)\C=C\[C@H]1OC(O)C[C@H](O)[C@@H]1C\C=C/CCCC(=O)OC[C@H](COP(O)(O)=O)OC(=O)CCCCC\C=C/C\C=C/C\C=C/C\C=C/C\C=C/CC,CCCCC\C=C/C\C=C/C\C=C/C\C=C/C\C=C/CCC(=O)O[C@H](COC(=O)CCC\C=C/C[C@H]1[C@@H](O)CC(O)O[C@@H]1\C=C\[C@@H](O)CCCCC)COP(O)(O)=O,837.0409999999996,837.0410000000004,7.958078640513122e-13,2.068830966949463,1.6048309803009033,2.0,1,0,0,,"(0, 2.0, 1.6048309803009033, 1)",
97919,[H][C@@](COC(=O)CCCCC\C=C/C\C=C/C\C=C/C\C=C/CCCCC)(COP(O)(O)=O)OC(=O)CCC\C=C/[C@@H](O)\C=C\C=C/C\C=C/C=C/[C@@H](O)C\C=C/CC,[H][C@@](COC(=O)CCC\C=C/C\C=C/C\C=C/CCCCCCCC)(COP(O)(=O)OCCN)OC(=O)CCC(O)\C=C/C=C\C\C=C/C\C=C/C\C=C/C\C=C/CC,829.0650000000002,830.0970000000001,1.0319999999999254,2.4528918266296387,1.9702842235565186,10,2,0,0,,"(0, 10, 1.9702842235565186, 2)",
98389,[H][C@](COC(=O)CCCCCCCCCCCCCC)(COC(=O)CCCCCCCCCCCCCCCCCCCC)OC(=O)CCCCCCCCCCC,[H][C@](O)(CO)COP(O)(=O)OC[C@@]([H])(COC(=O)CCC\C=C/C\C=C/C\C=C/C=C/C(=O)CCCCC)OC(=O)CCCC\C=C/C\C=C/C\C=C/CCCCC,807.3389999999995,807.0149999999996,0.32399999999984175,0.7355737686157227,0.27300024032592773,24.0,4,0,0,,"(0, 24.0, 0.27300024032592773, 4)",
98752,[H][C@](COC(=O)CCCCCCCCCCCCCCC)(COC(=O)CCCCCCCCCCCCCCCCC)OC(=O)CCCCCCCCCCCCCCCCCCCCC(C)C,[H][C@@](COC(=O)CCCCCCCCCCCCCCCCCC)(COC(=O)CCCCCCCCCCCCCCCCCCCCC(C)C)OC(=O)CCCCCCCCCCCCCC,947.6089999999989,947.6089999999989,0.0,9.42551040649414,8.925900220870972,4.0,1,0,0,,"(0, 4.0, 8.925900220870972, 1)",
98825,[H][C@](COC(=O)CCCCCCCCCCCCCCCCC(C)CC)(COC(=O)CCCCCCCCCCCCC(C)CC)OC(=O)CCCCCCCCC(C)C,[H][C@@](COC(=O)CCCCCCCCCCCCCC(C)C)(COC(=O)CCCCCCCCCCCCC(C)C)OC(=O)CCCCCCCCCCCCCC(C)C,835.3929999999995,835.3929999999995,0.0,41.608943462371826,41.11494278907776,5.9999999999992,1,0,0,,"(0, 5.9999999999992, 41.11494278907776, 1)",
99409,[H][C@](COC(=O)CCCCCCCCCCCCCCC)(COC(=O)CCCC\C=C/C\C=C/C\C=C/C\C=C/CC)OC(=O)CCCC\C=C/C\C=C/C\C=C/C\C=C/CC,[H][C@](COC(=O)CCCC\C=C/C\C=C/C\C=C/CCCCC)(COC(=O)CCCC\C=C/C\C=C/C\C=C/C\C=C/CC)OC(=O)CCCCCCC\C=C/CCCCCC,847.3189999999997,847.3189999999996,1.1368683772161603e-13,3.4278171062469482,2.951219081878662,4.000000000000046,1,0,0,,"(0, 4.000000000000046, 2.951219081878662, 1)",
99997,[H][C@@](COC(=O)CCCCCCCCCCCCC(C)C)(COC(=O)CCCCCCCCC(C)CC)OC(=O)CCCCCCCCCCCCCCCCCCCCC,[H][C@](COC(=O)CCCCCCCCCCCCCCCC)(COC(=O)CCCCCCCCCCCCCCCCC(C)C)OC(=O)CCCCCCCCCCC(C)C,849.419999999999,849.4199999999995,4.547473508864641e-13,6.567822694778442,6.102823972702026,6.0000000000002505,1,0,0,,"(0, 6.0000000000002505, 6.102823972702026, 1)",
102056,[H][C@@](COC(=O)CCCCCCCCCCCCCCCCC(C)CC)(COC(=O)CCCCCCCCCCCC(C)C)OC(=O)CCCCCCCCCCCCCCCCCCC,[H][C@@](COC(=O)CCCCCCCCCCCCC1=C(C)C(C)=C(CCCCC)O1)(COP([O-])(=O)OCC[N+](C)(C)C)OC(=O)CCC\C=C/C\C=C/C\C=C/C=C/C(=O)CCCCC,919.5549999999989,918.2469999999994,1.307999999999538,0.7510013580322266,0.2820007801055908,29.5,4,0,0,,"(0, 29.5, 0.2820007801055908, 4)",
103398,[H][C@](COC(=O)CCCCCCCCCCC(C)CC)(COC(=O)CCCCCCCCCC(C)C)OC(=O)CCCCCCCCCCCCCCCCCCCCC,[H][C@@](COC(=O)CCCCCCCCCCCCCC)(COC(=O)CCCCCCCCCC(C)C)OC(=O)CCCCCCCCCCCCCCCCCCC(C)C,835.3929999999991,835.3929999999992,1.1368683772161603e-13,5.459285497665405,4.99475622177124,4.00000000000008,1,0,0,,"(0, 4.00000000000008, 4.99475622177124, 1)",
103907,CCCCCCCC\C=C/C\C=C/C\C=C/CCCC(=O)OC[C@H](COP(O)(=O)OCCN)OC(=O)CCC\C=C/C[C@H]1C=CC(=O)[C@@H]1\C=C\[C@@H](O)CCCCC,[H][C@@](COC(=O)CCCCCCCCCCCCCCCCCC)(COC(=O)CCCCCCCCCCC(C)C)OC(=O)CCCCCCCCCCCCC(C)C,820.0579999999999,821.3659999999996,1.3079999999997654,0.7416064739227295,0.27260637283325195,22.0,4,0,0,,"(0, 22.0, 0.27260637283325195, 4)",
104106,[H][C@@](COC(=O)CC\C=C/C\C=C/C\C=C/C\C=C/C\C=C/CCCCC)(COP(O)(=O)OCCN)OC(=O)CCCCCCCCCCCCCCCCCCC,CCCCC\C=C/C\C=C/C=C/C=C/[C@@H](SC[C@H](N)C(=O)OC[C@@H](O)COC(=O)CCCCCCCCCCCCCCCCCC(C)C)[C@@H](O)CCCC(O)=O,822.1619999999991,822.2469999999996,0.08500000000049113,0.6904959678649902,0.252000093460083,13.0,4,0,0,,"(0, 13.0, 0.252000093460083, 4)",
104753,[H][C@@](COC(=O)CCCCCCC\C=C/C=C/C(=O)CCCCC)(COP([O-])(=O)OCC[N+](C)(C)C)OC(=O)CCCCC\C=C/C\C=C/C\C=C/C\C=C/CCCCC,[H][C@](COC(=O)CCCCCCCCCCCCCCCC)(COC(=O)CCCCCCCCCCCCCCCCCCCC)OC(=O)CCCCCCCCCC(C)C,848.1559999999996,849.4199999999994,1.2639999999997826,0.731595516204834,0.2715952396392822,27.0,4,0,0,,"(0, 27.0, 0.2715952396392822, 4)",
107281,[H][C@@](COC(=O)CCCCC\C=C/C\C=C/C\C=C/C\C=C/C\C=C/CC)(COC(=O)CCCC\C=C/C\C=C/C\C=C/C\C=C/CC)OC(=O)CCCCCCCCC\C=C/CCCCCC,[H][C@@](COC(=O)CCCCCCCCCCCCC\C=C/CCCCCCCC)(COP([O-])(=O)OCC[N+](C)(C)C)OC(=O)CCCC(O)C(O)C\C=C/C\C=C/C\C=C/CCCCC,927.4489999999994,926.3109999999996,1.1379999999998063,0.7426044940948486,0.27899956703186035,31.0,4,0,0,,"(0, 31.0, 0.27899956703186035, 4)",
107574,[H][C@@](COC(=O)CCCCCCCCCCCCC)(COC(=O)CCCCCCCCCCCCCCCCCCC)OC(=O)CCCCCCCCCCCCCCCC(C)C,[H][C@](COC(=O)CCCCCCCCCCCCC)(COC(=O)CCCCCCCCCCCCCCCCC)OC(=O)CCCCCCCCCCCCCCCCC(C)CC,877.4739999999993,877.4739999999993,0.0,32.68219208717346,32.18059706687927,4.0,1,0,0,,"(0, 4.0, 32.18059706687927, 1)",
