pair_id,smiles1,smiles2,mass1,mass2,mass_diff,runtime_sec,runtime_inside_mces,distance,compute_mode,skipped,solverCalled,ilp_solver,actual_threshold,raw_mces_result,error_message,result_type,is_exact,is_lower_bound,d1,d_bond,d_path,d2,d_rascal
964,[H][C@@](COC(=O)CCCCCCCCCCCCCCCCCCCCCCC)(COP(O)(O)=O)OC(=O)CCCCCCC[C@H](O)[C@@H](O)C\C=C/CCCCC,CCCCC[C@H](O)\C=C\[C@@H]1[C@@H](C\C=C/CCCC(=O)OC[C@H](COP(O)(O)=O)OC(=O)CCCCC\C=C/C\C=C/C\C=C/C\C=C/C\C=C/CC)[C@@H](O)CC1=O,819.155,819.026,0.129,1.647562981,0.398916721,20.5,2,0,0,0,10,"(0, 20.5, 0.39891672134399414, 2, 0, 10, 9.0, 9.5, 20.5, 9.0, 0.0)",,lower_bound,0,1,9,9.5,20.5,9,0
1073,[H][C@](COC(=O)CCCCCCCCCCCCC)(COC(=O)CCCCCCCCCCCCCCCCCCC)OC(=O)CCCCCCCCCCCCCCCC,[H][C@](COC(=O)CCCCCCCCCCCCCCCCCCCC)(COC(=O)CCCCCCCCCCCCCCC(C)C)OC(=O)CCCCCCCCCCC,849.42,849.42,1.14E-13,15.87491775,14.6384213,6,1,0,1,1,10,"(0, 6.0, 14.638421297073364, 1, 1, 10, 1.0, 0.0, 2.0, 1.0, 0)",,exact,1,0,1,0,2,1,0
1586,[H][C@@](COC(=O)CCCCCCCCCCCCCCCCCCC(C)C)(COC(=O)CCCCCCCCCCCCCCCC(C)C)OC(=O)CCCCCCCCC,[H][C@@](COC(=O)CC\C=C/CC(O)\C=C/C=C\C\C=C/C\C=C/C\C=C/CC)(COP(O)(=O)OC[C@H](N)C(O)=O)OC(=O)CCCCCCC\C=C/C\C=C/CCCCC,849.42,848.068,1.352,1.217028141,0.003057241,21,2,0,0,0,10,"(0, 21.0, 0.003057241439819336, 2, 0, 10, 21.0, None, None, None, 0.0)",,lower_bound,0,1,21,,,,0
3772,[H][C@@](COC(=O)CCCCCCCCCCCCCCCCCCCCC(C)C)(COC(=O)CCCCCCCCCCC(C)CC)OC(=O)CCCCCCCCCCCCCCC,CCCCC[C@H](O)\C=C\[C@H]1[C@H](O)CC(=O)[C@@H]1CCCCCCC(=O)O[C@H](COC(=O)CCCCCCCCCCCCCCCCCCC(C)C)COP(O)(=O)OC[C@@H](O)CO,905.528,905.201,0.327,1.211221933,0.00199461,19,2,0,0,0,10,"(0, 19.0, 0.001994609832763672, 2, 0, 10, 19.0, None, None, None, 0.0)",,lower_bound,0,1,19,,,,0
3995,[H][C@@](CO\C=C\CCCCCCCCCCCCCCCC)(COP([O-])(=O)OCC[N+](C)(C)C)OC(=O)CCC\C=C/C\C=C/C\C=C/C\C=C/C=C/[C@H](O)CC,[H][C@](COC(=O)CCCCCCCCCCCCCC)(COC(=O)CCCCCCCCCCCCC(C)CC)OC(=O)CCCCCCCCCCCCCCC,808.135,807.339,0.796,1.276711464,0.003023624,17,2,0,0,0,10,"(0, 17.0, 0.0030236244201660156, 2, 0, 10, 17.0, None, None, None, 0.0)",,lower_bound,0,1,17,,,,0
4683,CCCCC\C=C/C\C=C/C\C=C/CCCCC(=O)O[C@H](COC(=O)CCC\C=C/C[C@H]1C=CC(=O)[C@@H]1\C=C\[C@@H](O)CCCCC)COP([O-])(=O)OCC[N+](C)(C)C,[H][C@@](COC(=O)CCCCCCCCCCCCCCCCCCC)(COC(=O)CCCCCCCCC(C)CC)OC(=O)CCCCCCCCCCCCCCCC,834.085,835.393,1.308,1.156784296,0.002993822,22,2,0,0,0,10,"(0, 22.0, 0.0029938220977783203, 2, 0, 10, 22.0, None, None, None, 0.0)",,lower_bound,0,1,22,,,,0
7023,[H][C@@](COC(=O)CCCCCCCCCCCCCCCCCCCCC)(COC(=O)CCCCCCCCC(C)CC)OC(=O)CCCCCCCCCCCCCCCCC,[H][C@@](COC(=O)CCCCCCCCCCCCCCC)(COC(=O)CCCCCCCCCCCC(C)C)OC(=O)CCCCCCCCCCCCCCCCCCCCC,877.474,877.474,1.14E-13,9.104021072,7.680766106,6,1,0,1,1,10,"(0, 6.0, 7.6807661056518555, 1, 1, 10, 0.0, 0.0, 1.0, 0.0, 0)",,exact,1,0,0,0,1,0,0
7405,[H][C@](COC(=O)CCCCCCCCCCCCCCCCCCCCC(C)CC)(COC(=O)CCCCCCCCCC(C)C)OC(=O)CCCCCCCCCCCCC(C)C,[H][C@@](COC(=O)CCCCCCC)(COC(=O)CCCCCCCCCCCCCCCCCCCCC(C)CC)OC(=O)CCCCCCCCCCCCCCCCCCCC,891.501,891.501,1.14E-13,10.33965969,9.160487175,6,1,0,1,1,10,"(0, 6.0, 9.160487174987793, 1, 1, 10, 2.0, 0.0, 4.0, 2.0, 0)",,exact,1,0,2,0,4,2,0
7894,[H][C@@](COC(=O)CCCCCCCCCCCCCCCC)(COC(=O)CCCCCCCCCCCCCCCCCCC(C)C)OC(=O)CCCCCCCCC,[H][C@@](COC(=O)CCCCCCCCCCCCCCCC)(COC(=O)CCCCCCCCCCCCCC(C)C)OC(=O)CCCCCCCCCCC(C)CC,821.366,821.366,1.14E-13,3.531569719,2.321689606,4,1,0,1,1,10,"(0, 4.0, 2.3216896057128906, 1, 1, 10, 1.0, 0.0, 2.0, 1.0, 0)",,exact,1,0,1,0,2,1,0
8280,CCCCC[C@H](O)\C=C\[C@@H]1[C@@H](O)[C@@H](O)[C@H]2OP(O)(=O)OC[C@@H](COC(=O)CCC\C=C/C[C@@H]([C@@H](O)CC1=O)[C@@H](O)[C@H](O)[C@H]2O)OC(=O)CC\C=C/C\C=C/C\C=C/C\C=C/C\C=C/C\C=C/CC,[H][C@@](COC(=O)CCC\C=C/C\C=C/C\C=C/C\C=C/C=C/[C@@H](O)CC)(COP(O)(=O)O[C@H]1C(O)C(O)C(O)[C@@H](OP(O)(O)=O)C1O)OC(=O)CCCCCCCCCCCCC\C=C/CC,979.151,979.088,0.063,1.199549675,0.003025532,12,2,0,0,0,10,"(0, 12.0, 0.003025531768798828, 2, 0, 10, 12.0, None, None, None, 0.0)",,lower_bound,0,1,12,,,,0
8547,[H][C@](COC(=O)CCCCCCCCCCCCCCCCCCC)(COC(=O)CCCCCCCCCCCCCCCCCCCCC)OC(=O)CCCCCCCCCCCCC(C)CC,[H][C@](COC(=O)CCCCCCCCCCCCCCCC)(COC(=O)CCCCCCCCCCCCCCCCCC(C)C)OC(=O)CCCCCCCCCCCCCCCCCC(C)C,961.636,961.636,1.14E-13,15.04964614,13.85180473,6,1,0,1,1,10,"(0, 6.0, 13.851804733276367, 1, 1, 10, 1.0, 0.0, 2.5, 1.0, 0)",,exact,1,0,1,0,2.5,1,0
9300,CCCCCCCC\C=C/C\C=C/C\C=C/CCCC(=O)O[C@]([H])(COC(=O)CCCCCCCCC\C=C/C\C=C/CCCCC)COP([O-])(=O)OCC[N+](C)(C)C,[H][C@](O)(CO)COP(O)(=O)OC[C@@]([H])(COC(=O)CCC(O)\C=C/C=C\C\C=C/C\C=C/C\C=C/C\C=C/CC)OC(=O)CCCCCCC\C=C/C=C\CCCCCC,836.189,835.069,1.12,1.477479935,0.312154531,11,2,0,0,0,10,"(0, 11.0, 0.31215453147888184, 2, 0, 10, 9.0, 7.5, None, 11.0, 0.0)",,lower_bound,0,1,9,7.5,,11,0
9385,CCCCC[C@H](O)\C=C\[C@@H]1[C@@H](CCCCCCC(=O)O[C@H](COC(=O)CC\C=C/C\C=C/C\C=C/C\C=C/C\C=C/C\C=C/CC)COP(O)(=O)OCCN)[C@@H](O)CC1=O,[H][C@](COC(=O)CCCCCCCCCCCC)(COC(=O)CCCCCCCCCCCCCCCC)OC(=O)CCCCCCCCCCCCCCCCCCC(C)C,862.095,863.447,1.352,1.211205244,0.002068281,22,2,0,0,0,10,"(0, 22.0, 0.0020682811737060547, 2, 0, 10, 22.0, None, None, None, 0.0)",,lower_bound,0,1,22,,,,0
9598,[H]C(COC(=O)CCCCCC\C=C/C\C=C/C\C=C/CCCCC)(COP(O)(=O)OCCN(C)C)OC(=O)CCCCCCCCC\C=C/C\C=C/CCCCC,[H][C@@](COC(=O)CCCCCCCCCCCCCCCC)(COC(=O)CCCCCCCCCCCCCC(C)C)OC(=O)CCCCCCCCCCCCCC,822.162,821.366,0.796,1.193748474,0.003026724,15,2,0,0,0,10,"(0, 15.0, 0.003026723861694336, 2, 0, 10, 15.0, None, None, None, 0.0)",,lower_bound,0,1,15,,,,0
10026,[H][C@](O)(CO)COP(O)(=O)OC[C@@]([H])(COC(=O)CCCCCCC\C=C/C=C\CCCCCC)OC(=O)CC\C=C/C\C=C/C\C=C/C\C=C/CC1OC1C\C=C/CC,[H][C@@](COC(=O)CCCCCCCCCCCCC(C)CC)(COC(=O)CCCCCCCCC(C)C)OC(=O)CCCCCCCCCCCCCCCCC(C)CC,835.069,835.393,0.324,1.16539669,0.001994371,18,2,0,0,0,10,"(0, 18.0, 0.0019943714141845703, 2, 0, 10, 18.0, None, None, None, 0.0)",,lower_bound,0,1,18,,,,0
11417,[H][C@@](COC(=O)CCCCCCCCCCCCC)(COC(=O)CCCCCCCCCCC(C)CC)OC(=O)CCCCCCCCCCCCCCCCCC,[H][C@@](COC(=O)CCCCCCCCCCCC)(COC(=O)CCCCCCCCCCCCCCCCCCCCC)OC(=O)CCCCCCCCCCCC,807.339,807.339,2.27E-13,4.083994627,2.65267086,4,1,0,1,1,10,"(0, 4.0, 2.6526708602905273, 1, 1, 10, 1.0, 0.0, 2.0, 1.0, 0)",,exact,1,0,1,0,2,1,0
12058,[H][C@](COC(=O)CCCCCCCCCCC(C)CC)(COC(=O)CCCCCCCCC(C)CC)OC(=O)CCCCCCCCCCCCCCCCC(C)CC,[H][C@@](COC(=O)CCCCCCC\C=C/CCCCCCCC)(COP(O)(=O)OCCN)OC(=O)CCC\C=C/[C@@H](O)\C=C\C=C/C\C=C/C=C/[C@@H](O)C\C=C/CC,821.366,822.074,0.708,1.170761347,0.001992464,17,2,0,0,0,10,"(0, 17.0, 0.001992464065551758, 2, 0, 10, 17.0, None, None, None, 0.0)",,lower_bound,0,1,17,,,,0
12518,[H][C@@](COC(=O)CCCCCCCCCCCCCCCCCCC(C)C)(COC(=O)CCCCCCCCCCCCCCC(C)C)OC(=O)CCCCCCCCCCCCCC,[H][C@@](COC(=O)CCCCCCCCCCC)(COC(=O)CCCCCCCCCCCCCCCCCCCCC(C)CC)OC(=O)CCCCCCCCCCCCCCC(C)C,905.528,905.528,2.27E-13,14.69880366,13.49150229,6,1,0,1,1,10,"(0, 6.0, 13.491502285003662, 1, 1, 10, 0.0, 0.0, 1.0, 0.0, 0)",,exact,1,0,0,0,1,0,0
12707,[H][C@@](COC(=O)CCCCCCCC1OC1C\C=C/CCCCC)(COP([O-])(=O)OCC[N+](C)(C)C)OC(=O)CCC\C=C/C\C=C/C\C=C/CCCCCCCC,[H][C@](O)(CO)COP(O)(=O)OC[C@@]([H])(COC(=O)CCCCCCCCCCCCCC(C)C)OC(=O)CCC(O)\C=C/C=C\C\C=C/C\C=C/C\C=C/C\C=C/CC,824.134,825.074,0.94,2.850445986,1.394456863,10,2,0,1,1,10,"(0, 10, 1.3944568634033203, 2, 1, 10, 7.0, 4.5, 9.0, 10.0, 0)",,lower_bound,0,1,7,4.5,9,10,0
13685,[H][C@@](COC(=O)CCCCCCC)(COC(=O)CCCCCCCCCCCCCCCCCCCCC(C)C)OC(=O)CCCCCCCCCCCCCC(C)C,[H][C@](COC(=O)CCCCCCCCCCCCCC(C)C)(COC(=O)CCCCCCCCCCCC(C)C)OC(=O)CCCCCCCCCCCCC(C)CC,821.366,821.366,2.27E-13,4.849391699,3.380685091,6,1,0,1,1,10,"(0, 6.0, 3.3806850910186768, 1, 1, 10, 1.0, 0.0, 2.0, 1.0, 0)",,exact,1,0,1,0,2,1,0
14726,[H][C@](COC(=O)CCCCCCCCCCCCCC)(COC(=O)CCCCCCCCCCCCCCCCCCC(C)C)OC(=O)CCCCCCCCCCC(C)C,[H][C@@](COC(=O)CCCCCC\C=C/C\C=C/C\C=C/C\C=C/CC)(COP(O)(=O)OC[C@H](N)C(O)=O)OC(=O)CCC\C=C/C\C=C/C\C=C/C\C=C/CCC[C@H](C)O,849.42,848.068,1.352,1.27960372,0.003025055,21,2,0,0,0,10,"(0, 21.0, 0.003025054931640625, 2, 0, 10, 21.0, None, None, None, 0.0)",,lower_bound,0,1,21,,,,0
14860,[H][C@](COC(=O)CCCCCCCCC)(COC(=O)CCCCCCCCC(C)CC)OC(=O)CCCCCCCCCCCCCCCCCCCCC(C)CC,[H][C@](COC(=O)CCCCCCCCCCCCCCC)(COC(=O)CCCCCCCCCCCCCCCCCCCCC)OC(=O)CCCCCCCCC,807.339,807.339,2.27E-13,4.098525763,2.747661829,6,1,0,1,1,10,"(0, 6.0, 2.747661828994751, 1, 1, 10, 2.0, 0.0, 4.0, 2.0, 0)",,exact,1,0,2,0,4,2,0
16244,[H][C@](COC(=O)CCCCCCCCCCC\C=C/C\C=C/CCCCC)(COC(=O)CCCCCCC\C=C/C\C=C/C\C=C/CC)OC(=O)CCCCCCC\C=C/C\C=C/CCCCC,[H][C@](COC(=O)CCCCCCCCCCCCCCCCCCCC)(COC(=O)CCCCCCCCCCCCC(C)C)OC(=O)CCCCCCCCCCCCCCCCC(C)C,933.497,933.582,0.085,2.090513706,0.738661289,16.75,2,0,0,0,10,"(0, 16.75, 0.7386612892150879, 2, 0, 10, 8.0, 10.0, 16.75, 10.0, 0.0)",,lower_bound,0,1,8,10,16.75,10,0
16264,[H][C@](COC(=O)CCCCCCCCC\C=C/CCCCCCCC)(COC(=O)CCCCCC\C=C/C\C=C/C\C=C/C\C=C/CC)OC(=O)CCCCCCC\C=C/C\C=C/CCCCC,[H][C@@](COC(=O)CCCCCCCCCCCCCCCCCC)(COC(=O)CCCCCCCCCCCCCCCCC(C)CC)OC(=O)CCCCCCCCCCCCCCCC,933.497,933.582,0.085,1.989420891,0.642803669,16.5,2,0,0,0,10,"(0, 16.5, 0.6428036689758301, 2, 0, 10, 8.0, 10.0, 16.5, 9.0, 0.0)",,lower_bound,0,1,8,10,16.5,9,0
18616,[H]C(COC(=O)CCC\C=C/C\C=C/C\C=C/C\C=C/C\C=C/CC)(COP(O)(=O)OCCN(C)C)OC(=O)CCCCCCCCCCCCCCCCCCCCC,[H][C@](COC(=O)CCCCCCCCCCCCCCCCCC(C)C)(COC(=O)CCCCCCCCCCCCCC(C)C)OC(=O)CCCCCCCCCCCC,850.216,849.42,0.796,1.152828693,0.003023148,14,2,0,0,0,10,"(0, 14.0, 0.0030231475830078125, 2, 0, 10, 14.0, None, None, None, 0.0)",,lower_bound,0,1,14,,,,0
18696,[H][C@](COC(=O)CCCCCCCCCCCCC(C)C)(COC(=O)CCCCCCCCCCCCC(C)CC)OC(=O)CCCCCCCCCCCCCCCCC(C)C,[H][C@](COC(=O)CCCCCCCCCCCCCCC)(COC(=O)CCCCCCCCCCCCCC(C)C)OC(=O)CCCCCCCCCCCCCCCCC(C)C,877.474,877.474,0,4.889411211,3.637700319,4,1,0,1,1,10,"(0, 4.0, 3.637700319290161, 1, 1, 10, 1.0, 0.0, 2.0, 1.0, 0)",,exact,1,0,1,0,2,1,0
19287,[H][C@@](COC(=O)CCCCCCCCCCCCCCCCCCCCC)(COC(=O)CCCCCCCCCCCCCC(C)C)OC(=O)CCCCCCCCCCCCCCCCC,[H][C@](COC(=O)CCCCCCCCCCCCCCCCC(C)CC)(COC(=O)CCCCCCCCC(C)C)OC(=O)CCCCCCCCCCCCCCCCCCCCC(C)C,933.582,933.582,0,4.278665781,3.111727238,6,1,0,1,1,10,"(0, 6.0, 3.111727237701416, 1, 1, 10, 2.0, 0.0, 4.0, 2.0, 0)",,exact,1,0,2,0,4,2,0
20164,[H][C@@](COC(=O)CCCCCCCCCCC\C=C/C\C=C/CCCCC)(COP(O)(=O)OCCN)OC(=O)CCC\C=C/C\C=C/C\C=C/C\C=C/CC[C@H](O)CC,[H][C@@](COCCCCCCCCCCCCCCCCCC)(COC(=O)CCC\C=C/C\C=C/C\C=C/C\C=C/C\C=C/CC)OC(=O)CCCCCCC\C=C/CCCC,836.145,837.368,1.223,1.218636036,0.002990723,14,2,0,0,0,10,"(0, 14.0, 0.00299072265625, 2, 0, 10, 14.0, None, None, None, 0.0)",,lower_bound,0,1,14,,,,0
20414,[H][C@](COC(=O)CCCCCCCCCCCCCC)(COC(=O)CCCCCCCCCCCCCCC)OC(=O)CCCCCCCCCCCCCCCCCCCCC(C)C,[H][C@@](COC(=O)CCCCCCCCCCCCCCCCC)(COC(=O)CCCCCCCCCCCCCCC(C)C)OC(=O)CCCCCCCCCCCCCCCC(C)C,905.528,905.528,1.14E-13,17.814677,16.5638206,6,1,0,1,1,10,"(0, 6.0, 16.563820600509644, 1, 1, 10, 1.0, 0.0, 2.0, 1.0, 0)",,exact,1,0,1,0,2,1,0
21918,[H][C@](COC(=O)CCCCCCCCCCCCC)(COC(=O)CCCCC\C=C/C\C=C/C\C=C/C\C=C/CCCCC)OC(=O)CCCCCCCCCCCCCCCCC,[H][C@](COC(=O)CCCCCCCCCCCCCCCCCCC)(COC(=O)CCC\C=C/C\C=C/C\C=C/CCCCCCCC)OC(=O)CCCCCCC\C=C/CCCC,883.437,883.437,2.27E-13,9.867666245,8.606875658,8,1,0,1,1,10,"(0, 8.0, 8.606875658035278, 1, 1, 10, 0.0, 0.0, 1.0, 0.0, 0)",,exact,1,0,0,0,1,0,0
22549,CCCCCCCC\C=C/C\C=C/C\C=C/CCCC(=O)O[C@H](COC(=O)CCC\C=C/C[C@@H]1[C@@H](\C=C\[C@@H](O)CCCCC)[C@H](O)CC1=O)COP(O)(=O)OC[C@@H](O)CO,[H][C@](COC(=O)CCCCCCC\C=C/C\C=C/C\C=C/CC)(COC(=O)CCCC\C=C/C\C=C/C\C=C/C\C=C/CC)OC(=O)CCCC\C=C/C\C=C/C\C=C/C\C=C/CC,869.083,869.325,0.242,1.274817705,0.003027678,21,2,0,0,0,10,"(0, 21.0, 0.003027677536010742, 2, 0, 10, 21.0, None, None, None, 0.0)",,lower_bound,0,1,21,,,,0
23012,CCCCCCCCCCCCCCC(=O)OC[C@H](COP([O-])(=O)OCC[N+](C)(C)C)OC(=O)CCC\C=C/C[C@H]1[C@@H](O)CC(O)O[C@@H]1\C=C\[C@@H](O)CCCCC,[H][C@@](COP([O-])(=O)OCC[N+](C)(C)C)(NC(=O)CC\C=C/C\C=C/C[C@@H](O)\C=C\C=C/C=C/[C@@H](O)C\C=C/CC)[C@H](O)\C=C\CCCCCCCCCCCCCCC,834.082,835.161,1.079,1.233782291,0.003087997,13,2,0,0,0,10,"(0, 13.0, 0.0030879974365234375, 2, 0, 10, 13.0, None, None, None, 0.0)",,lower_bound,0,1,13,,,,0
24511,[H][C@](COC(=O)CCCCCCCCCCCCCCCC)(COC(=O)CCCCCCCCC(C)CC)OC(=O)CCCCCCCCCCCCCCCCCCC(C)C,[H][C@@](COC(=O)CCCCCCCCCCCCCCCCC)(COC(=O)CCCCCCCCCCCC(C)C)OC(=O)CCCCCCCCCCCCCCCCCC,863.447,863.447,1.14E-13,3.852087736,2.656665564,4,1,0,1,1,10,"(0, 4.0, 2.656665563583374, 1, 1, 10, 1.0, 0.0, 2.0, 1.0, 0)",,exact,1,0,1,0,2,1,0
25314,[H][C@](COC(=O)CCCCCCCCCCCCC)(COC(=O)CCCCCCCCCCCCCCCCCCCCC(C)C)OC(=O)CCCCCCCCCCCCCCC,[H][C@@](COC(=O)CCCCCCCCCCC)(COC(=O)CCCCCCCCCCCCCC(C)C)OC(=O)CCCCCCCCCCCCCCCCCCCCC(C)CC,891.501,891.501,1.14E-13,12.45953536,11.23120284,6,1,0,1,1,10,"(0, 6.0, 11.231202840805054, 1, 1, 10, 1.0, 0.0, 2.0, 1.0, 0)",,exact,1,0,1,0,2,1,0
26080,[H][C@@](COC(=O)CCC\C=C\C\C=C/C[C@H](O)\C=C/C=C\CCCCC)(COP(O)(=O)OC[C@H](N)C(O)=O)OC(=O)CCCC\C=C/C\C=C/C\C=C/CCCCC,[H][C@@](COC(=O)CCCCCCCCCCCCCCCCC(C)CC)(COP(O)(O)=O)OC(=O)CCC\C=C/[C@@H](O)\C=C\C=C/C\C=C/C=C/[C@@H](O)C\C=C/CC,822.03,823.102,1.072,1.603919506,0.425918579,11.25,2,0,0,0,10,"(0, 11.25, 0.4259185791015625, 2, 0, 10, 5.0, 5.0, 11.25, 8.0, 0.0)",,lower_bound,0,1,5,5,11.25,8,0
26288,[H][C@](COC(=O)CCCCCCCCCCCCCCCCCC(C)C)(COC(=O)CCCCCCCCCC(C)C)OC(=O)CCCCCCCCCCC(C)CC,[H][C@](COC(=O)CCCCCCCCCCCCCC)(COC(=O)CCCCCCCCCCCCCCCCC(C)CC)OC(=O)CCCCCCCCCCCC,821.366,821.366,0,4.764131546,3.609223604,6,1,0,1,1,10,"(0, 6.0, 3.6092236042022705, 1, 1, 10, 2.0, 0.0, 4.0, 2.0, 0)",,exact,1,0,2,0,4,2,0
27110,[H][C@](COC(=O)CCCCCCCCCCCCCCCCCC(C)C)(COC(=O)CCCCCCCCCC(C)C)OC(=O)CCCCCCCCCCCCCCCCCCCCC,[H][C@@](COC(=O)CCCCCCCCCCCC)(COC(=O)CCCCCCCCCCCCCCCCCCCCC(C)CC)OC(=O)CCCCCCCCCCCCCCCCC,919.555,919.555,1.14E-13,5.890599966,4.548177004,6,1,0,1,1,10,"(0, 6.0, 4.548177003860474, 1, 1, 10, 1.0, 0.0, 2.5, 1.0, 0)",,exact,1,0,1,0,2.5,1,0
28432,[H][C@](COC(=O)CCCCCCCCCCCCCCC)(COC(=O)CCCCCCCCCCCC(C)C)OC(=O)CCCCCCCCCCCCCCCC,[H][C@@](COC(=O)CCCCCCCCCCC(C)C)(COC(=O)CCCCCCCCCCC(C)CC)OC(=O)CCCCCCCCCCCCCCCC(C)C,807.339,807.339,0,3.370795727,2.152251244,6,1,0,1,1,10,"(0, 6.0, 2.1522512435913086, 1, 1, 10, 2.0, 0.0, 4.0, 2.0, 0)",,exact,1,0,2,0,4,2,0
28777,CC=CCC=CCCCCC(=O)SCCNC(=O)CCNC(=O)C(O)C(C)(C)COP(O)(=O)OP(O)(=O)OCC1OC(C(O)C1OP(O)(O)=O)N1C=NC2=C1N=CN=C2N,[H][C@@](COC(=O)CCCCCCCCCCCCCCC)(COP(O)(=O)O[C@H]1C(O)C(O)C(O)[C@@H](OP(O)(O)=O)C1O)OC(=O)CCCCCCC\C=C/CC1OC1CCCCC,931.789,931.044,0.745,1.142362118,0.003000975,30,2,0,0,0,10,"(0, 30.0, 0.003000974655151367, 2, 0, 10, 30.0, None, None, None, 0.0)",,lower_bound,0,1,30,,,,0
29874,[H][C@@](COC(=O)CCCC(O)C(O)C\C=C/C\C=C/C\C=C/CCCCC)(COP(O)(=O)OCCN)OC(=O)CCCCCC\C=C/C\C=C/C\C=C/C\C=C/CC,[H][C@](COC(=O)CCCCCCCCCCCCCC)(COC(=O)CCCCCCCCCCCCCCCCC(C)C)OC(=O)CCCCCCCCCCC(C)C,822.074,821.366,0.708,1.153826475,0.002027512,18,2,0,0,0,10,"(0, 18.0, 0.0020275115966796875, 2, 0, 10, 18.0, None, None, None, 0.0)",,lower_bound,0,1,18,,,,0
30504,[H][C@@](COC(=O)CCCCCCC)(COC(=O)CCCCCCCCCCCCCCCCCCCCC)OC(=O)CCCCCCCCCCCCCCCCCC(C)C,[H][C@@](COC(=O)CCCC1OC1C\C=C/C\C=C/C\C=C/CCCCC)(COP([O-])(=O)OCC[N+](C)(C)C)OC(=O)CCC\C=C/C\C=C/C\C=C/CCCCCCCC,849.42,848.156,1.264,1.120707512,0.003024101,20,2,0,0,0,10,"(0, 20.0, 0.0030241012573242188, 2, 0, 10, 20.0, None, None, None, 0.0)",,lower_bound,0,1,20,,,,0
32572,[H][C@](COC(=O)CCCCCCCCCCCCCCCC)(COC(=O)CCCCCCCCCCCCCCCCCCCCC(C)CC)OC(=O)CCCCCCCCCCCCCCCC(C)C,[H][C@@](COC(=O)CCCCCCCCCCC\C=C/C\C=C/CCCCC)(COC(=O)CCCC\C=C/C\C=C/C\C=C/CCCCC)OC(=O)CCCCCCCCCCC\C=C/C\C=C/CCCCC,989.69,989.605,0.085,1.808202505,0.651100874,16.75,2,0,0,0,10,"(0, 16.75, 0.6511008739471436, 2, 0, 10, 8.0, 10.0, 16.75, 10.0, 0.0)",,lower_bound,0,1,8,10,16.75,10,0
33291,CCCCCCCCCCCCCCCCCCCCC(=O)OC[C@@H](COC(=O)CCCCCCCCCCCCCCC(C)C)OC(=O)CCCCCCCCCCCCC(C)CC,[H][C@](COC(=O)CCCCCCCCCCCCCCCCCC(C)C)(COC(=O)CCCCCCCCCC(C)C)OC(=O)CCCCCCCCCCCCCCCCCCC(C)C,919.555,919.555,0,4.374889851,3.221768856,6,1,0,1,1,10,"(0, 6.0, 3.221768856048584, 1, 1, 10, 1.0, 0.0, 2.5, 1.0, 0)",,exact,1,0,1,0,2.5,1,0
34298,[H][C@@](COC(=O)CCCCCCCCCCCCCCC)(COC(=O)CCCCCCCCCCCCCCCCCC(C)C)OC(=O)CCCCCCCCCCC(C)C,[H][C@@](COC(=O)CCCCCCCCCCCCCCCCCC(C)C)(COC(=O)CCCCCCCCCCC(C)CC)OC(=O)CCCCCCCCCCCC(C)C,849.42,849.42,1.14E-13,18.49750996,17.32768106,6,1,0,1,1,10,"(0, 6.0, 17.327681064605713, 1, 1, 10, 1.0, 0.0, 2.0, 1.0, 0)",,exact,1,0,1,0,2,1,0
35595,[H][C@](O)(CO)COP(O)(=O)OC[C@@]([H])(COC(=O)CCCCCC\C=C/C\C=C/C\C=C/C\C=C/CC)OC(=O)CCC[C@@H](O)\C=C/C=C/C=C/[C@@H](O)C\C=C/CCCCC,CCCCC[C@H](O)\C=C\[C@H]1OC(O)C[C@H](O)[C@@H]1C\C=C/CCCC(=O)O[C@H](COC(=O)CCCCCCCCCCCCCC(C)C)COP(O)(=O)OC[C@@H](O)CO,851.068,851.065,0.003,1.558831215,0.410250902,14,2,0,0,0,10,"(0, 14.0, 0.4102509021759033, 2, 0, 10, 9.0, 9.0, None, 14.0, 0.0)",,lower_bound,0,1,9,9,,14,0
36157,[H][C@](COC(=O)CCCCCCCCCCCCCCCCCCC)(COC(=O)CCCCCCCCCCCCCCCCCCCCC)OC(=O)CCCCCCCCCC(C)C,[H][C@](COC(=O)CCCCCCCCCCCCC)(COC(=O)CCCCCCCCCCCCCCCC(C)C)OC(=O)CCCCCCCCCCCCCCCCCCCCC,905.528,905.528,0,15.32075405,14.16365671,6,1,0,1,1,10,"(0, 6.0, 14.16365671157837, 1, 1, 10, 0.0, 0.0, 0.0, 0.0, 0)",,exact,1,0,0,0,0,0,0
36524,[H][C@@](COC(=O)CCC\C=C/C\C=C/C\C=C/C\C=C/CCCCC)(COP([O-])(=O)OCC[N+](C)(C)C)OC(=O)CCC\C=C/C\C=C/C\C=C/C\C=C/CC[C@H](O)CC,[H][C@@](COC(=O)CCCCCC\C=C/C\C=C/C\C=C/CCCCC)(COP([O-])(=O)OCC[N+](C)(C)C)OC(=O)CCC\C=C/C\C=C/C\C=C/C=C/C(=O)CCCCC,846.14,846.14,1.14E-13,2.936015606,1.715399742,6,1,0,1,1,10,"(0, 6.0, 1.7153997421264648, 1, 1, 10, 2.0, 3.0, 7.5, 2.0, 0)",,exact,1,0,2,3,7.5,2,0
38414,[H][C@@](COC(=O)CCCCCCCCCCCCCCCC)(COC(=O)CCCCCCCCCCCCCCCC(C)C)OC(=O)CCCCCCCCCCCCC(C)C,[H][C@@](COC(=O)CCC\C=C/C\C=C/C=C/C(O)C\C=C/C\C=C/CC)(COP([O-])(=O)OCC[N+](C)(C)C)OC(=O)CCCCCCCCC1=C(C)C(C)=C(CCCCC)O1,863.447,862.139,1.308,1.125110149,0.00302434,23.5,2,0,0,0,10,"(0, 23.5, 0.0030243396759033203, 2, 0, 10, 23.5, None, None, None, 0.0)",,lower_bound,0,1,23.5,,,,0
38857,[H][C@@](COC(=O)CCCCCCC\C=C\C=C\C(O)C\C=C\CC)(COP(O)(=O)OC[C@H](N)C(O)=O)OC(=O)CCCCC\C=C/C\C=C/C\C=C/C\C=C/C\C=C/CC,[H][C@](COC(=O)CCCCCCCCCCCCCC(C)C)(COC(=O)CCCCCCCCCCCCC(C)CC)OC(=O)CCCCCCCCCCCCC(C)CC,848.068,849.42,1.352,1.133160353,0.003024101,20,2,0,0,0,10,"(0, 20.0, 0.0030241012573242188, 2, 0, 10, 20.0, None, None, None, 0.0)",,lower_bound,0,1,20,,,,0
39181,CCCCC[C@H](O)\C=C\[C@@H]1[C@@H](O)[C@@H](O)[C@H]2OP(O)(=O)OC[C@@H](COC(=O)CC\C=C/C\C=C/C\C=C/C\C=C/C\C=C/C\C=C/CC)OC(=O)CCC\C=C/C[C@@H]([C@@H](O)CC1=O)[C@@H](O)[C@H](O)[C@H]2O,[H][C@@](COCCCCCCCCCCCCCCCCCC)(COC(=O)CCCCCCCCCCCCC\C=C/CCCCCCCC)OC(=O)CCC\C=C/C\C=C/C\C=C/C\C=C/CCCCC,979.151,979.654,0.503,1.136832476,0.002961159,32,2,0,0,0,10,"(0, 32.0, 0.0029611587524414062, 2, 0, 10, 32.0, None, None, None, 0.0)",,lower_bound,0,1,32,,,,0
39576,[H][C@](COC(=O)CCCCCCCCCCCCCCCCCCCC)(COC(=O)CCCCCCCCCCCCCCC(C)C)OC(=O)CCCCCCCCCCCCC,[H][C@@](COC(=O)CCCCCCCCCCCCCCCCCCC)(COC(=O)CCCCCCCCCCCCC(C)C)OC(=O)CCCCCCCCCCCCCC(C)C,877.474,877.474,1.14E-13,4.001294851,2.856436491,4,1,0,1,1,10,"(0, 4.0, 2.8564364910125732, 1, 1, 10, 1.0, 0.0, 2.0, 1.0, 0)",,exact,1,0,1,0,2,1,0
40251,[H][C@](COC(=O)CCCCCCCCCCCCCCCCCCCC)(COC(=O)CCCCCCCCCC(C)C)OC(=O)CCCCCCCCCCCCCC(C)C,[H][C@](COC(=O)CCCCCCCCCCCCCCC(C)C)(COC(=O)CCCCCCCCCCCCC(C)C)OC(=O)CCCCCCCCCCCCCC(C)C,849.42,849.42,1.14E-13,26.53654695,25.38370943,6,1,0,1,1,10,"(0, 6.0, 25.38370943069458, 1, 1, 10, 1.0, 0.0, 2.0, 1.0, 0)",,exact,1,0,1,0,2,1,0
40648,[H][C@](O)(COP(O)(O)=O)COP(O)(=O)OC[C@@]([H])(COC(=O)CCC\C=C/C\C=C/C\C=C/C\C=C/[C@@H](O)CCCC)OC(=O)CCCCCCCCC\C=C/C\C=C/CCCCC,[H][C@](O)(COP(O)(O)=O)COP(O)(=O)OC[C@@]([H])(COC(=O)CCCCCCCCCCCCCCCCC)OC(=O)CC\C=C/C\C=C/C\C=C/C\C=C/CC1OC1C\C=C/CC,919.08,919.08,5.68E-13,7.576965094,6.372170925,10,2,0,1,1,10,"(0, 10, 6.372170925140381, 2, 1, 10, 1.0, 2.0, 5.0, 2.0, 0)",,lower_bound,0,1,1,2,5,2,0
40818,[H][C@](COC(=O)CCCCCCCCCCCCCCC)(COC(=O)CCCCCCCCCCCCCCC(C)C)OC(=O)CCCCCCCCCCCCCCCCCC(C)C,[H][C@](COC(=O)CCCCCCCCCCCCCC)(COC(=O)CCCCCCCCCCCCCCCCCC)OC(=O)CCCCCCCCCCCCCCCCCC(C)C,905.528,905.528,1.14E-13,4.546446085,3.326361418,2,1,0,1,1,10,"(0, 2.0, 3.3263614177703857, 1, 1, 10, 1.0, 0.0, 2.0, 1.0, 0)",,exact,1,0,1,0,2,1,0
41289,[H][C@@](COC(=O)CCCCCCCCCCCCCCCCCCCC)(COC(=O)CCCCCCCCCCCCC(C)CC)OC(=O)CCCCCCCCCCCCCC,[H][C@@](COC(=O)CCCCCCCCCCCCCCCCCCC(C)C)(COC(=O)CCCCCCCCCCCCC(C)C)OC(=O)CCCCCCCCCCC(C)CC,877.474,877.474,0,4.156198978,2.919032335,4,1,0,1,1,10,"(0, 4.000000000000629, 2.919032335281372, 1, 1, 10, 2.0, 0.0, 4.0, 2.0, 0)",,exact,1,0,2,0,4,2,0
41507,[H][C@@](COC(=O)CCC\C=C/CC1OC1C\C=C/C\C=C/CCCCC)(COP(O)(=O)OP(O)(=O)OC[C@H]1O[C@H]([C@H](O)[C@@H]1O)N1C=CC(N)=NC1=O)OC(=O)CCCCCCCCC(C)CC,[H][C@@](COC(=O)CCCCCCCCCCCCCCCCCCCC)(COC(=O)CCCCCCCCCCCCCCCC(C)C)OC(=O)CCCCCCCCCCCCCCCCCCC,976.048,975.663,0.385,1.225182772,0.002142191,43,2,0,0,0,10,"(0, 43.0, 0.002142190933227539, 2, 0, 10, 43.0, None, None, None, 0.0)",,lower_bound,0,1,43,,,,0
41719,[H][C@](COC(=O)CCCCCCCCCCCCCCCCCCCC)(COC(=O)CCCCCCCCCCCCCCCCC(C)C)OC(=O)CCCCCCC,[H][C@@](COC(=O)CCCCCCCCCCCCCCCC)(COC(=O)CCCCCCCCCCCC(C)C)OC(=O)CCCCCCCCCCCCCC(C)C,821.366,821.366,1.14E-13,8.783272266,7.597499371,6,1,0,1,1,10,"(0, 6.0, 7.597499370574951, 1, 1, 10, 1.0, 0.0, 2.0, 1.0, 0)",,exact,1,0,1,0,2,1,0
42724,[H][C@](COC(=O)CCCCCCCCCCC)(COC(=O)CCCCCCCCCCCCCCCCCCCCC)OC(=O)CCCCCCCCCCCCC,[H][C@@](COC(=O)CC\C=C/C\C=C/C[C@H](O)\C=C\C=C/C=C/[C@H](O)C\C=C/CC)(COP(O)(=O)OCCN)O\C=C\CCCCCCCC\C=C/CCCCCC,807.339,806.075,1.264,1.139701843,0.00303483,19,2,0,0,0,10,"(0, 19.0, 0.003034830093383789, 2, 0, 10, 19.0, None, None, None, 0.0)",,lower_bound,0,1,19,,,,0
42727,[H][C@](COC(=O)CCCCCCCCCCCCCCC)(COC(=O)CCCCCCCCCCCCCCCC(C)C)OC(=O)CCCCCCCCCCCC,[H][C@](COC(=O)CCCCCCCCCCCCCCCC)(COC(=O)CCCCCCCCCCCCCCCCCCCC)OC(=O)CCCCCCCCC,807.339,807.339,1.14E-13,3.798905849,2.38589716,4,1,0,1,1,10,"(0, 4.0, 2.385897159576416, 1, 1, 10, 1.0, 0.0, 2.0, 1.0, 0)",,exact,1,0,1,0,2,1,0
43184,[H][C@@](COCCCCCCCCCCCCCCCCCC)(COC(=O)CCCCCCCCC\C=C/CCCCCC)OC(=O)CCC\C=C/C\C=C/C\C=C/C\C=C/CCCCC,[H][C@](N)(COP(O)(=O)OC[C@@]([H])(COC(=O)CCCCCCCCCCCCCCCCCCCCC)OC(=O)CCCCC\C=C/C\C=C/C\C=C/C\C=C/CCCCC)C(O)=O,895.492,896.241,0.749,1.157268047,0.001993895,16,2,0,0,0,10,"(0, 16.0, 0.001993894577026367, 2, 0, 10, 16.0, None, None, None, 0.0)",,lower_bound,0,1,16,,,,0
43917,[H][C@@](COC(=O)CCCCCCCCC1=C(C)C(C)=C(CCCCC)O1)(COP(O)(=O)OCCN)OC(=O)CCC\C=C/C\C=C/C\C=C/C\C=C/[C@H](O)CCCC,[H][C@@](COC(=O)CCCCCCCCCCCCCCC)(COC(=O)CCCCCCCCCCC(C)CC)OC(=O)CCCCCCCCCCCCCCCCC,822.074,821.366,0.708,1.158903599,0.004017115,20.5,2,0,0,0,10,"(0, 20.5, 0.0040171146392822266, 2, 0, 10, 20.5, None, None, None, 0.0)",,lower_bound,0,1,20.5,,,,0
44130,[H][C@@](COC(=O)CCCCCCCCCCCCC(C)C)(COC(=O)CCCCCCCCCC(C)C)OC(=O)CCCCCCCCCCCCCCCCC(C)CC,[H][C@](COC(=O)CCCCCCCCCCCCCCC)(COC(=O)CCCCCCCCCCCCCCCC(C)C)OC(=O)CCCCCCCCCCC(C)CC,835.393,835.393,3.41E-13,60,,,,1,0,,,,Exceeded 60 seconds,unknown,0,0,,,,,
45494,[H][C@](COC(=O)CCCCCCCCCCCCC)(COC(=O)CCCCCC\C=C/C\C=C/C\C=C/CCCCC)OC(=O)CCCCCCCCC\C=C/C\C=C/CCCCC,[H][C@@](COC(=O)CCC\C=C/C\C=C/C\C=C/C\C=C/C=C/[C@@H](O)CC)(COP(O)(=O)OC[C@H](N)C(O)=O)OC(=O)CCCCCCCCCCC\C=C/CCCCCCCC,881.421,880.154,1.267,1.159636974,0.003202438,17,2,0,0,0,10,"(0, 17.0, 0.0032024383544921875, 2, 0, 10, 17.0, None, None, None, 0.0)",,lower_bound,0,1,17,,,,0
46648,[H][C@](O)(CO)COP(O)(=O)OC[C@@]([H])(COC(=O)CCCCCCC\C=C/CCCCCCCC)OC(=O)CCCC(=O)\C=C\C=C/C\C=C/C\C=C/CCCCC,[H][C@@](COC(=O)CCC\C=C/C\C=C/CC1OC1C\C=C/CCCCC)(COP(O)(=O)OCCN)OC(=O)CCCCCCCCCCCCCCCCCCC,811.047,812.123,1.076,4.68391037,3.513433933,10,2,0,1,1,10,"(0, 10, 3.5134339332580566, 2, 1, 10, 5.0, 5.0, 8.75, 7.0, 0)",,lower_bound,0,1,5,5,8.75,7,0
47236,[H][C@](COC(=O)CCCCCCCCCCCCCCCCCC)(COC(=O)CCCCCCCCCCCCCCCC(C)C)OC(=O)CCCCCCCCCCCCCCC(C)C,[H][C@@](COC(=O)CCCCCCCCCCCCCCCC)(COC(=O)CCCCCCCCCCCCCCCCCCC(C)C)OC(=O)CCCCCCCCCCCCCC(C)C,919.555,919.555,0,12.24080229,11.06181169,6,1,0,1,1,10,"(0, 6.0, 11.061811685562134, 1, 1, 10, 0.0, 0.0, 0.0, 0.0, 0)",,exact,1,0,0,0,0,0,0
48383,[H][C@](COC(=O)CCCCCCC\C=C/CCCCCCCC)(COC(=O)CCCC\C=C/C\C=C/C\C=C/C\C=C/CC)OC(=O)CCCCCCC\C=C/C\C=C/CCCCC,[H][C@@](COC(=O)CCCCCCCCCCC\C=C/C\C=C/CCCCC)(COP([O-])(=O)OCC[N+](C)(C)C)OC(=O)CCC\C=C/C\C=C/C\C=C/C=C/[C@@H](O)CCCCC,877.389,878.226,0.837,1.18797636,0.00398922,16,2,0,0,0,10,"(0, 16.0, 0.003989219665527344, 2, 0, 10, 16.0, None, None, None, 0.0)",,lower_bound,0,1,16,,,,0
48534,[H][C@@](COC(=O)CCCCCCCCCCCCCCCCC)(COC(=O)CCCCCCCCCCCCCCCCCCCC)OC(=O)CCCCCCCCCCCCCCCCC(C)CC,CCCCC[C@H](O)\C=C\[C@H]1[C@H](O)C[C@H](O)[C@@H]1CCCCCCC(=O)O[C@H](COC(=O)CCCCC\C=C/C\C=C/C\C=C/C\C=C/C\C=C/CC)COP(O)(=O)OC[C@@H](O)COP(O)(O)=O,975.663,977.116,1.453,1.137509346,0.002999783,34,2,0,0,0,10,"(0, 34.0, 0.0029997825622558594, 2, 0, 10, 34.0, None, None, None, 0.0)",,lower_bound,0,1,34,,,,0
48787,[H][C@@](COC(=O)CCCCCCCCCCCCCCCCCCCC)(COC(=O)CCCCCCCCCCC(C)C)OC(=O)CCCCCCCCCCCCCCC(C)C,[H][C@@](COC(=O)CCCCCCCCCCCCCCCCCC)(COC(=O)CCCCCCCCCCCCCCCCCCCC)OC(=O)CCCCCCCCC(C)CC,877.474,877.474,1.14E-13,11.65166998,10.48236632,6,1,0,1,1,10,"(0, 6.0, 10.48236632347107, 1, 1, 10, 1.0, 0.0, 2.5, 1.0, 0)",,exact,1,0,1,0,2.5,1,0
49512,[H][C@@](COCCCCCCCCCCCCCCCCCC)(COC(=O)CCCCCC\C=C/C\C=C/C\C=C/C\C=C/CC)OC(=O)CCCCCCCCCCCCC,CCCCCCCCCCCCCCCCCCCC(=O)OC[C@]([H])(COP([O-])(=O)OCC[N+](C)(C)C)OC(=O)CCC\C=C/C\C=C/C\C=C/CCCCCCCC,841.4,840.221,1.179,1.165040493,0.001997709,16,2,0,0,0,10,"(0, 16.0, 0.001997709274291992, 2, 0, 10, 16.0, None, None, None, 0.0)",,lower_bound,0,1,16,,,,0
50563,[H][C@](COC(=O)CCCCCCCCCCCCCCCCC)(COC(=O)CCCCCCCCCCCCCCCCCCCCC(C)CC)OC(=O)CCCCCCCCCCCC(C)C,[H][C@@](COC(=O)CCC\C=C/C\C=C/C\C=C/C=C/C(=O)CCCCC)(COP(O)(=O)O[C@H]1C(O)C(O)C(O)[C@@H](OP(O)(O)=O)C1O)OC(=O)CCCCCCC\C=C/C\C=C/CCC,947.609,949.018,1.409,1.144539118,0.002995014,35,2,0,0,0,10,"(0, 35.0, 0.002995014190673828, 2, 0, 10, 35.0, None, None, None, 0.0)",,lower_bound,0,1,35,,,,0
51891,[H][C@@](COC(=O)CCCCCCCCCCCCCC)(COC(=O)CCCCCCCCCCCCCCCCC)OC(=O)CCCCCCCCCCC(C)CC,[H][C@@](COC(=O)CCCCCCC)(COC(=O)CCCCCCCCCCCCCCCCCCCCC)OC(=O)CCCCCCCCCCCCCCC(C)C,807.339,807.339,1.14E-13,10.80847669,9.660386562,6,1,0,1,1,10,"(0, 6.0, 9.660386562347412, 1, 1, 10, 0.0, 0.0, 1.0, 0.0, 0)",,exact,1,0,0,0,1,0,0
53002,[H][C@](COC(=O)CCCCCCCCCCCCCCCCCC)(COC(=O)CCCCCCCCCCCCCCCCCCCCC(C)CC)OC(=O)CCCCCCCCCCCCCCC,[H][C@@](COC(=O)CCCCCCCCCCCCCCCCCCCCC)(COC(=O)CCCCCCCCCCCCCCC(C)C)OC(=O)CCCCCCCCCCCCCCCCC(C)C,975.663,975.663,1.14E-13,11.4960947,10.30163789,6,1,0,1,1,10,"(0, 6.0, 10.301637887954712, 1, 1, 10, 1.0, 0.0, 2.5, 1.0, 0)",,exact,1,0,1,0,2.5,1,0
55329,CC1C2C(CC3C4CCC5CC(CCC5(C)C4CCC23C)OC2OC(CO)C(OC3OC(CO)C(O)C(OC4OCC(O)C(O)C4O)C3O)C(O)C2O)OC11CCC(C)CO1,CCCCC[C@@H](O)\C=C\[C@H]1[C@H](O)C[C@H](O)[C@H]1C\C=C/CC(=O)OC[C@H](COP(O)(=O)OC[C@@H](O)COP(O)(O)=O)OC(=O)CCCCCCCCCCCCC(C)C,873.043,872.964,0.079,1.216729879,0.002960682,16,2,0,0,0,10,"(0, 16.0, 0.002960681915283203, 2, 0, 10, 16.0, None, None, None, 0.0)",,lower_bound,0,1,16,,,,0
55349,[H][C@@](COC(=O)CCCCCCCCCCCCC)(COC(=O)CCCCCCCCCCCCCCCCCCCC)OC(=O)CCCCCCCCCCCCC(C)C,[H][C@@](COC(=O)CCC\C=C/C\C=C/C\C=C/C\C=C/C=C/[C@@H](O)CC)(COP(O)(=O)OC[C@H](N)C(O)=O)OC(=O)CCCCCC\C=C/C\C=C/C\C=C/CCCCC,849.42,848.068,1.352,1.149022818,0.001993895,22,2,0,0,0,10,"(0, 22.0, 0.001993894577026367, 2, 0, 10, 22.0, None, None, None, 0.0)",,lower_bound,0,1,22,,,,0
56057,[H][C@](N)(COP(O)(=O)OC[C@@]([H])(COC(=O)CCCCCCCCC\C=C/C\C=C/CCCCC)OC(=O)CCCCC\C=C/C\C=C/C\C=C/C\C=C/CCCCC)C(O)=O,[H][C@@](COC(=O)CCCCCCCCCCCCCCC)(COP(O)(=O)O[C@H]1C(O)C(O)C(O)[C@@H](O)C1O)OC(=O)CCCCCCCCC\C=C/C\C=C/CCCCC,864.155,863.12,1.035,1.456968307,0.301967859,14,2,0,0,0,10,"(0, 14.0, 0.3019678592681885, 2, 0, 10, 8.0, 8.5, None, 14.0, 0.0)",,lower_bound,0,1,8,8.5,,14,0
56992,[H][C@](COC(=O)CCCCCCCCCCCC)(COC(=O)CCCCCCCCCCCCCCCCC(C)C)OC(=O)CCCCCCCCCCCCCCC,[H][C@@](COC(=O)CCCCCCCC(=O)\C=C\C=C/CCCCC)(COP([O-])(=O)OCC[N+](C)(C)C)OC(=O)CCC\C=C/C\C=C/C\C=C/CCCCCCCC,821.366,822.118,0.752,1.138914347,0.00312686,18,2,0,0,0,10,"(0, 18.0, 0.003126859664916992, 2, 0, 10, 18.0, None, None, None, 0.0)",,lower_bound,0,1,18,,,,0
57158,[H][C@@](COC(=O)CCCCCCCCCC(C)C)(COP(O)(=O)OP(O)(=O)OC[C@H]1O[C@H]([C@H](O)[C@@H]1O)N1C=CC(N)=NC1=O)OC(=O)CCC[C@@H](O)\C=C\C=C/C\C=C/C\C=C/CCCCC,[H][C@](COC(=O)CCCCC\C=C/C\C=C/C\C=C/C\C=C/CCCCC)(COC(=O)CC\C=C/C\C=C/C\C=C/C\C=C/C\C=C/C\C=C/CC)OC(=O)CCCC\C=C/C\C=C/C\C=C/C\C=C/CC,976.048,975.493,0.555,1.128765583,0.003122807,43,2,0,0,0,10,"(0, 43.0, 0.0031228065490722656, 2, 0, 10, 43.0, None, None, None, 0.0)",,lower_bound,0,1,43,,,,0
57311,[H][C@](O)(CO)COP(O)(=O)OC[C@@]([H])(COC(=O)CCC[C@@H](O)\C=C\C=C/C\C=C/C=C/[C@@H](O)CCCCC)OC(=O)CCCCCCC\C=C/C=C\CCCCCC,[H][C@](COC(=O)CCCCCCC\C=C/CCCC)(COC(=O)CCCCCCC\C=C/CCCCCCCC)OC(=O)CCCCCCC\C=C/C\C=C/CCCCC,827.046,827.329,0.283,1.132463694,0.001995802,18,2,0,0,0,10,"(0, 18.0, 0.0019958019256591797, 2, 0, 10, 18.0, None, None, None, 0.0)",,lower_bound,0,1,18,,,,0
57775,[H][C@@](COC(=O)CCCCCCCCCCCC(C)C)(COC(=O)CCCCCCCCCCC(C)C)OC(=O)CCCCCCCCCCCCCCCCCCCC,[H][C@](COC(=O)CCCCCCCCCCCCCCCC)(COC(=O)CCCCCCCCCCCCCCCCCCC)OC(=O)CCCCCCCCC(C)CC,835.393,835.393,3.41E-13,3.623595476,2.467233419,6,1,0,1,1,10,"(0, 6.0, 2.467233419418335, 1, 1, 10, 1.0, 0.0, 2.5, 1.0, 0)",,exact,1,0,1,0,2.5,1,0
58609,[H]C1=C(CCCCC)OC(CCCCCCCCCCCCC(=O)OC(COC(=O)CCCCCCCCC2=C(C)C([H])=C(CCCCC)O2)COP(O)(=O)OCC[N+](C)(C)C)=C1C,[H][C@@](COC(=O)CCCCCCCCCCCCC1=C(C)C(C)=C(CCCCC)O1)(COP([O-])(=O)OCC[N+](C)(C)C)OC(=O)CCCCCCCC(O)\C=C\C=C\C\C=C\CC,895.233,894.225,1.008,1.542110205,0.389812231,12.25,2,0,0,0,10,"(0, 12.25, 0.3898122310638428, 2, 0, 10, 3.5, 7.25, 12.25, 5.0, 0.0)",,lower_bound,0,1,3.5,7.25,12.25,5,0
58813,[H][C@@](COC(=O)CCCCCCCCCCC\C=C/C\C=C/CCCCC)(COP(O)(=O)OCCN)OC(=O)CCCCCCCC(=O)\C=C\C=C/CCCCC,[H][C@@](COC(=O)CCCCCCCCCCCCCC)(COP(O)(=O)OC[C@H](N)C(O)=O)OC(=O)CCC(O)\C=C/C=C\C\C=C/C\C=C/C\C=C/C\C=C/CC,810.107,810.019,0.088,4.089286566,2.945422411,10,2,0,1,1,10,"(0, 10, 2.945422410964966, 2, 1, 10, 6.0, 5.0, 9.75, 7.0, 0)",,lower_bound,0,1,6,5,9.75,7,0
59520,[H][C@](COC(=O)CCCCCCCCCCCCCCCCCC(C)C)(COC(=O)CCCCCCCCCCC(C)CC)OC(=O)CCCCCCCCCCCCCCCCCCC,[H][C@@](COC(=O)CCC[C@H](O)[C@@H](O)C\C=C/C\C=C/C\C=C/C\C=C/CC)(COP(O)(=O)O[C@H]1[C@H](O)[C@@H](O)[C@H](O)[C@@H](O)[C@H]1O)OC(=O)CCCCCCCCCCCCCCCCC,919.555,919.14,0.415,1.200917721,0.00299263,25,2,0,0,0,10,"(0, 25.0, 0.0029926300048828125, 2, 0, 10, 25.0, None, None, None, 0.0)",,lower_bound,0,1,25,,,,0
60002,[H][C@@](COC(=O)CCCCCCCCCCCC)(COC(=O)CCCCCCCCCCCCCCCCCCCCC)OC(=O)CCCCCCCCCCCCC,CCCCCCCCCCCCCCCC\C=C/OC[C@]([H])(COP([O-])(=O)OCC[N+](C)(C)C)OC(=O)CCCCC\C=C/C\C=C/C\C=C/C\C=C/CCCCC,821.366,822.206,0.84,1.129049778,0.001993418,15,2,0,0,0,10,"(0, 15.0, 0.001993417739868164, 2, 0, 10, 15.0, None, None, None, 0.0)",,lower_bound,0,1,15,,,,0
61417,[H][C@](COC(=O)CCCCCCCCCCCCC)(COC(=O)CCCCCCCCCCC(C)CC)OC(=O)CCCCCCCCCCCCCCCCCCCC,[H][C@@](COC(=O)CCCCCCCCCCCC)(COC(=O)CCCCCCCCCCCCCCCC(C)C)OC(=O)CCCCCCCCCCCCCCCCC,835.393,835.393,3.41E-13,3.667767286,2.463274002,4,1,0,1,1,10,"(0, 4.0, 2.4632740020751953, 1, 1, 10, 0.0, 0.0, 1.0, 0.0, 0)",,exact,1,0,0,0,1,0,0
61530,[H][C@](COC(=O)CCCCCCCCCCCCCCCC(C)C)(COC(=O)CCCCCCCCCCCCC(C)CC)OC(=O)CCCCCCCCCCCC,[H][C@](COC(=O)CCCCCCCCCCCCCCCCC(C)C)(COC(=O)CCCCCCCCCCCCC(C)CC)OC(=O)CCCCCCCCC(C)C,821.366,821.366,1.14E-13,18.701828,17.44293404,6,1,0,1,1,10,"(0, 6.0, 17.442934036254883, 1, 1, 10, 1.0, 0.0, 2.0, 1.0, 0)",,exact,1,0,1,0,2,1,0
62994,[H][C@](COC(=O)CCCCCCC\C=C/CCCCCC)(COC(=O)CCCCCCC\C=C/CCCCCCCC)OC(=O)CCCCC\C=C/C\C=C/C\C=C/C\C=C/C\C=C/CC,[H][C@](O)(COP(O)(O)=O)COP(O)(=O)OC[C@@]([H])(COC(=O)CCCC\C=C/C\C=C/C\C=C/CCCCC)OC(=O)CCC[C@@H](O)\C=C/C=C/C=C/[C@@H](O)C\C=C/CCCCC,905.443,905.009,0.434,1.142434359,0.002993345,27,2,0,0,0,10,"(0, 27.0, 0.002993345260620117, 2, 0, 10, 27.0, None, None, None, 0.0)",,lower_bound,0,1,27,,,,0
63126,[H][C@@](COC(=O)CCC\C=C/C\C=C/C\C=C/C=C/C(=O)CCCCC)(COP(O)(=O)O[C@H]1[C@H](O)[C@@H](O)[C@H](O)[C@@H](O)[C@H]1O)OC(=O)CCCCCCCCC\C=C/CCCCCCCC,[H][C@](COC(=O)CCCCCCC\C=C/CCCC)(COC(=O)CCCCC\C=C/C\C=C/C\C=C/C\C=C/C\C=C/CC)OC(=O)CCCCC\C=C/C\C=C/C\C=C/C\C=C/CCCCC,927.163,927.449,0.286,1.141412497,0.003023863,21,2,0,0,0,10,"(0, 21.0, 0.003023862838745117, 2, 0, 10, 21.0, None, None, None, 0.0)",,lower_bound,0,1,21,,,,0
63233,[H][C@](COC(=O)CCCCCCCCCCCCCC)(COC(=O)CCC\C=C/C\C=C/C\C=C/C\C=C/C\C=C/CC)OC(=O)CCCCCCC\C=C/CCCCCC,[H][C@](O)(CO)COP(O)(=O)OC[C@@]([H])(COC(=O)CCC\C=C/C\C=C/C=C/C(O)C\C=C/C\C=C/CC)OC(=O)CCCCCCCCC\C=C/C\C=C/CCCCC,837.324,837.085,0.239,1.182284117,0.001994133,15,2,0,0,0,10,"(0, 15.0, 0.0019941329956054688, 2, 0, 10, 15.0, None, None, None, 0.0)",,lower_bound,0,1,15,,,,0
63557,[H][C@](COC(=O)CCCCCCCCCCCCC)(COC(=O)CC\C=C/C\C=C/C\C=C/C\C=C/C\C=C/C\C=C/CC)OC(=O)CCCCCCCCCCCCCCCCCCC,[H][C@@](COC(=O)CCC\C=C/C\C=C/C\C=C/C=C/CC(O)\C=C/CC)(COP([O-])(=O)OCC[N+](C)(C)C)OC(=O)CCCCCCCCCCCCCCCCCCCCCCC,907.459,908.296,0.837,1.167938709,0.003122091,16,2,0,0,0,10,"(0, 16.0, 0.003122091293334961, 2, 0, 10, 16.0, None, None, None, 0.0)",,lower_bound,0,1,16,,,,0
63994,[H][C@@](COC(=O)CCCCCCCCC)(COC(=O)CCCCCCCCCCCCCCCCCCCCC(C)CC)OC(=O)CCCCCCCCCCCCCCCCCCCCC(C)C,[H][C@@](COC(=O)CCCCCCCCCCCCCCCCCCC)(COC(=O)CCCCCCCCCCCCCCCCCCCCC(C)CC)OC(=O)CCCCCCCCCCC(C)C,961.636,961.636,1.14E-13,9.230478764,8.042454243,4,1,0,1,1,10,"(0, 4.0, 8.042454242706299, 1, 1, 10, 0.0, 0.0, 0.0, 0.0, 0)",,exact,1,0,0,0,0,0,0
64113,CCCCCCCC\C=C/CCCCCCCCCCCC(=O)O[C@]([H])(COC(=O)CCCCCCC\C=C/C\C=C/CCCCC)COP([O-])(=O)OCC[N+](C)(C)C,[H][C@](N)(COP(O)(=O)OC[C@@]([H])(COC(=O)CCCCCCCCCCC\C=C/CCCCCCCC)OC(=O)CCCC\C=C/C\C=C/C\C=C/CCCCC)C(O)=O,840.221,840.133,0.088,3.102319241,1.904144287,10,1,0,1,1,10,"(0, 10.0, 1.904144287109375, 1, 1, 10, 7.0, 4.0, 6.0, 8.0, 0)",,exact,1,0,7,4,6,8,0
64586,[H][C@](COC(=O)CCCCCCCCCCCCCCCCCCCCC(C)C)(COC(=O)CCCCCCCCCCC(C)CC)OC(=O)CCCCCCCCCCC,[H][C@](COC(=O)CCCCCCCCCCCCCCCCCCC)(COC(=O)CCCCCCCCCCCCC(C)C)OC(=O)CCCCCCCCCCC(C)CC,849.42,849.42,2.27E-13,3.669614792,2.533067703,4,1,0,1,1,10,"(0, 4.000000000000168, 2.5330677032470703, 1, 1, 10, 0.0, 0.0, 0.0, 0.0, 0)",,exact,1,0,0,0,0,0,0
65065,[H][C@@](COC(=O)CCCCCCCCCCCCCCCCC)(COC(=O)CCCCCCCCCCCC(C)C)OC(=O)CCCCCCCCCCCCCCCCC(C)C,CCCCC[C@H](O)\C=C\[C@@H]1[C@@H](C\C=C/CCCC(=O)O[C@H](COC(=O)CCCCCCCCCCC2=C(C)C(C)=C(CCC)O2)COP([O-])(=O)OCC[N+](C)(C)C)C=CC1=O,877.474,878.138,0.664,1.163395166,0.002992153,25.5,2,0,0,0,10,"(0, 25.5, 0.0029921531677246094, 2, 0, 10, 25.5, None, None, None, 0.0)",,lower_bound,0,1,25.5,,,,0
65124,[H][C@@](COC(=O)CCCCCCCCCCCC)(COC(=O)CCCCCCCCCCCCCCC(C)C)OC(=O)CCCCCCCCCCCCCCCCCC(C)C,[H][C@@](COC(=O)CCCCCCCCCCCCCCCCC(C)CC)(COC(=O)CCCCCCCCCCCCCC(C)C)OC(=O)CCCCCCCCCCC(C)C,863.447,863.447,0,6.212900877,5.044338465,6,1,0,1,1,10,"(0, 6.0, 5.0443384647369385, 1, 1, 10, 1.0, 0.0, 2.0, 1.0, 0)",,exact,1,0,1,0,2,1,0
65156,[H][C@@](COC(=O)CCCCCCCCCCCCCC)(COC(=O)CCCCCCCCCCCCCCCCCCC)OC(=O)CCCCCCCCCCCC(C)C,[H][C@](COC(=O)CCCCCCCCCCCCCCCC)(COC(=O)CCCCCCCCCCCCC(C)CC)OC(=O)CCCCCCCCCCCCCCC,835.393,835.393,0,6.497049809,5.312651634,6,1,0,1,1,10,"(0, 6.0, 5.312651634216309, 1, 1, 10, 0.0, 0.0, 1.0, 0.0, 0)",,exact,1,0,0,0,1,0,0
66784,[H][C@@](COC(=O)CCC\C=C/C\C=C/C\C=C/C=C/CC(O)\C=C/CC)(COP([O-])(=O)OCC[N+](C)(C)C)OC(=O)CCCCCCC\C=C/C\C=C/CCCCC,[H][C@@](COC(=O)CCCCCCC)(COC(=O)CCCCCCCCCCCCCCCCCCCCC(C)C)OC(=O)CCCCCCCCCCCCCCCC,820.102,821.366,1.264,1.158218145,0.001996756,20,2,0,0,0,10,"(0, 20.0, 0.001996755599975586, 2, 0, 10, 20.0, None, None, None, 0.0)",,lower_bound,0,1,20,,,,0
67093,[H][C@@](COC(=O)CCCCCCCCCCCCCCCCCCCCC(C)CC)(COC(=O)CCCCCCCCCCC(C)C)OC(=O)CCCCCCCCCCCCCCCCCCC,[H][C@@](COC(=O)CCCCCCCCCCCCCCC(C)C)(COC(=O)CCCCCCCCCCCCCC(C)C)OC(=O)CCCCCCCCCCCCCCCCCCCCC(C)C,961.636,961.636,1.14E-13,4.801472664,3.637117147,6,1,0,1,1,10,"(0, 6.0, 3.6371171474456787, 1, 1, 10, 1.0, 0.0, 2.5, 1.0, 0)",,exact,1,0,1,0,2.5,1,0
67901,[H][C@](O)(CO)COP(O)(=O)OC[C@@]([H])(COC(=O)CCCC1OC1C\C=C/C\C=C/C\C=C/CCCCC)OC(=O)CCC\C=C/C\C=C/C\C=C/C\C=C/CCCCC,[H][C@@](COC(=O)CCCCCCCCCCCCCCCCCCCCC(C)C)(COC(=O)CCCCCCCCC(C)C)OC(=O)CCCCCCCCCCCCC,835.069,835.393,0.324,1.147931337,0.003026485,19,2,0,0,0,10,"(0, 19.0, 0.0030264854431152344, 2, 0, 10, 19.0, None, None, None, 0.0)",,lower_bound,0,1,19,,,,0
68043,[H][C@@](COC(=O)CCCCCCCCCCCCC)(COC(=O)CCCCCCCCCCCCCCCCCCC(C)C)OC(=O)CCCCCCCCCCCCCCCCCCC(C)C,[H][C@@](COC(=O)CCCCCCCCCCCCCCCCC)(COC(=O)CCCCCCCCCCCCCCCCC(C)CC)OC(=O)CCCCCCCCCCCCCCCCCC,947.609,947.609,1.14E-13,8.461795807,7.250038385,6,1,0,1,1,10,"(0, 6.0, 7.250038385391235, 1, 1, 10, 1.0, 0.0, 2.5, 1.0, 0)",,exact,1,0,1,0,2.5,1,0
68960,[H][C@@](COC(=O)CCCCCCCCCCCCC)(COC(=O)CCCCCCCCCCCCCCC(C)C)OC(=O)CCCCCCCCCCCCCCCCCCC,[H][C@@](COC(=O)CCCCCCCCC1=C(C)C(C)=C(CCCCC)O1)(COP([O-])(=O)OCC[N+](C)(C)C)OC(=O)CCC\C=C\C=C/C(O)C\C=C/C\C=C/CCCCC,863.447,864.155,0.708,1.356146812,0.007367611,23.5,2,0,0,0,10,"(0, 23.5, 0.007367610931396484, 2, 0, 10, 23.5, None, None, None, 0.0)",,lower_bound,0,1,23.5,,,,0
68982,CCCCCCCC\C=C/CCCCCCCCCCCC(=O)OC[C@]([H])(COP([O-])(=O)OCC[N+](C)(C)C)OC(=O)CCCCCCCCCCC\C=C/C\C=C/CCCCC,[H][C@](O)(CO)COP(O)(=O)OC[C@@]([H])(COC(=O)CCCCCCCCCCCCCCCCC(C)CC)OC(=O)CC\C=C/C\C=C/C[C@@H](O)\C=C\C=C/C=C/[C@@H](O)C\C=C/CC,896.329,897.181,0.852,1.1638515,0.004150629,11,2,0,0,0,10,"(0, 11.0, 0.0041506290435791016, 2, 0, 10, 11.0, None, None, None, 0.0)",,lower_bound,0,1,11,,,,0
69765,CCCCCC1=C(C)C(C)=C(CCCCCCCCC(=O)OCC(COP(O)(=O)OCC[N+](C)(C)C)OC(=O)CCCCCCCCCCC2=C(C)C(C)=C(CCC)O2)O1,[H][C@@](COC(=O)CCCCCCCCC1=C(C)C=C(CCCCC)O1)(COP(O)(=O)OCCN(C)C)OC(=O)CCCCCCCCCCC1=C(C)C(C)=C(CCCCC)O1,867.179,866.171,1.008,3.201456785,2.012048244,4,1,0,1,1,10,"(0, 4.0, 2.0120482444763184, 1, 1, 10, 2.0, 1.0, 5.0, 3.0, 0)",,exact,1,0,2,1,5,3,0
71661,[H][C@@](COC(=O)CCCCCCCCCCCCC1=C(C)C(C)=C(CCCCC)O1)(COP([O-])(=O)OCC[N+](C)(C)C)OC(=O)CCC[C@@H](O)\C=C\C=C/C\C=C/C\C=C/CCCCC,[H][C@@](COC(=O)CCCCCCCCCCCCCCCCC)(COC(=O)CCCCCCCCCCCCCCCCC(C)CC)OC(=O)CCCCCCCCCCCCCC(C)C,920.263,919.555,0.708,1.191514492,0.0030725,22.5,2,0,0,0,10,"(0, 22.5, 0.003072500228881836, 2, 0, 10, 22.5, None, None, None, 0.0)",,lower_bound,0,1,22.5,,,,0
72604,[H][C@@](COC(=O)CCCCCCCCCCCCCCCC(C)C)(COC(=O)CCCCCCCCCCC(C)C)OC(=O)CCCCCCCCCCCCCCC(C)C,[H][C@](COC(=O)CCCCCCCCCCC)(COC(=O)CCCCCCCCCCCCCCCCCCC(C)C)OC(=O)CCCCCCCCCCCCC(C)CC,849.42,849.42,1.14E-13,3.84776783,2.624887943,6,1,0,1,1,10,"(0, 6.0, 2.6248879432678223, 1, 1, 10, 1.0, 0.0, 2.5, 1.0, 0)",,exact,1,0,1,0,2.5,1,0
75066,[H][C@](COC(=O)CCCCCCCCCCC)(COC(=O)CCCCCCCCCCCCCCCCCC(C)C)OC(=O)CCCCCCCCCCCCCCCCCCCCC(C)C,[H][C@](COC(=O)CCCCCCCCCCCCCCCCC)(COC(=O)CCCCCCCCCCCCCCCCC(C)CC)OC(=O)CCCCCCCCCCCCCCCCC,933.582,933.582,1.14E-13,6.845801592,5.70363903,6,1,0,1,1,10,"(0, 6.0, 5.703639030456543, 1, 1, 10, 1.0, 0.0, 2.5, 1.0, 0)",,exact,1,0,1,0,2.5,1,0
75760,[H][C@@](COC(=O)CCC\C=C/C\C=C/C\C=C/CC1OC1CCCCC)(COP([O-])(=O)OCC[N+](C)(C)C)OC(=O)CCCCCC\C=C/C\C=C/C\C=C/CCCCC,[H][C@@](COCCCCCCCCCCCCCCCCCC)(COC(=O)CCCCCCCCCCCCC)OC(=O)CCCCCCCCC\C=C/CCCCCCCC,848.156,847.448,0.708,1.247545958,0.001994848,22,2,0,0,0,10,"(0, 22.0, 0.0019948482513427734, 2, 0, 10, 22.0, None, None, None, 0.0)",,lower_bound,0,1,22,,,,0
77289,[H][C@@](COC(=O)CCCCCCCCCCCCCC)(COC(=O)CCCCCCCCCCCCCCCCCCCCC)OC(=O)CCCCCCCCCCCCCC(C)C,[H][C@@](COC(=O)CCCCCCCCCCCCC)(COC(=O)CCCCCCCCCCCCCCCCCCCC)OC(=O)CCCCCCCCCCCCCCCC(C)C,891.501,891.501,0,33.94942713,32.74402905,6,1,0,1,1,10,"(0, 6.0, 32.74402904510498, 1, 1, 10, 0.0, 0.0, 0.0, 0.0, 0)",,exact,1,0,0,0,0,0,0
78048,[H][C@](O)(COP(O)(O)=O)COP(O)(=O)OC[C@@]([H])(COC(=O)CCCCCCCCCCCCCCCCC(C)CC)OC(=O)CCC\C=C/C\C=C/C\C=C/CC1OC1CCCCC,CC(CCC(O)=O)CC(C)C(=O)SCCNC(=O)CCNC(=O)C(O)C(C)(C)COP(O)(=O)OP(O)(=O)OCC1OC(C(O)C1OP(O)(O)=O)N1C=NC2=C1N=CN=C2N,937.139,937.749,0.61,1.218851089,0.002991915,39,2,0,0,0,10,"(0, 39.0, 0.002991914749145508, 2, 0, 10, 39.0, None, None, None, 0.0)",,lower_bound,0,1,39,,,,0
78279,[H][C@@](COC(=O)CCCCCCCCCCC1=C(C)C(C)=C(CCC)O1)(COP(O)(=O)OCCN)OC(=O)CCC\C=C/C\C=C/C\C=C/CC1OC1CCCCC,[H][C@](O)(CO)COP(O)(=O)OC[C@@]([H])(COC(=O)CCC\C=C/C\C=C/C\C=C/C\C=C/CCCCC)OC(=O)CCC\C=C/C\C=C/C\C=C/CCCCCCCC,822.074,821.086,0.988,1.427104712,0.292111158,11.5,2,0,0,0,10,"(0, 11.5, 0.2921111583709717, 2, 0, 10, 7.5, 8.25, None, 11.5, 0.0)",,lower_bound,0,1,7.5,8.25,,11.5,0
78357,[H][C@](COC(=O)CCCCCCCCCCCCCCCCCCCCC(C)C)(COC(=O)CCCCCCCCCCCC(C)C)OC(=O)CCCCCCCCCCCCC,[H][C@](COC(=O)CCCCCCCCCCCCCCCCCC)(COC(=O)CCCCCCCCC(C)CC)OC(=O)CCCCCCCCCCCCCCCCCC(C)C,877.474,877.474,1.14E-13,4.185647249,3.037337542,4,1,0,1,1,10,"(0, 4.0, 3.0373375415802, 1, 1, 10, 0.0, 0.0, 1.0, 0.0, 0)",,exact,1,0,0,0,1,0,0
80626,CCCCC\C=C/C\C=C/C\C=C/C\C=C/CCCCCC(=O)O[C@H](COC(=O)CCC\C=C/C[C@H]1C=CC(=O)[C@@H]1\C=C\[C@@H](O)CCCCC)COP(O)(O)=O,CCCCC[C@H](O)\C=C\[C@@H]1[C@@H](CCCCCCC(=O)O[C@H](COC(=O)CCCCCCCCCCCCCCCCC(C)C)COP(O)(O)=O)[C@@H](O)CC1=O,803.027,803.068,0.041,1.588547945,0.391443253,13.25,2,0,0,0,10,"(0, 13.25, 0.39144325256347656, 2, 0, 10, 8.0, 8.5, 13.25, 10.0, 0.0)",,lower_bound,0,1,8,8.5,13.25,10,0
81508,[H][C@@](COC(=O)CCCCCCCCCCCCCCCCCCCCC(C)C)(COC(=O)CCCCCCCCCCCCC(C)CC)OC(=O)CCCCCCCCCCCCCCCCC(C)C,[H][C@](COC(=O)CCCCCCCCCCCCCCCCCCCCC(C)CC)(COC(=O)CCCCCCCCCCCCCCCCCC(C)C)OC(=O)CCCCCCCCCCC(C)CC,989.69,989.69,0,15.78303123,14.55895424,6,1,0,1,1,10,"(0, 6.0, 14.558954238891602, 1, 1, 10, 0.0, 0.0, 1.0, 0.0, 0)",,exact,1,0,0,0,1,0,0
81538,[H][C@@](COC(=O)CCCCCCCCCCCCC)(COC(=O)CCCCCCCCCCCCC(C)CC)OC(=O)CCCCCCCCCCCCCCC(C)C,[H][C@@](COC(=O)CCCCCCCCCCC\C=C/C\C=C/CCCCC)(COP(O)(=O)OCCN)OC(=O)CCCCCC\C=C/C\C=C/C\C=C/CCCCC,821.366,822.162,0.796,1.231645107,0.00299263,12,2,0,0,0,10,"(0, 12.0, 0.0029926300048828125, 2, 0, 10, 12.0, None, None, None, 0.0)",,lower_bound,0,1,12,,,,0
82646,[H][C@@](COC(=O)CCCCCC\C=C/C\C=C/C\C=C/C\C=C/CC)(COP(O)(=O)OCCN)OC(=O)CCC\C=C\C=C/C(O)C\C=C/C\C=C/CCCCC,[H][C@@](COC(=O)CCCCCC\C=C/C\C=C/C\C=C/CCCCC)(COP(O)(=O)OCCN)OC(=O)CCC\C=C/C\C=C/C\C=C/C=C/C(=O)CCCCC,804.059,804.059,0,3.385296822,2.165605545,8,1,0,1,1,10,"(0, 8.000000000000007, 2.1656055450439453, 1, 1, 10, 2.0, 3.0, 5.0, 2.0, 0)",,exact,1,0,2,3,5,2,0
82647,[H][C@@](COC(=O)CC\C=C/C\C=C/C\C=C/C\C=C/C\C=C/CCCCC)(COP(O)(=O)OC[C@H](N)C(O)=O)OC(=O)CCC\C=C/C\C=C/C\C=C/CC1OC1CCCCC,[H][C@@](COCCCCCCCCCCCCCCCCCC)(COC(=O)CCCCCCC\C=C/CCCCCCCC)OC(=O)CCCCCCCCC\C=C/CCCCCC,874.106,873.486,0.62,1.366745234,0.003023148,25,2,0,0,0,10,"(0, 25.0, 0.0030231475830078125, 2, 0, 10, 25.0, None, None, None, 0.0)",,lower_bound,0,1,25,,,,0
83609,[H][C@](COC(=O)CCCCCCCCCCCCC)(COC(=O)CCCCC\C=C/C\C=C/C\C=C/C\C=C/C\C=C/CC)OC(=O)CCCCCCCCCCC\C=C/C\C=C/CCCCC,[H][C@](COC(=O)CCCCCCCCC\C=C/C\C=C/CCCCC)(COC(=O)CCCCC\C=C/C\C=C/C\C=C/C\C=C/C\C=C/CC)OC(=O)CCCCCCCCCCCCCCC,933.497,933.497,1.14E-13,4.782699347,3.614240646,4,1,0,1,1,10,"(0, 4.0, 3.6142406463623047, 1, 1, 10, 0.0, 0.0, 0.0, 0.0, 0)",,exact,1,0,0,0,0,0,0
85819,[H][C@@](COC(=O)CCC[C@@H](O)[C@H](O)\C=C\C=C\C=C/C=C/[C@H](O)CCCCC)(COP(O)(=O)OC[C@H](N)C(O)=O)OC(=O)CCCCC\C=C/C\C=C/C\C=C/C\C=C/C\C=C/CC,[H][C@@](COC(=O)CCCCCCCCCCCCCCCCCCC)(COC(=O)CCCCCCCCCCCCCC(C)C)OC(=O)CCCCCCCCCCCCCCC(C)C,906.104,905.528,0.576,1.254613876,0.002993584,26,2,0,0,0,10,"(0, 26.0, 0.0029935836791992188, 2, 0, 10, 26.0, None, None, None, 0.0)",,lower_bound,0,1,26,,,,0
86269,CC(=O)OC1C2=C(C)C(CC(O)(C(OC(=O)C3=CC=CC=C3)C3C4(COC4C(O)C(O)C3(C)C1=O)OC(C)=O)C2(C)C)OC(=O)C(O)C(NC(=O)C1=CC=CC=C1)C1=CC=CC=C1,[H][C@](O)(COP(O)(O)=O)COP(O)(=O)OC[C@@]([H])(COC(=O)CCCCCCC\C=C/C=C/C(=O)CCCCC)OC(=O)CCCCCCCCCCCCCCCCC,869.917,869.02,0.897,1.958837748,0.002027273,31,2,0,0,0,10,"(0, 31.0, 0.002027273178100586, 2, 0, 10, 31.0, None, None, None, 0.0)",,lower_bound,0,1,31,,,,0
87904,[H][C@@](COC(=O)CCCCCCCCCCCCCCCC)(COC(=O)CCCCCCCCCCCCCCCC(C)C)OC(=O)CCCCCCCCCCC(C)C,[H][C@](COC(=O)CCCCCCCCCCCCCCCC)(COC(=O)CCCCCCCCCCCCCCCCCCC)OC(=O)CCCCCCCCCC(C)C,835.393,835.393,1.14E-13,35.57121015,34.26895833,6,1,0,1,1,10,"(0, 6.0, 34.26895833015442, 1, 1, 10, 1.0, 0.0, 2.0, 1.0, 0)",,exact,1,0,1,0,2,1,0
90577,[H][C@@](COC(=O)CCCCCCCCCCCCCCCCCCC)(COC(=O)CCCCCCCCCCC(C)CC)OC(=O)CCCCCCCCCCCCCCCCC(C)C,[H]C(COC(=O)CCCCC\C=C/C\C=C/C\C=C/C\C=C/C\C=C/CC)(COP(O)(=O)OCCN(C)C)OC(=O)CCCCCCCCCCCCC\C=C/CCCCCCCC,905.528,904.308,1.22,1.156881094,0.003143787,15,2,0,0,0,10,"(0, 15.0, 0.003143787384033203, 2, 0, 10, 15.0, None, None, None, 0.0)",,lower_bound,0,1,15,,,,0
90802,CC(C)(COP(O)(=O)OP(O)(=O)OCC1OC(C(O)C1OP(O)(O)=O)N1C=NC2=C1N=CN=C2N)C(O)C(=O)NCCC(=O)NCCSC(=O)C=CCCCC=CC(O)=O,[H][C@@](COC(=O)CCCCCCCCC\C=C/C\C=C/CCCCC)(COC(=O)CCCCCCC\C=C/C\C=C/CCCCC)OC(=O)CCC\C=C/C\C=C/C\C=C/CCCCCCCC,933.717,933.497,0.22,1.154774904,0.003148079,61,2,0,0,0,10,"(0, 61.0, 0.0031480789184570312, 2, 0, 10, 61.0, None, None, None, 0.0)",,lower_bound,0,1,61,,,,0
90970,[H][C@@](COC(=O)CCCCCCCC(O)\C=C\C=C\C\C=C\CC)(COP(O)(=O)O[C@H]1[C@H](O)[C@@H](O)[C@H](O)[C@@H](O)[C@H]1O)OC(=O)CCCCCCCCCCCCCCCCCCC,[H][C@](COC(=O)CCCCCCC\C=C/C\C=C/CCCCC)(COC(=O)CCCCCCC\C=C/C\C=C/C\C=C/CC)OC(=O)CCCCCCCCC\C=C/C\C=C/CCCCC,905.157,905.443,0.286,1.149303198,0.0031569,20,2,0,0,0,10,"(0, 20.0, 0.003156900405883789, 2, 0, 10, 20.0, None, None, None, 0.0)",,lower_bound,0,1,20,,,,0
91094,CCCCC[C@H](O)\C=C\[C@H]1OC(O)C[C@H](O)[C@@H]1C\C=C/CCCC(=O)OC[C@H](COP(O)(O)=O)OC(=O)CCCCCCCCCCCCCCCCCCC(C)C,[H][C@@](COC(=O)CCCCCC\C=C/C\C=C/C\C=C/CCCCC)(COP([O-])(=O)OCC[N+](C)(C)C)OC(=O)CCC\C=C/C\C=C/C\C=C/C=C/[C@@H](O)CCCCC,847.121,848.156,1.035,1.219455719,0.003083944,11.5,2,0,0,0,10,"(0, 11.5, 0.003083944320678711, 2, 0, 10, 8.0, 11.5, None, None, 0.0)",,lower_bound,0,1,8,11.5,,,0
91787,[H][C@](COC(=O)CCCCCCCCCCC)(COC(=O)CCCCCCCCCCCCCCCCCCCCC)OC(=O)CCCCCCCCCCCCCCCCCCCCC,[H][C@](COC(=O)CCCCCCCCCCCCCCCCC(C)C)(COC(=O)CCCCCCCCC(C)C)OC(=O)CCCCCCCCCCCCCCCCCCCCC(C)C,919.555,919.555,1.14E-13,4.361194611,3.19691968,6,1,0,1,1,10,"(0, 6.0, 3.1969196796417236, 1, 1, 10, 3.0, 0.0, 6.0, 3.0, 0)",,exact,1,0,3,0,6,3,0
92491,[H][C@](COC(=O)CCCCCCCCCCCCCC)(COC(=O)CCCCCCCCCCCCCCC)OC(=O)CCCCCCC\C=C/CCCCCCCC,[H][C@](O)(CO)COP(O)(=O)OC[C@@]([H])(COC(=O)CCC\C=C/C\C=C/C\C=C/C\C=C/CCCCC)OC(=O)CCCCCC\C=C/C\C=C/C\C=C/C\C=C/CC,819.35,819.07,0.28,1.143373728,0.003129959,18,2,0,0,0,10,"(0, 18.0, 0.0031299591064453125, 2, 0, 10, 18.0, None, None, None, 0.0)",,lower_bound,0,1,18,,,,0
93598,CCCCC[C@H](O)\C=C\[C@H]1OC(O)C[C@H](O)[C@@H]1C\C=C/CCCC(=O)OC[C@H](COP(O)(O)=O)OC(=O)CCCCC\C=C/C\C=C/C\C=C/C\C=C/C\C=C/CC,CCCCC\C=C/C\C=C/C\C=C/C\C=C/C\C=C/CCC(=O)O[C@H](COC(=O)CCC\C=C/C[C@H]1[C@@H](O)CC(O)O[C@@H]1\C=C\[C@@H](O)CCCCC)COP(O)(O)=O,837.041,837.041,7.96E-13,3.092532396,1.798949957,2,1,0,1,1,10,"(0, 2.0, 1.798949956893921, 1, 1, 10, 0.0, 0.0, 1.0, 0.0, 0)",,exact,1,0,0,0,1,0,0
97919,[H][C@@](COC(=O)CCCCC\C=C/C\C=C/C\C=C/C\C=C/CCCCC)(COP(O)(O)=O)OC(=O)CCC\C=C/[C@@H](O)\C=C\C=C/C\C=C/C=C/[C@@H](O)C\C=C/CC,[H][C@@](COC(=O)CCC\C=C/C\C=C/C\C=C/CCCCCCCC)(COP(O)(=O)OCCN)OC(=O)CCC(O)\C=C/C=C\C\C=C/C\C=C/C\C=C/C\C=C/CC,829.065,830.097,1.032,4.524525642,3.305783272,10,2,0,1,1,10,"(0, 10, 3.305783271789551, 2, 1, 10, 3.0, 1.5, 5.5, 4.0, 0)",,lower_bound,0,1,3,1.5,5.5,4,0
98389,[H][C@](COC(=O)CCCCCCCCCCCCCC)(COC(=O)CCCCCCCCCCCCCCCCCCCC)OC(=O)CCCCCCCCCCC,[H][C@](O)(CO)COP(O)(=O)OC[C@@]([H])(COC(=O)CCC\C=C/C\C=C/C\C=C/C=C/C(=O)CCCCC)OC(=O)CCCC\C=C/C\C=C/C\C=C/CCCCC,807.339,807.015,0.324,1.173469067,0.003025055,20,2,0,0,0,10,"(0, 20.0, 0.003025054931640625, 2, 0, 10, 20.0, None, None, None, 0.0)",,lower_bound,0,1,20,,,,0
98752,[H][C@](COC(=O)CCCCCCCCCCCCCCC)(COC(=O)CCCCCCCCCCCCCCCCC)OC(=O)CCCCCCCCCCCCCCCCCCCCC(C)C,[H][C@@](COC(=O)CCCCCCCCCCCCCCCCCC)(COC(=O)CCCCCCCCCCCCCCCCCCCCC(C)C)OC(=O)CCCCCCCCCCCCCC,947.609,947.609,0,4.701613665,3.526272774,4,1,0,1,1,10,"(0, 4.0, 3.526272773742676, 1, 1, 10, 0.0, 0.0, 0.0, 0.0, 0)",,exact,1,0,0,0,0,0,0
98825,[H][C@](COC(=O)CCCCCCCCCCCCCCCCC(C)CC)(COC(=O)CCCCCCCCCCCCC(C)CC)OC(=O)CCCCCCCCC(C)C,[H][C@@](COC(=O)CCCCCCCCCCCCCC(C)C)(COC(=O)CCCCCCCCCCCCC(C)C)OC(=O)CCCCCCCCCCCCCC(C)C,835.393,835.393,0,6.332490206,5.171990871,6,1,0,1,1,10,"(0, 6.0, 5.171990871429443, 1, 1, 10, 0.0, 0.0, 2.0, 0.0, 0)",,exact,1,0,0,0,2,0,0
99409,[H][C@](COC(=O)CCCCCCCCCCCCCCC)(COC(=O)CCCC\C=C/C\C=C/C\C=C/C\C=C/CC)OC(=O)CCCC\C=C/C\C=C/C\C=C/C\C=C/CC,[H][C@](COC(=O)CCCC\C=C/C\C=C/C\C=C/CCCCC)(COC(=O)CCCC\C=C/C\C=C/C\C=C/C\C=C/CC)OC(=O)CCCCCCC\C=C/CCCCCC,847.319,847.319,1.14E-13,3.654005051,2.483448267,4,1,0,1,1,10,"(0, 3.9999999999999987, 2.4834482669830322, 1, 1, 10, 0.0, 0.0, 2.0, 0.0, 0)",,exact,1,0,0,0,2,0,0
99997,[H][C@@](COC(=O)CCCCCCCCCCCCC(C)C)(COC(=O)CCCCCCCCC(C)CC)OC(=O)CCCCCCCCCCCCCCCCCCCCC,[H][C@](COC(=O)CCCCCCCCCCCCCCCC)(COC(=O)CCCCCCCCCCCCCCCCC(C)C)OC(=O)CCCCCCCCCCC(C)C,849.42,849.42,4.55E-13,3.849717379,2.661456585,6,1,0,1,1,10,"(0, 6.0, 2.66145658493042, 1, 1, 10, 0.0, 0.0, 1.0, 0.0, 0)",,exact,1,0,0,0,1,0,0
102056,[H][C@@](COC(=O)CCCCCCCCCCCCCCCCC(C)CC)(COC(=O)CCCCCCCCCCCC(C)C)OC(=O)CCCCCCCCCCCCCCCCCCC,[H][C@@](COC(=O)CCCCCCCCCCCCC1=C(C)C(C)=C(CCCCC)O1)(COP([O-])(=O)OCC[N+](C)(C)C)OC(=O)CCC\C=C/C\C=C/C\C=C/C=C/C(=O)CCCCC,919.555,918.247,1.308,1.156386852,0.003026724,23.5,2,0,0,0,10,"(0, 23.5, 0.003026723861694336, 2, 0, 10, 23.5, None, None, None, 0.0)",,lower_bound,0,1,23.5,,,,0
103398,[H][C@](COC(=O)CCCCCCCCCCC(C)CC)(COC(=O)CCCCCCCCCC(C)C)OC(=O)CCCCCCCCCCCCCCCCCCCCC,[H][C@@](COC(=O)CCCCCCCCCCCCCC)(COC(=O)CCCCCCCCCC(C)C)OC(=O)CCCCCCCCCCCCCCCCCCC(C)C,835.393,835.393,1.14E-13,3.623090744,2.463637829,4,1,0,1,1,10,"(0, 4.0, 2.4636378288269043, 1, 1, 10, 0.0, 0.0, 1.0, 0.0, 0)",,exact,1,0,0,0,1,0,0
103907,CCCCCCCC\C=C/C\C=C/C\C=C/CCCC(=O)OC[C@H](COP(O)(=O)OCCN)OC(=O)CCC\C=C/C[C@H]1C=CC(=O)[C@@H]1\C=C\[C@@H](O)CCCCC,[H][C@@](COC(=O)CCCCCCCCCCCCCCCCCC)(COC(=O)CCCCCCCCCCC(C)C)OC(=O)CCCCCCCCCCCCC(C)C,820.058,821.366,1.308,1.13553834,0.002027988,18,2,0,0,0,10,"(0, 18.0, 0.0020279884338378906, 2, 0, 10, 18.0, None, None, None, 0.0)",,lower_bound,0,1,18,,,,0
104106,[H][C@@](COC(=O)CC\C=C/C\C=C/C\C=C/C\C=C/C\C=C/CCCCC)(COP(O)(=O)OCCN)OC(=O)CCCCCCCCCCCCCCCCCCC,CCCCC\C=C/C\C=C/C=C/C=C/[C@@H](SC[C@H](N)C(=O)OC[C@@H](O)COC(=O)CCCCCCCCCCCCCCCCCC(C)C)[C@@H](O)CCCC(O)=O,822.162,822.247,0.085,1.502890825,0.325625181,13,2,0,0,0,10,"(0, 13.0, 0.3256251811981201, 2, 0, 10, 7.0, 6.5, None, 13.0, 0.0)",,lower_bound,0,1,7,6.5,,13,0
104753,[H][C@@](COC(=O)CCCCCCC\C=C/C=C/C(=O)CCCCC)(COP([O-])(=O)OCC[N+](C)(C)C)OC(=O)CCCCC\C=C/C\C=C/C\C=C/C\C=C/CCCCC,[H][C@](COC(=O)CCCCCCCCCCCCCCCC)(COC(=O)CCCCCCCCCCCCCCCCCCCC)OC(=O)CCCCCCCCCC(C)C,848.156,849.42,1.264,1.130817413,0.00302577,19,2,0,0,0,10,"(0, 19.0, 0.0030257701873779297, 2, 0, 10, 19.0, None, None, None, 0.0)",,lower_bound,0,1,19,,,,0
107281,[H][C@@](COC(=O)CCCCC\C=C/C\C=C/C\C=C/C\C=C/C\C=C/CC)(COC(=O)CCCC\C=C/C\C=C/C\C=C/C\C=C/CC)OC(=O)CCCCCCCCC\C=C/CCCCCC,[H][C@@](COC(=O)CCCCCCCCCCCCC\C=C/CCCCCCCC)(COP([O-])(=O)OCC[N+](C)(C)C)OC(=O)CCCC(O)C(O)C\C=C/C\C=C/C\C=C/CCCCC,927.449,926.311,1.138,1.118254423,0.003023386,23,2,0,0,0,10,"(0, 23.0, 0.003023386001586914, 2, 0, 10, 23.0, None, None, None, 0.0)",,lower_bound,0,1,23,,,,0
107574,[H][C@@](COC(=O)CCCCCCCCCCCCC)(COC(=O)CCCCCCCCCCCCCCCCCCC)OC(=O)CCCCCCCCCCCCCCCC(C)C,[H][C@](COC(=O)CCCCCCCCCCCCC)(COC(=O)CCCCCCCCCCCCCCCCC)OC(=O)CCCCCCCCCCCCCCCCC(C)CC,877.474,877.474,0,6.452399015,5.298123598,4,1,0,1,1,10,"(0, 4.0, 5.298123598098755, 1, 1, 10, 0.0, 0.0, 1.0, 0.0, 0)",,exact,1,0,0,0,1,0,0
