pair_id,smiles1,smiles2,mass1,mass2,mass_diff,runtime_sec,runtime_inside_mces,distance,compute_mode,skipped,solverCalled,ilp_solver,actual_threshold,structural_lb,skipped_by_structural_lb,raw_mces_result,error_message,result_type,is_exact,is_lower_bound
1879,[H][C@](COC(=O)CCCCCCCCC)(COC(=O)CCCCCCCCCCCCCCCCCC)OC(=O)CCCCCCCCCC(C)C,[H][C@](COC(=O)CCCCCCCCC)(COC(=O)CCCCCCCCCCCCCCC(C)C)OC(=O)CCCCCCCCCCCCC,723.177,723.1769999999998,2.2737367544323206e-13,9.434990882873535,7.750166893005371,4.0,1,0,1,1,10,,0,"(0, 4.0, 7.750166893005371, 1, 1, 10)",,exact,1,0
3585,[H][C@@](COC(=O)CCCCCCCCCCCCCCC)(COC(=O)CCCCCCCCC(C)C)OC(=O)CCCCCCCCCCCCCCCCCC,[H][C@@](COC(=O)CCCCCCCCCCCCC(C)CC)(COC(=O)CCCCCCCCC(C)C)OC(=O)CCCCCCCCCCCCCCC(C)C,793.3119999999993,793.3119999999994,1.1368683772161603e-13,4.573428392410278,2.87312388420105,4.0,1,0,1,1,10,,0,"(0, 4.0, 2.87312388420105, 1, 1, 10)",,exact,1,0
3623,CC[C@H](O)\C=C\C=C/C\C=C/C\C=C/C\C=C/CCCC(=O)OC[C@H](CO)OC(=O)CCCCCCCCCCC(C)C,CC1OC(CC(C1OS(C)(=O)=O)N1CC1)OC1CC(O)(CC2=C(O)C3=C(C(O)=C12)C(=O)C1=CC=CC=C1C3=O)C(C)=O,602.8970000000003,601.6300000000002,1.2670000000000528,1.5009477138519287,0.0020461082458496094,25.0,2,0,0,,,,0,"(0, 25.0, 0.0020461082458496094, 2)",,lower_bound,0,1
7864,CCCCC[C@H](O)\C=C\[C@H]1[C@H](O)CC(=O)[C@@H]1CCCCCCC(=O)OC[C@H](COP(O)(=O)OC[C@@H](O)CO)OC(=O)CCCCCCCCC(C)C,[H][C@@](COC(=O)CCCCCCCCCCCCCCCCCC)(COC(=O)CCCCCCCCCCCCC(C)C)OC(=O)CCCCCCCCC,764.9309999999998,765.2579999999998,0.3269999999999982,1.8230795860290527,0.0015807151794433594,20.0,2,0,0,,,,0,"(0, 20.0, 0.0015807151794433594, 2)",,lower_bound,0,1
8016,CCCCC\C=C/C\C=C/C\C=C/CCCCC(=O)O[C@H](COC(=O)CCC\C=C/C[C@H]1C=CC(=O)[C@@H]1\C=C\[C@@H](O)CCCCC)COP(O)(=O)OCCN,[H][C@@](COC(=O)CCCCCCCCCCCCCCCCC(C)C)(COC(=O)CCCCCCCCC(C)C)OC(=O)CCCCCCCCCCC(C)CC,792.004,793.3119999999997,1.3079999999996517,2.7526493072509766,0.002030611038208008,17.0,2,0,0,,,,0,"(0, 17.0, 0.002030611038208008, 2)",,lower_bound,0,1
18782,[H][C@](CO)(COC(=O)CCCC\C=C/C\C=C/C\C=C/C\C=C/CC)OC(=O)CCCCCC\C=C/C\C=C/C\C=C/CCCCC,[H][C@](CO)(COC(=O)CCC\C=C/C\C=C/C\C=C/CCCCCCCC)OC(=O)CCCC\C=C/C\C=C/C\C=C/C\C=C/CC,638.9740000000002,638.9740000000004,2.2737367544323206e-13,3.1528232097625732,1.4873785972595215,4.000000000000002,1,0,1,1,10,,0,"(0, 4.000000000000002, 1.4873785972595215, 1, 1, 10)",,exact,1,0
28208,CCCCC[C@H](O)\C=C\C=C/C\C=C/C=C/[C@H](O)CCCC(=O)OC[C@H](O)COC(=O)CCCCCCCCCCCCCCC(C)C,[H][C@](CO)(COC(=O)CCCCCCCCCCCCCCCCCCCCC)OC(=O)CCCCCCC\C=C/C\C=C/CCCCC,677.0199999999999,677.1080000000002,0.0880000000003065,3.7919156551361084,2.1301770210266113,10,2,0,1,1,10,,0,"(0, 10, 2.1301770210266113, 2, 1, 10)",,lower_bound,0,1
31479,[H][C@](COC(=O)CCCCCCCCCCC)(COC(=O)CCCCCCCCCCCCCCCCCCC(C)C)OC(=O)CCCCCCCCC(C)C,[H][C@](COC(=O)CCCCCCCCCCCCCCC)(COC(=O)CCCCCCCCCCCCCCCCCCCCC)OC(=O)CCCCCCC,779.2849999999999,779.2849999999996,2.2737367544323206e-13,13.67276406288147,11.916715145111084,6.0,1,0,1,1,10,,0,"(0, 6.0, 11.916715145111084, 1, 1, 10)",,exact,1,0
31508,[H][C@](COC(=O)CCCCCCCCCCCC)(COC(=O)CCCCCCCCC(C)C)OC(=O)CCCCCCCCC,[H][C@](CO)(COC(=O)CCCCCCCCCCCCCCCC)OC(=O)CCCCCCCCCCCCCCCC(C)C,624.9879999999999,625.0320000000003,0.04400000000032378,3.691842794418335,2.1379003524780273,7.0,1,0,1,1,10,,0,"(0, 7.0, 2.1379003524780273, 1, 1, 10)",,exact,1,0
31991,COC1=CC(O)=C2C(=O)C(OC3OCC(O)C(O)C3O)=C(OC2=C1)C1=CC(OC2OC(C)C(O)C(O)C2O)=C(O)C=C1,CCCCCCCCCCCC(=O)OC[C@H](O)COC(=O)CCCC(O)C(O)C\C=C/C\C=C/C\C=C/CCCCC,594.5220000000004,594.874,0.3519999999996344,1.5638632774353027,0.002025604248046875,25.5,2,0,0,,,,0,"(0, 25.5, 0.002025604248046875, 2)",,lower_bound,0,1
32135,[H][C@](N)(COP(O)(=O)OC[C@@]([H])(COC(=O)CCCCCCC\C=C/CCCC)OC(=O)CCCCCCC\C=C/C\C=C/CCCCC)C(O)=O,[H][C@@](COC(=O)CCCC\C=C/C\C=C/C\C=C/C\C=C/CC)(COP(O)(O)=O)OC(=O)CCC\C=C/C\C=C/C\C=C/C=C/CC(O)\C=C/CC,729.9330000000001,730.9200000000002,0.98700000000008,1.7014014720916748,0.0027680397033691406,11.0,2,0,0,,,,0,"(0, 11.0, 0.0027680397033691406, 2)",,lower_bound,0,1
33751,[H][C@](COC(=O)CCCCCCCCCCC)(COC(=O)CCCCCCCCCCCCCCCCC(C)C)OC(=O)CCCCCCCCCCC(C)CC,[H][C@@](COC(=O)CCCCCCCCCCCCCCCCCCCC)(COC(=O)CCCCCCCCCC(C)C)OC(=O)CCCCCCCCC(C)CC,793.3119999999998,793.3119999999998,0.0,9.33096432685852,7.538198232650757,6.0,1,0,1,1,10,,0,"(0, 6.0, 7.538198232650757, 1, 1, 10)",,exact,1,0
38430,[H][C@@](COC(=O)CCCCCCC[C@@H](O)[C@H](O)C\C=C/CCCCC)(COP(O)(=O)OC[C@H](N)C(O)=O)OC(=O)CCCCCCCCCCCCC,[H][C@](COC(=O)CCCCCCCCCCCCCCCCC(C)C)(COC(=O)CCCCCCCCCCC(C)CC)OC(=O)CCCCCCCCC,765.9629999999996,765.2579999999997,0.7049999999999272,1.431772232055664,0.002026796340942383,17.0,2,0,0,,,,0,"(0, 17.0, 0.002026796340942383, 2)",,lower_bound,0,1
38725,[H][C@@](COC(=O)CCCCCCC)(COC(=O)CCCCCCCCCCCCC(C)C)OC(=O)CCCCCCCCCCCCCCCCCCCCC,[H][C@](COC(=O)CCCCCCCCCCCCCCCCC)(COC(=O)CCCCCCCCCCCCC(C)C)OC(=O)CCCCCCCCCCC,779.2849999999993,779.2849999999997,4.547473508864641e-13,5.740736961364746,4.011437892913818,2.0,1,0,1,1,10,,0,"(0, 2.0, 4.011437892913818, 1, 1, 10)",,exact,1,0
40255,[H][C@](COC(=O)CCCCCCCCCCCCCCC(C)C)(COC(=O)CCCCCCCCCCC(C)CC)OC(=O)CCCCCCC,[H][C@@](O)(COC(=O)CCCCCCCCCCCCCCCCCCCCC)COC(=O)CCCCCCCCCCCCCCCCC(C)C,709.15,709.1939999999998,0.04399999999986903,13.141729354858398,10.983824729919434,9.0,1,0,1,1,10,,0,"(0, 9.0, 10.983824729919434, 1, 1, 10)",,exact,1,0
42470,CCCCC[C@@H](O)\C=C\[C@H]1[C@H](O)C[C@H](O)[C@H]1C\C=C/CC(=O)OC[C@H](COP(O)(O)=O)OC(=O)CCCCCCCCCCCCCCCCC(C)CC,[H][C@@](COC(=O)CCCCCCCCCCCCCCCCCCC)(COP(O)(O)=O)OC(=O)CCCCCCCCCCCCCCCCCCC(C)C,789.040999999999,789.1729999999991,0.13200000000006185,6.639927625656128,4.990375280380249,10,2,0,1,1,10,,0,"(0, 10, 4.990375280380249, 2, 1, 10)",,lower_bound,0,1
43219,[H][C@@](COP([O-])(=O)OCC[N+](C)(C)C)(NC(=O)CCC[C@@H](O)\C=C\C=C/C\C=C/C\C=C/CCCCC)[C@H](O)\C=C\CCCCCCCC\C=C/CCC,[H][C@@](COC(=O)CCCCCCC)(COC(=O)CCCCCCCCCCCCC(C)C)OC(=O)CCCCCCCCCCCCCCCCC(C)CC,765.0699999999997,765.2579999999995,0.1879999999997608,1.552891492843628,0.004137992858886719,18.0,2,0,0,,,,0,"(0, 18.0, 0.004137992858886719, 2)",,lower_bound,0,1
44757,[H][C@](COC(=O)CCCCCCCCCCCCCC)(COC(=O)CCCCCCCCCCCC(C)C)OC(=O)CCCCCCCCCCCC(C)C,[H][C@](COC(=O)CCCCCCCCCCCCCCC(C)C)(COC(=O)CCCCCCCCCCC(C)C)OC(=O)CCCCCCCCCC(C)C,765.2579999999997,765.2579999999998,1.1368683772161603e-13,6.662458658218384,5.053612947463989,6.0,1,0,1,1,10,,0,"(0, 6.0, 5.053612947463989, 1, 1, 10)",,exact,1,0
45488,CC1(C)CCC2(CCC3(C)C(C2C1)C(=O)C=C1C2(C)C=C(C#N)C(=O)C(C)(C)C2CCC31C)C(=O)N1C=CN=C1,[H][C@](CO)(COC(=O)CCCCCCCCCCCCC(C)CC)OC(=O)CCCCCCCCCC(C)C,541.7360000000003,540.8700000000005,0.8659999999998718,1.4965360164642334,0.0017004013061523438,20.5,2,0,0,,,,0,"(0, 20.5, 0.0017004013061523438, 2)",,lower_bound,0,1
46707,CCC(C1CCC(C)C(O1)C(C)C(O)C(C)C(=O)C(CC)C1OC2(OC3(CCC(C)(O3)C3CCC(O)(CC)C(C)O3)C(O)C=C2)C(C)CC1C)C(O)=O,[H][C@](COC(=O)CCCCCCCCCCCCC(C)C)(COC(=O)CCCCCCCCCCCC(C)C)OC(=O)CCCCCCCCCC(C)C,751.0110000000004,751.2309999999999,0.21999999999945885,1.5384018421173096,0.002025604248046875,19.0,2,0,0,,,,0,"(0, 19.0, 0.002025604248046875, 2)",,lower_bound,0,1
47035,[H][C@](COC(=O)CCCCCCCCCCCCCCCC(C)C)(COC(=O)CCCCCCCCCCC(C)C)OC(=O)CCCCCCCCCCC,[H][C@](COC(=O)CCCCCCCCCCCCC(C)C)(COC(=O)CCCCCCCCC(C)C)OC(=O)CCCCCCCCCCCCCCCC,765.2579999999997,765.2579999999995,2.2737367544323206e-13,12.021934986114502,10.29794716835022,6.0,1,0,1,1,10,,0,"(0, 6.0, 10.29794716835022, 1, 1, 10)",,exact,1,0
49642,[H][C@@](COC(=O)CCCCCCCCCCC)(COC(=O)CCCCCCCCCCCCCCCCC)OC(=O)CCCCCCCCCCC(C)C,[H][C@@](COC(=O)CCCCCC\C=C/C\C=C/C\C=C/CCCCC)(COP(O)(O)=O)OC(=O)CCCCCCCCC\C=C/C\C=C/CCCCC,751.2309999999999,751.0389999999995,0.19200000000034834,1.574127435684204,0.0027191638946533203,11.0,2,0,0,,,,0,"(0, 11.0, 0.0027191638946533203, 2)",,lower_bound,0,1
50640,COC1=CC(F)=C(C=C1C1=C(CN2C(C)C(OC2=O)C2=CC(=CC(=C2)C(F)(F)F)C(F)(F)F)C=C(C=C1)C(F)(F)F)C(C)C,CCCCCCCCCCCCCC(=O)OC[C@@H](O)COC(=O)CCC\C=C\C[C@H]1[C@@H](O)C[C@@H](O)[C@@H]1\C=C\[C@@H](O)CCCCC,637.5140000000002,638.9270000000001,1.4129999999998972,1.6866669654846191,0.0022232532501220703,30.0,2,0,0,,,,0,"(0, 30.0, 0.0022232532501220703, 2)",,lower_bound,0,1
57869,[H][C@@](COC(=O)CCCC\C=C/C\C=C/C\C=C/C\C=C/CC)(COP(O)(O)=O)OC(=O)CCC\C=C/C\C=C/C\C=C/C\C=C/CC[C@H](O)CC,[H][C@](CO)(COC(=O)CCCCCCCCCCCCC\C=C/CCCCCCCC)OC(=O)CCCCCCCCC\C=C/CCCCCCCC,732.936,733.2159999999997,0.27999999999963165,1.6586761474609375,0.0020275115966796875,18.0,2,0,0,,,,0,"(0, 18.0, 0.0020275115966796875, 2)",,lower_bound,0,1
61065,[H][C@@](COC(=O)CCCCCCCCCCCCCCC)(COC(=O)CCCCCCCCCCCC(C)C)OC(=O)CCCCCCCCCCCCCCC,[H][C@@](COC(=O)CCCCCCCCCCCC)(COC(=O)CCCCCCCCCC(C)C)OC(=O)CCCCCCCCCCCCCCCCCCCC,793.3119999999996,793.3119999999991,4.547473508864641e-13,17.29738473892212,15.65719485282898,6.0,1,0,1,1,10,,0,"(0, 6.0, 15.65719485282898, 1, 1, 10)",,exact,1,0
71474,[H][C@@](COC(=O)CCCCCCCCCCCCCCC)(COC(=O)CCCCCCCCCCC(C)C)OC(=O)CCCCCCCCCC(C)C,[H][C@](COC(=O)CCCCCCCCCCCCCCCC)(COC(=O)CCCCCCCCCCCCCCC(C)C)OC(=O)CCCCCCC,737.2039999999998,737.204,1.1368683772161603e-13,4.894087791442871,3.3613147735595703,4.0,1,0,1,1,10,,0,"(0, 4.0, 3.3613147735595703, 1, 1, 10)",,exact,1,0
72734,[H][C@](COC(=O)CCCCCCCCCCCCC(C)C)(COC(=O)CCCCCCCCCCC(C)CC)OC(=O)CCCCCCCCCCCCC,[H][C@](COC(=O)CCCCCCC)(COC(=O)CCCCCCCCCCCCCCCCCCC)OC(=O)CCCCCCCCCCCCCCCC,765.2579999999996,765.2579999999996,0.0,10.435016393661499,8.603018760681152,6.0,1,0,1,1,10,,0,"(0, 6.0, 8.603018760681152, 1, 1, 10)",,exact,1,0
78249,CCCCC[C@H](O)\C=C\[C@@H]1[C@@H](CCCCCCC(=O)OC[C@@H](O)COC(=O)CCCCCCCCCCC(C)CC)[C@@H](O)CC1=O,[H][C@](COC(=O)CCCCCCCCC)(COC(=O)CCCCCCCCCCC(C)C)OC(=O)CCCCCCCCCCCC,652.9540000000003,653.0419999999999,0.08799999999962438,4.274385929107666,2.558082342147827,10.0,1,0,1,1,10,,0,"(0, 10.0, 2.558082342147827, 1, 1, 10)",,exact,1,0
79595,[H][C@@](CO)(NC(=O)CCC[C@@H](O)[C@H](O)\C=C/C=C\C=C\C=C\[C@@H](O)C\C=C/CC)[C@H](O)[C@@H](O)CCCCCCCCCCCCCC,CC\C=C\CC(O)\C=C\C=C\CCCCCCCC(=O)O[C@@H](CO)COC(=O)CCCCCCCCCCCCCCCC(C)C,649.9539999999997,649.01,0.9439999999997326,2.1876473426818848,0.37264323234558105,11.0,2,0,0,,,,0,"(0, 11.0, 0.37264323234558105, 2)",,lower_bound,0,1
84061,[H][C@](O)(CO)COP(O)(=O)OC[C@@]([H])(COC(=O)CCCCCCC\C=C/C=C\CCCCCC)OC(=O)CCCCCCCC1OC1C\C=C/CCCCC,[H][C@](N)(COP(O)(=O)OC[C@@]([H])(COC(=O)CCCCCCCCCCCCCCC)OC(=O)CCCCCC\C=C/C\C=C/C\C=C/CCCCC)C(O)=O,787.0249999999997,786.041,0.9839999999996962,4.180301904678345,2.1788289546966553,10,2,0,1,1,10,,0,"(0, 10, 2.1788289546966553, 2, 1, 10)",,lower_bound,0,1
85717,[H][C@](COC(=O)CCCCCCCCCCCCCCC(C)C)(COC(=O)CCCCCCCCCCCC(C)C)OC(=O)CCCCCCC,[H][C@@](COC(=O)CCCCCCC)(COC(=O)CCCCCCCCCCCCCCCC)OC(=O)CCCCCCCCCCCCCCC,709.15,709.1499999999997,2.2737367544323206e-13,7.453674077987671,5.7702648639678955,6.0,1,0,1,1,10,,0,"(0, 6.0, 5.7702648639678955, 1, 1, 10)",,exact,1,0
86976,CCCCCCCCCCCCCC(=O)O[C@@H](CO)COC(=O)C\C=C/C[C@@H]1[C@@H](O)C[C@@H](O)[C@@H]1\C=C\[C@H](O)CCCCC,[H][C@@]1(C)O[C@@]([H])(OC[C@@]2([H])O[C@@]([H])(OC3=CC4=C(C=C(O)C=C4O)[O+]=C3C3=CC(OC)=C(O)C=C3)[C@]([H])(O)[C@@]([H])(O)[C@]2([H])O)[C@]([H])(O)[C@]([H])(O)[C@@]1([H])O,610.873,609.5570000000005,1.3159999999995762,1.647078037261963,0.0029921531677246094,22.5,2,0,0,,,,0,"(0, 22.5, 0.0029921531677246094, 2)",,lower_bound,0,1
87058,[H][C@@](COC(=O)CCCCCCCCCCCCCCCCC)(COC(=O)CCCCCCCCCCCCCCCCC(C)CC)OC(=O)CCCCCCC,[H][C@](COC(=O)CCCCCCCCCCCCC)(COC(=O)CCCCCCCCCC(C)C)OC(=O)CCCCCCCCCCCCCCCCCCC,793.3119999999997,793.3119999999992,4.547473508864641e-13,19.268346309661865,17.466686010360718,6.0,1,0,1,1,10,,0,"(0, 6.0, 17.466686010360718, 1, 1, 10)",,exact,1,0
88912,[H][C@@](COC(=O)CCCCCCCCCCC)(COC(=O)CCCCCCCCCCC(C)C)OC(=O)CCCCCCCCCCCCC,[H][C@@](CO\C=C\CCCCCCCCCCCCCC)(COP(O)(O)=O)OC(=O)CCCC(O)\C=C\C=C/C\C=C/C\C=C/C\C=C/CC,695.1229999999997,694.9309999999999,0.1919999999997799,1.655381441116333,0.004049062728881836,13.0,2,0,0,,,,0,"(0, 13.0, 0.004049062728881836, 2)",,lower_bound,0,1
91714,[H][C@@](COC(=O)CCCCCCC\C=C/CCCCCC)(COP([O-])(=O)OCC[N+](C)(C)C)OC(=O)CCC\C=C/C\C=C/C\C=C/C\C=C/C=C/[C@H](O)CC,[H][C@@](COC(=O)CCCCCCCCCCCCCCCCC(C)C)(COC(=O)CCCCCCCCCCC(C)C)OC(=O)CCCCCCCCC(C)CC,794.064,793.3119999999997,0.7520000000002938,1.7666678428649902,0.003085613250732422,17.0,2,0,0,,,,0,"(0, 17.0, 0.003085613250732422, 2)",,lower_bound,0,1
93324,CCCCCCCCCCCCCCCCCC(=O)OC[C@H](CO)OC(=O)C\C=C/C[C@@H]1[C@@H](O)C[C@@H](O)[C@@H]1\C=C\[C@H](O)CCCCC,[H][C@](COC(=O)CCCCCCCCC)(COC(=O)CCCCCCCCCCC(C)CC)OC(=O)CCCCCCCCCCCC,666.9810000000001,667.0689999999998,0.08799999999973807,4.647310256958008,3.4022059440612793,10,2,0,1,1,10,,0,"(0, 10, 3.4022059440612793, 2, 1, 10)",,lower_bound,0,1
93715,[H][C@@](COC(=O)CCCCCCC)(COC(=O)CCCCCCCCCCC)OC(=O)CCCCCCCCCCCC,[H][C@](CO)(COC(=O)CCCCCCCCC(C)CC)OC(=O)CCCCCCCCCCCCCCCCCCCC,596.9340000000003,596.9780000000003,0.04399999999998272,2.3638532161712646,1.089360237121582,5.0,1,0,1,1,10,,0,"(0, 5.0, 1.089360237121582, 1, 1, 10)",,exact,1,0
95805,[H][C@@](COC(=O)CCCCCCCCCCCCCCC)(COP(O)(O)=O)OC(=O)CCCCCCCCCCC\C=C/CCCCCCCC,[H][C@](O)(CO)COP(O)(=O)OC[C@@]([H])(COC(=O)CCC\C=C/C\C=C/C\C=C/C\C=C/[C@@H](O)CCCC)OC(=O)CCCCCCCCC(C)C,731.0489999999994,730.9169999999997,0.13199999999972079,1.9155604839324951,0.3682236671447754,12.0,2,0,0,,,,0,"(0, 12.0, 0.3682236671447754, 2)",,lower_bound,0,1
97962,[H][C@](COC(=O)CCCCCCCCCCC)(COC(=O)CCCCCCCCCCC(C)C)OC(=O)CCCCCCCCCCCCCCC,[H][C@@](COC(=O)CCCCCCC)(COC(=O)CCCCCCCCCCCCC(C)CC)OC(=O)CCCCCCCCCCCCCCCC,723.1769999999996,723.1769999999996,0.0,5.529533624649048,4.108535051345825,4.0,1,0,1,1,10,,0,"(0, 4.0, 4.108535051345825, 1, 1, 10)",,exact,1,0
98151,OC1C(COC(=O)C=CC2=CC=C(O)C=C2)OC(OC2=C(OC3=CC(O)=CC(O)=C3C2=O)C2=CC=C(O)C=C2)C(O)C1O,OCC1OC(OC2C(O)C(O)C(CO)OC2C2=C(O)C=C3OC(=CC(=O)C3=C2O)C2=CC=C(O)C=C2)C(O)C(O)C1O,594.5250000000004,594.5220000000005,0.0029999999999290594,1.6088533401489258,0.3199160099029541,11.0,2,0,0,,,,0,"(0, 11.0, 0.3199160099029541, 2)",,lower_bound,0,1
98889,CC1=CC(O)=C2C(O)=C3C(=O)C4C(O)C5C6C(O)C(C(=O)C7=C(O)C8=C(O)C=C(C)C(O)=C8C(=O)C467)C35C(=O)C2=C1O,CC(C)C1=C(C(O)=NC2=CC=CC=C2O)C(=C(N1CCC(O)CC(O)CC(O)=O)C1=CC=C(F)C=C1)C1=CC=CC=C1,574.4940000000004,574.6490000000003,0.15499999999997272,1.2972826957702637,0.003103494644165039,16.5,2,0,0,,,,0,"(0, 16.5, 0.003103494644165039, 2)",,lower_bound,0,1
99980,[H][C@](COC(=O)CCCCCCCCCCCCCCCC)(COC(=O)CCCCCCCCC(C)C)OC(=O)CCCCCCCCCCCCC(C)CC,CC1(C)C(CCC2(C=O)C1CCC1(C)C2CCC2C3=CC(C)(CCC3(C)CCC12C)C(O)=O)OC1OC(C(O)C(O)C1OC1OCC(O)C(O)C1O)C(O)=O,779.2849999999995,778.9330000000008,0.3519999999987249,1.254866600036621,0.00411534309387207,25.0,2,0,0,,,,0,"(0, 25.0, 0.00411534309387207, 2)",,lower_bound,0,1
101536,[H][C@@](COC(=O)CCCCCCCCCCC)(COC(=O)CCCCCCCCCCCCCCC)OC(=O)CCCCCCCCCCCCCC,CCCCC[C@H](O)\C=C\[C@H]1[C@H](O)C[C@H](O)[C@@H]1C\C=C\CCCC(=O)OC[C@@H](O)COC(=O)CCCCCCCCCCCCCCCCCC(C)C,737.2039999999997,737.1159999999995,0.08800000000019281,3.6071882247924805,2.2441864013671875,10,2,0,1,1,10,,0,"(0, 10, 2.2441864013671875, 2, 1, 10)",,lower_bound,0,1
102018,[H][C@@](COC(=O)CCCCCCCCCCCCCCCCCCC(C)C)(COC(=O)CCCCCCCCCCC(C)C)OC(=O)CCCCCCCCC,[H][C@](COC(=O)CCCCCCCCCCCC)(COC(=O)CCCCCCCCCCCCCCCCC(C)CC)OC(=O)CCCCCCCCCCC,779.2849999999996,779.2849999999997,1.1368683772161603e-13,6.504748106002808,5.223372220993042,6.0,1,0,1,1,10,,0,"(0, 6.0, 5.223372220993042, 1, 1, 10)",,exact,1,0
103781,[H]C(COC(=O)CCCCCCCCC\C=C/C\C=C/CCCCC)(COP(O)(=O)OCCNC)OC(=O)CCCCCCC\C=C/CCCC,[H][C@@](COC(=O)CCCCCCCCCCCCCCCCCC)(COP(O)(O)=O)OC(=O)CCCCCCCC(O)\C=C\C=C\C\C=C\CC,728.0049999999997,728.9889999999999,0.9840000000002647,3.329200267791748,2.036106824874878,10,2,0,1,1,10,,0,"(0, 10, 2.036106824874878, 2, 1, 10)",,lower_bound,0,1
104071,[H][C@](COC(=O)CCCCCCCCCCCCCCC)(COC(=O)CCCCCCCCCCC(C)C)OC(=O)CCCCCCCCCCCCCCC,[H][C@@](COC(=O)CCC\C=C/C\C=C/C=C/[C@H](O)C\C=C/CCCCC)(COP(O)(=O)OCCN)OC(=O)CCCCCCC\C=C/C\C=C/C\C=C/CC,779.2849999999995,778.0209999999997,1.2639999999997826,1.2013130187988281,0.0019936561584472656,17.0,2,0,0,,,,0,"(0, 17.0, 0.0019936561584472656, 2)",,lower_bound,0,1
107766,CC(CCC(=O)NC(CCCNC(N)=O)C(O)=O)C1CCC2C3CCC4CC(O)CCC4(C)C3CC(O)C12C,CCCCCCCC(=O)OC[C@@H](O)COC(=O)CCC[C@H](O)[C@@H](O)\C=C/C=C\C=C\C=C\[C@H](O)C\C=C/CC,549.7530000000004,550.7330000000002,0.9799999999997908,1.6672580242156982,0.3153836727142334,22.0,2,0,0,,,,0,"(0, 22.0, 0.3153836727142334, 2)",,lower_bound,0,1
