Index,time taken,MCES distance,status
0,11.5,6.719233513,4
1,1,1.213052273,1
2,23,0.020418167,4
3,3,0.187155008,1
4,1,0.570744991,1
5,10,0.118257999,2
6,5,0.219920397,1
7,12,0.007930279,4
8,59,0.053141117,4
9,15,0.009060383,4
10,12,0.031040668,4
11,14.5,0.011078119,4
12,16,0.038379192,4
13,18,0.00102663,4
14,4,0.063958406,1
15,24.5,0.03498292,4
16,28,0.051826,4
17,23,0.008410692,4
18,38,0.059101105,4
19,22,0.009884357,4
20,28,0.008885145,4
21,29,0.010287762,4
22,35,0.011689186,4
23,29,0.021939516,4
24,17,0.00706315,4
25,14,0.000996351,4
26,26,0.014333963,4
27,9,0.25486207,1
28,24,0.029742479,4
29,14,0,4
30,17,0.011963367,4
31,23,0.009190083,4
32,12,0.007257223,4
33,22,0.001567841,4
34,9,0.055419445,1
35,10,0.138062954,2
36,12,0.005489826,4
37,40.5,0.023398161,4
38,11,0.010985136,4
39,20,0.016930819,4
40,14,0.006438255,4
41,17,0.00334549,4
42,17,0,4
43,23.5,0.009321928,4
44,31,0.009786606,4
45,11,0.00815773,4
46,24,0.003031254,4
47,12,0.008744001,4
48,17,0.011305809,4
49,25,0.0095644,4
50,23,0,4
51,10,0.071142912,1
52,21,0.010861397,4
53,7,0.076280832,1
54,10,0.207490444,1
55,8,0.136261702,1
56,27.5,0.007253408,4
57,15.5,0.01081419,4
58,20,0.00890255,4
59,37,0.010263681,4
60,6,0.130954027,1
61,10,0.120300293,2
62,10.5,0.009966373,4
63,17,0.019806623,4
64,10,0.07344985,2
65,17,0.023719788,4
66,12,0.009894133,4
67,10,0.221027136,2
68,12,0.030636549,4
69,10,0.146307707,2
70,51,0.047754765,4
71,30,0.04635334,4
72,47,0.068362713,4
73,15,0.005324125,4
74,10,0.127558947,2
75,10,0.192050219,1
76,16,0.043589592,4
77,24,0.023064137,4
78,23.5,0.016922712,4
79,14.5,0.012641191,4
80,67,0.019327164,4
81,33.5,0.009896278,4
82,16.5,0,4
83,25,0.00964427,4
84,18,0.011405706,4
85,10,0.417152405,2
86,38,0.01193285,4
87,30,0.009978294,4
88,16,0.001029968,4
89,30,0.009778738,4
90,25,0.008247852,4
91,19,0.011459112,4
92,23,0,4
93,23,0.020030975,4
94,15,0.008351326,4
95,17,0.025858164,4
96,20,0.007007122,4
97,38,0.024908066,4
98,27,0.014136314,4
99,29,0,4
100,10,0.376851559,1
101,10,0.162780285,2
102,36,0.019448042,4
103,46.5,0.039889574,4
104,29,0.019006968,4
105,10,0.711586237,2
106,28,0.060859919,4
107,12,0.036825418,4
108,5,0.85939455,1
109,25,0.021351099,4
110,22,0.032248974,4
111,24,0.020849705,4
112,24,0.017869711,4
113,19,0.009702921,4
114,2,1.004406929,1
115,23,0.019030571,4
116,10,1.037429094,2
117,15,0.040932894,4
118,3,0.081394672,1
119,24,0.008293629,4
120,25,0.019937992,4
121,3,0.676958561,1
122,4,0.203073263,1
123,12,0.080775976,4
124,10,0.212841511,2
125,20,0.025686979,4
126,23,0.037815571,4
127,24,0.030797005,4
128,27,0.021752357,4
129,30,0.019108295,4
130,10,1.589174032,1
131,21,0.010728836,4
132,25,0.012242079,4
133,28,0.016361237,4
134,13,0.022563696,4
135,20,0.020115137,4
136,1,0.842274904,1
137,10,0.256810427,2
138,12,0.041791439,4
139,10,1.080071688,1
140,20,0.019245625,4
141,38,0.019900084,4
142,25,0.019172907,4
143,10,0.209899187,2
144,25,0.029690266,4
145,10,0.163584709,1
146,2,0.840962172,1
147,23,0.005610943,4
148,44,0.012302637,4
149,4,0.618192196,1
150,6,0.251335382,1
151,3,0.168223858,1
152,10,1.087379694,1
153,18,0.053315878,4
154,14,0.02926898,4
155,12,0.029150486,4
156,24,0.020438194,4
157,10,0.098470926,2
158,10,0.657932281,2
159,26,0.046410561,4
160,25,0.019974232,4
161,11.5,0.04208827,4
162,1,0.883252859,1
163,24,0.026610374,4
164,28.5,0.019785643,4
165,10,0.115069628,1
166,45.5,0.046935081,4
167,27,0.018340111,4
168,22,0.011710167,4
169,7,0.138961315,1
170,4,0.122100592,1
171,25,0.047121525,4
172,26,0.050092936,4
173,14,0.008027554,4
174,31,0.021152496,4
175,13.5,0.011644602,4
176,27,0.008938313,4
177,29,0.016311646,4
178,16,0.024489641,4
179,15.5,0.011163235,4
180,28,0.019201756,4
181,9,0.477113247,1
182,42,0.095683813,4
183,19,0.026027441,4
184,24,0.011302471,4
185,11,0.040740252,4
186,22,0.019216537,4
187,13,0.013824463,4
188,27,0.019597292,4
189,1,0.890375137,1
190,2,1.589122534,1
191,9,0.095108986,1
192,8,0.151562929,1
193,30,0.023385286,4
194,31,0.015316725,4
195,8,1.811102152,1
196,12,0.007036209,4
197,10,0.623492479,2
198,22,0.008220673,4
199,31,0.019569397,4
200,16,0.013771057,4
201,5,0.085595131,1
202,28,0.018066645,4
203,20,0.022876978,4
204,23,0.017385006,4
205,46,0.009523153,4
206,17,0.008397341,4
207,20,0.023797274,4
208,41,0.016904354,4
209,23,0.011844635,4
210,26,0.020902395,4
211,10,0.901508331,1
212,29,0.048521519,4
213,31,0.019277811,4
214,20,0.008046627,4
215,60,0.02244544,4
216,43,0.039190769,4
217,13,0.008110523,4
218,28,0.015013456,4
219,27,0.06879735,4
220,18,0.007592916,4
221,10,0.094552517,2
222,32,0.077535629,4
223,36,0.022565126,4
224,24,0.02622366,4
225,10,0.032489061,2
226,14,0.007128,4
227,42,0.051219225,4
228,32,0.009769201,4
229,10,0.023450375,2
230,27,0.027237892,4
231,9,0.205536604,1
232,121,0.070013285,4
233,44.5,0.051707983,4
234,62,0.019959211,4
235,46,0.029664516,4
236,30,0.020186186,4
237,9,0.218825579,1
238,9,0.093255758,1
239,6,0.114242554,1
240,10,0.728162766,2
241,30,0.020435333,4
242,34,0.04623127,4
243,20,0.009092569,4
244,27,0.022161722,4
245,13,0.008282185,4
246,10,0.21560359,2
247,62,0.022881269,4
248,67,0.031953096,4
249,23,0.022388935,4
250,33,0.016227245,4
251,21,0.021501303,4
252,49,0.027926207,4
253,51,0.025239229,4
254,39,0.03708148,4
255,10,0.055760384,1
256,27,0.021692514,4
257,4,0.089807987,1
258,39,0.042694569,4
259,13,0.008847952,4
260,16,0.009941101,4
261,28,0.041157246,4
262,18,0.007774353,4
263,8,0.254402876,1
264,57.5,0.076060772,4
265,24,0.040868998,4
266,10,0.11891818,2
267,6,0.082826853,1
268,47,0.011094093,4
269,5,0.128146172,1
270,64,0.06956625,4
271,32,0.018057346,4
272,9,0.099304199,1
273,22.5,0.002991438,4
274,10,0.329725266,2
275,30,0.066115141,4
276,6,0.148678064,1
277,19,0.053399801,4
278,6.5,0.227503061,1
279,25,0.013220787,4
280,3,0.065784454,1
281,7,0.101581335,1
282,32,0.023220062,4
283,19,0.014591694,4
284,75,0.033410549,4
285,13,0.00178647,4
286,23,0.017876863,4
287,10,0.182058811,1
288,68,0.040433168,4
289,33,0.018955946,4
290,22,0.008120298,4
291,58,0.051359177,4
292,6,0.170936108,1
293,10,0.135360956,2
294,11,0.015700817,4
295,6,0.15704751,1
296,10,0.117487431,2
297,41,0.033778429,4
298,27,0.020666122,4
299,24,0.020920992,4
300,13,0,4
301,16,0.009215832,4
302,34,0.055882454,4
303,20,0.014920712,4
304,25,0.024786234,4
305,72,0.031574726,4
306,17,0.011785984,4
307,13,0.009640217,4
308,17.5,0.011245012,4
309,56,0.051737785,4
310,17,0.011331081,4
311,22,0.021583319,4
312,16.5,0.020636797,4
313,13,0.013908386,4
314,21.5,0.008385897,4
315,18,0.005587578,4
316,108,0.116978407,4
317,37,0.053645134,4
318,13,0.005244017,4
319,81,0.031922579,4
320,18,0.009179592,4
321,16,0,4
322,12,0.008888483,4
323,30,0.028512478,4
324,22,0.001778364,4
325,10,0.255179167,2
326,43,0.035835028,4
327,15,0.01724124,4
328,27.5,0.041098595,4
329,19.5,0.021852732,4
330,24,0.047632933,4
331,35,0.040724039,4
332,10,0.136610508,2
333,15,0.012606621,4
334,5,0.120396376,1
335,5,0.260522604,1
336,30,0.011095285,4
337,14,0.020492554,4
338,91,0.079612017,4
339,36.5,0.019670248,4
340,16,0.01021719,4
341,36,0.018692493,4
342,42,0.020318747,4
343,13,0.039382458,4
344,14.5,0.008607149,4
345,52,0.042699814,4
346,52,0.031682253,4
347,62,0.126837492,4
348,6,0.202071667,1
349,10,0.150125027,1
350,47,0.019858122,4
351,31.5,0.00872612,4
352,33,0.031062841,4
353,48,0.039660454,4
354,23,0.008199215,4
355,40,0.010232925,4
356,25,0.018661022,4
357,27,0.012439013,4
358,70,0.04960084,4
359,25,0.076826334,4
360,9,0.985851288,1
361,41,0.016074896,4
362,10,0.064577103,2
363,9,0.249660492,1
364,29,0.047271013,4
365,12,0.039747238,4
366,56.5,0.111087322,4
367,25,0.008102894,4
368,41,0.025690079,4
369,21,0.006097555,4
370,19,0.029208422,4
371,30,0.107925653,4
372,30,0.022974968,4
373,2,0.180272579,1
374,12,0.009941578,4
375,8,0.129008293,1
376,29.5,0.040197611,4
377,16,0.019301176,4
378,26,0.011653423,4
379,40,0.047861814,4
380,47,0.040865421,4
381,35.5,0.019920588,4
382,38.5,0.029284716,4
383,22.5,0.01071763,4
384,8,0.170096159,1
385,19,0.038199902,4
386,31,0.042556763,4
387,16,0.040901184,4
388,22,0.028243542,4
389,14,0.013378382,4
390,46,0.055165052,4
391,2,0.244695187,1
392,40,0.067031145,4
393,8,0.135270596,1
394,25,0.05525589,4
395,63,0.04893589,4
396,67.5,0.051295042,4
397,39,0.020000935,4
398,21,0.009819746,4
399,82.5,0.083121777,4
400,13,0.149348497,4
401,67,0.037911177,4
402,40,0.028768063,4
403,38,0.043687582,4
404,22,0.007173777,4
405,7,0.069172144,1
406,43.5,0.089183807,4
407,39,0.048856974,4
408,12,0.012024403,4
409,67,0.03290987,4
410,51,0.03717041,4
411,72,0.040938616,4
412,10,0.412205458,1
413,34,0.033058167,4
414,91.5,0.152095079,4
415,2,0.193308592,1
416,45,0.018486261,4
417,96,0.060781956,4
418,60,0.060300112,4
419,56,0.033720732,4
420,38.5,0.034844637,4
421,30,0.097847939,4
422,41,0.012201786,4
423,47,0.029898405,4
424,11,0.001025438,4
425,23,0.014070272,4
426,56,0.024691343,4
427,53,0.061486244,4
428,22,0.007689714,4
429,17,0.004537821,4
430,26,0.012108803,4
431,20,0.004725695,4
432,7,0.25681591,1
433,10,0.096372843,2
434,28,0.014683247,4
435,68,0.045026302,4
436,19,0.014960766,4
437,38,0.020001173,4
438,5,0.115151167,1
439,56,0.032788992,4
440,57,0.041925907,4
441,75,0.049140453,4
442,43.5,0.015053749,4
443,80,0.109013796,4
444,69,0.024880171,4
445,28,0.016955614,4
446,25,0.005614758,4
447,30,0.055219173,4
448,38,0.026233435,4
449,47,0.026339769,4
450,46,0.017016172,4
451,7,0.153622866,1
452,20,0.036453009,4
453,53,0.041133165,4
454,10,0.160849571,2
455,46,0.088867426,4
456,32,0.01560688,4
457,37,0.06526494,4
458,33,0.052934885,4
459,33.5,0.014009237,4
460,42.5,0.025869846,4
461,39,0.039208174,4
462,67,0.032914162,4
463,14,0.004983187,4
464,40.5,0.01610136,4
465,23.5,0.009096622,4
466,29.5,0.015700817,4
467,14,0.00803256,4
468,34,0.019958258,4
469,21.5,0.011011839,4
470,14,0.006927252,4
471,64.5,0.055349827,4
472,37.5,0.018904448,4
473,74.5,0.016922951,4
474,32,0.024922132,4
475,18,0.005016327,4
476,19,0.007978439,4
477,11,0.006011724,4
478,57.5,0.076197147,4
479,31,0.017692327,4
480,10,0.116948843,2
481,16,0.007979155,4
482,55.5,0.024917364,4
483,22,0.011197805,4
484,34.5,0.02317977,4
485,36,0.059957981,4
486,45,0.026939392,4
487,77,0.026934862,4
488,33,0.028920174,4
489,8,1.366065025,1
490,15,0.004423141,4
491,69,0.089719296,4
492,22,0.007979155,4
493,10,0.070097446,1
494,31,0.053447008,4
495,14,0.011192083,4
496,59,0.037473679,4
497,21,0.032982111,4
498,18,0.007013559,4
499,15,0.011210918,4
500,26,0.014940977,4
501,64,0.04754281,4
502,13,0.003228188,4
503,31,0.017903328,4
504,17,0.002915382,4
505,17,0.013985872,4
506,58.5,0.063201666,4
507,29,0.06824255,4
508,16,0.015901804,4
509,14,0.004986525,4
510,36,0.017030954,4
511,52,0.021701574,4
512,10,0.225356817,2
513,37,0.03091979,4
514,60,0.040706635,4
515,64.5,0.064352036,4
516,4,0.025586843,1
517,37,0.017182827,4
518,28,0.001032352,4
519,9,0.099014759,1
520,17,0.00199008,4
521,28,0.060534716,4
522,25,0.128499746,4
523,20,0.008722305,4
524,10,0.872282505,2
525,27,0.013905287,4
526,24,0.013501406,4
527,18,0.01151967,4
528,10,0.225858927,2
529,43,0.017449856,4
530,53,0.036607027,4
531,27,0.017323494,4
532,28,0.021140575,4
533,26,0.011705637,4
534,18,0.001112223,4
535,17,0.009836435,4
536,29.5,0.022295475,4
537,19,0.006505013,4
538,40,0.013415337,4
539,10,1.528000832,2
540,48,0.025580406,4
541,24.5,0.015004396,4
542,17,0.002989054,4
543,25,0.003987551,4
544,11.5,0.00498724,4
545,77,0.034047604,4
546,49.5,0.028138399,4
547,29,0.011101961,4
548,31,0.007128477,4
549,70,0.05985713,4
550,33,0.007055521,4
551,22,0.012827396,4
552,75,0.01905179,4
553,10,1.1463027,1
554,57,0.032140017,4
555,18,0.004985571,4
556,72,0.04962945,4
557,76,0.036015749,4
558,22,0.005982399,4
559,15,0.001996756,4
560,21,0.004985094,4
561,26,0.015001774,4
562,61,0.023102045,4
563,47,0.020087719,4
564,14,0.007679224,4
565,32,0.021212339,4
566,60,0.018929958,4
567,37,0.024403334,4
568,32,0.006819963,4
569,19,0.050007582,4
570,11,0.024237394,4
571,31,0.050048828,4
572,21,0.023139,4
573,32.5,0.008022547,4
574,39,0.019752979,4
575,28.5,0.017976522,4
576,44,0.053574324,4
577,5.5,0.08360076,1
578,10,0.085876942,2
579,29,0.028697729,4
580,3,0.8717978,1
581,15,0.002492189,4
582,10,0.121754885,2
583,62,0.094671249,4
584,85,0.047333717,4
585,22,0.009943962,4
586,30,0.008060694,4
587,25,0.022299051,4
588,6,0.11842227,1
589,19,0.011953831,4
590,20,0.064320087,4
591,19.5,0.016527176,4
592,19,0,4
593,26,0.018462181,4
594,16,0.010437012,4
595,7,0.134155273,1
596,9,0.178129911,1
597,14,0.012410402,4
598,31,0.024069548,4
599,35.5,0.050178766,4
600,13,0.001672268,4
601,34,0.008769751,4
602,33,0.019281626,4
603,18.5,0.031392097,4
604,26,0.01206398,4
605,19,0,4
606,24,0.009457111,4
607,6,0.157455206,1
608,11.5,0.010783672,4
609,4,0.160920858,1
610,1,0.218459606,1
611,8,0.245159626,1
612,3,0.163552523,1
613,26,0.029448032,4
614,14,0.000986814,4
615,15,0.022813797,4
616,10,0.194694757,1
617,2,0.191813946,1
618,24,0.0125525,4
619,16,0.015097618,4
620,11,0.003752708,4
621,22,0.029842615,4
622,14,0.01417017,4
623,104,0.125578642,4
624,50,0.029182434,4
625,59.5,0.021863937,4
626,30.5,0.019256353,4
627,25,0.020959854,4
628,40,0.008878708,4
629,81.5,0.040786266,4
630,30,0.009094477,4
631,26,0.024471283,4
632,10,0.183359623,2
633,17.5,0.021794558,4
634,38.5,0.010316133,4
635,27.5,0.0101192,4
636,13.5,0.019872427,4
637,31.5,0.020874739,4
638,12,0.01672554,4
639,19,0.030627251,4
640,17,0.012268305,4
641,1,0.144150257,1
642,54,0.073607683,4
643,7,0.172580719,1
644,15,0.119379044,4
645,17,0.021154642,4
646,30,0.009012222,4
647,15,0.014504194,4
648,4,0.035965919,1
649,46,0.044000864,4
650,22,0.010087967,4
651,23,0.020032883,4
652,29.5,0.019604683,4
653,68,0.090650558,4
654,31,0.00850296,4
655,34,0.018822193,4
656,68,0.031697035,4
657,11,0.009300709,4
658,43,0.019001722,4
659,10,0.252954245,2
660,24,0.038735151,4
661,23,0.0127666,4
662,29,0.019526243,4
663,60,0.029587984,4
664,16,0.011400938,4
665,20,0.016920567,4
666,7,0.217862606,1
667,34,0.095233917,4
668,15,0.008851528,4
669,13.5,0.008777857,4
670,48.5,0.019428968,4
671,17,0.001571655,4
672,13,0.008081198,4
673,17,0.010186911,4
674,14,0.00173378,4
675,15,0,4
676,5,0.249298573,1
677,26,0.019932747,4
678,10,0.17389679,2
679,45.5,0.064976931,4
680,11,0.002439022,4
681,67,0.048443317,4
682,10,0.509564877,2
683,33,0.042243958,4
684,14,0.011225224,4
685,38,0.08706975,4
686,69,0.049984455,4
687,10,0.134423256,2
688,6,0.049654484,1
689,12,0.085030079,4
690,133,0.108700037,4
691,18,0.01919198,4
692,13.5,0.012665272,4
693,31,0.01950407,4
694,21,0.008116961,4
695,29,0.013968706,4
696,30,0.00916481,4
697,31,0.018839598,4
698,15,0.00933814,4
699,25,0.000385761,4
700,29,0.011518478,4
701,10,0.521888018,2
702,16,0.057441711,4
703,40,0.017854691,4
704,23.5,0.032646894,4
705,12,0.00327158,4
706,19,0.01818037,4
707,11,0.006752968,4
708,41.5,0.051753044,4
709,11,0.007753849,4
710,60.5,0.090950251,4
711,66.5,0.052528858,4
712,31,0.007850409,4
713,10,0.923489571,2
714,55,0.14786458,4
715,31.5,0.060979843,4
716,5,0.143802404,1
717,11,0.006478071,4
718,46,0.054233789,4
719,16,0.00229454,4
720,121,0.059892178,4
721,20,0.010756731,4
722,100,0.029328108,4
723,26,0.069587469,4
724,25,0.016328812,4
725,60,0.033073425,4
726,16,0.014202118,4
727,33,0.087556839,4
728,31,0.038886309,4
729,35,0.028075695,4
730,45.5,0.040881872,4
731,24,0.017309666,4
732,132,0.115930557,4
733,60,0.029652119,4
734,28,0.018357754,4
735,16,0.019545555,4
736,60,0.064719439,4
737,21.5,0.008002043,4
738,38,0.012441158,4
739,16,0.018220425,4
740,17,0.007802963,4
741,15,0.027033567,4
742,25,0.020800829,4
743,4,0.462594271,1
744,31,0.017317295,4
745,18,0.011311054,4
746,74,0.020267963,4
747,13,0.009333849,4
748,27,0.01058197,4
749,10,1.224486351,1
750,4,0.409748316,1
751,51.5,0.0652349,4
752,16,0.030729771,4
753,51,0.058518171,4
754,37.5,0.010299206,4
755,53,0.030554056,4
756,101,0.080001593,4
757,20,0.030079365,4
758,24,0.013422012,4
759,22,0.020371675,4
760,11,0.013804436,4
761,70,0.030973911,4
762,72,0.015511513,4
763,31,0.06594491,4
764,14,0.00608778,4
765,33,0.009441614,4
766,23,0.004824162,4
767,85.5,0.149912119,4
768,56.5,0.041768789,4
769,25,0.045805931,4
770,10.5,0.009267569,4
771,18,0.048542976,4
772,18.5,0.022534609,4
773,10,0.295449018,1
774,20.5,0.093384266,4
775,17.5,0.031251431,4
776,20,0.02003932,4
777,6,0.755431414,1
778,61,0.061610699,4
779,19,0.015714169,4
780,38,0.04365325,4
781,15,0.054030418,4
782,17,0.034559488,4
783,31,0.015441179,4
784,23,0.018900871,4
785,20,0.036839485,4
786,65,0.043829203,4
787,13,0.033692122,4
788,17,0.015493155,4
789,34,0.046912432,4
790,74.5,0.049878597,4
791,50,0.03518796,4
792,24,0.031373501,4
793,10,0.022571087,2
794,29,0.027131796,4
795,5,3.608923435,1
796,35,0.018100023,4
797,21,0.031826735,4
798,75,0.059800625,4
799,18,0.020249367,4
800,10,2.25937438,1
801,43,0.059935331,4
802,15,0.120447397,4
803,9.5,0.373458862,1
804,23,0.037768364,4
805,6,0.14573288,1
806,14,0.003572226,4
807,44,0.058974981,4
808,16,0.102110147,4
809,12,0.090832949,4
810,10,2.23065877,2
811,10,0.065833092,2
812,37,0.039046049,4
813,32,0.089578867,4
814,38,0.038687229,4
815,27,0.023040056,4
816,3,0.254903793,1
817,8,6.903107643,1
818,2,1.710782528,1
819,8,2.061145544,1
820,39,0.056406736,4
821,4,2.232615948,1
822,29,0.052822113,4
823,33,0.046958685,4
824,27.5,0.024989367,4
825,22.5,0.030018091,4
826,30,0.013247252,4
827,37.5,0.033377886,4
828,2,0.8594203,1
829,22,0.039911985,4
830,32.5,0.02643466,4
831,23,0.021789074,4
832,33,0.030005217,4
833,41,0.06750226,4
834,9,0.999705553,1
835,32.5,0.024912834,4
836,15,0.20818758,4
837,19.5,0.102611065,4
838,24,0.025354385,4
839,17,0.051438332,4
840,88,0.070751429,4
841,33,0.130378723,4
842,23,0.067238808,4
843,11.5,0.009381771,4
844,36.5,0.022195578,4
845,31,0.067486048,4
846,15.5,0.065286875,4
847,68,0.215848684,4
848,22,0.160068035,4
849,39,0.034937382,4
850,10,1.163489103,1
851,57.5,0.092291117,4
852,33.5,0.088429689,4
853,18,0.076734066,4
854,12,0.010512829,4
855,25,0.044715405,4
856,29,0.128144503,4
857,28,0.020933628,4
858,49,0.06739831,4
859,19,0.070604801,4
860,10,0.954370499,2
861,18,0.008347988,4
862,64,0.058436871,4
863,37,0.130106926,4
864,13,0.008820772,4
865,20,0.20785141,4
866,10,0.939368963,2
867,21,0.051998854,4
868,15.5,0.030481577,4
869,51,0.060531378,4
870,15,0.074745893,4
871,46,0.064988852,4
872,18,0.024702787,4
873,8,0.617419481,1
874,33,0.045918703,4
875,67,0.064451456,4
876,7,3.785670996,1
877,24,0.039699078,4
878,31,0.020717859,4
879,33,0.069952488,4
880,55,0.073411703,4
881,44,0.046276093,4
882,51,0.101384878,4
883,16,0.008062601,4
884,26,0.072720528,4
885,19,0.078218937,4
886,45,0.063642502,4
887,43.5,0.020246744,4
888,23,0.03756094,4
889,26,0.037897348,4
890,7,0.302897453,1
891,20,0.015487194,4
892,36,0.138101101,4
893,21,0.085467577,4
894,50,0.078406572,4
895,30,0.121712446,4
896,17,0.051138163,4
897,42,0.130600214,4
898,28,0.117494583,4
899,18,0.009257078,4
900,16,0.004070282,4
901,19,0.026358843,4
902,22.5,0.022556782,4
903,23,0.038125515,4
904,8,1.622195482,1
905,20.5,0.369882345,4
906,2,3.590040922,1
907,27,0.026209593,4
908,15,0.019242764,4
909,48,0.072431087,4
910,12,0.001037359,4
911,10,0.15668416,1
912,41,0.043179035,4
913,9,0.169053316,1
914,12,0.009540319,4
915,35,0.079684734,4
916,8,0.119841337,1
917,35,0.047122955,4
918,13,0.016086102,4
919,73,0.039008856,4
920,23,0.010359764,4
921,12,0.011535645,4
922,87,0.349462271,4
923,5,0.148379564,1
924,34.5,0.039586544,4
925,52,0.071694374,4
926,8,0.155555248,1
927,52,0.081901789,4
928,23,0.040491581,4
929,19,0.029850721,4
930,108.5,0.249787092,4
931,30,0.090278625,4
932,47,0.119082689,4
933,13,0.021820545,4
934,51,0.079728603,4
935,129,0.272009373,4
936,9,0.241925478,1
937,9,0.240289211,1
938,16,0.022040844,4
939,17,0.022992611,4
940,40,0.049492359,4
941,18,0.024924755,4
942,53,0.065734863,4
943,5,0.611585855,1
944,45,0.064285755,4
945,21,0.011647701,4
946,35,0.016499281,4
947,45,0.102868319,4
948,26,0.095594645,4
949,56,0.104111671,4
950,14,0.048583269,4
951,28,0.05395627,4
952,14,0.004528046,4
953,19,0.034106493,4
954,39,0.029367447,4
955,18,0.003658295,4
956,10,0.204773903,1
957,9,0.028264761,1
958,10,0.061089993,1
959,30,0.042324305,4
960,17,0.004987001,4
961,51,0.017739773,4
962,7,0.135778904,1
963,27,0.025615454,4
964,22,0.001159906,4
965,54.5,0.067089081,4
966,31,0.010494232,4
967,26,0.037437439,4
968,13,0.009664536,4
969,19,0.01393342,4
970,15,0.022556543,4
971,12,0.063519716,4
972,25,0.038254261,4
973,68,0.078867197,4
974,28,0.013253927,4
975,27,0.020192385,4
976,19,0.022660732,4
977,29,0.035952806,4
978,27.5,0.040972471,4
979,39.5,0.016132355,4
980,8.5,0.089757204,1
981,38.5,0.012464523,4
982,51.5,0.071619749,4
983,1,2.173760176,1
984,1,1.839772224,1
985,1,1.952218533,1
986,1,1.62215662,1
987,1,1.473789692,1
988,10,1.663499594,1
989,10,2.484260798,1
990,2,1.6979146,1
991,50,0.077917814,4
992,3,0.538547993,1
993,26,0.013487577,4
994,59,0.036742687,4
995,11,0.009739637,4
996,25,0.080097914,4
997,3,0.569872618,1
998,3,0.835064173,1
999,10,0.969686508,2
