0,[H][C@@](O)(COP(O)(=O)OC[C@@]([H])(COC(=O)CCCCCCCCCCC(C)CC)OC(=O)CCCCCCCCCCCC(C)C)COP(O)(=O)OC[C@@]([H])(COC(=O)CCCCCCCCC(C)CC)OC(=O)CCCCCCCCCCCCCCC(C)C,[H][C@](O)(COP(O)(=O)OC[C@@]([H])(COC(=O)CCCCCCCCCCC)OC(=O)CCCCCCCCCCC)COP(O)(=O)OC[C@@]([H])(COC(=O)CCCCCCCCCCCCCCCCC)OC(=O)CCCCCCCCCCCCCCCC(C)C
1,[H][C@@](O)(COP(O)(=O)OC[C@@]([H])(COC(=O)CCCCCCCCCCCC(C)C)OC(=O)CCCCCCCCCCCCC(C)CC)COP(O)(=O)OC[C@@]([H])(COC(=O)CCCCCCCCC(C)C)OC(=O)CCCCCCCCCCCC,[H][C@](O)(COP(O)(=O)OC[C@@]([H])(COC(=O)CCCCCCCCCCCC)OC(=O)CCCCCCCCCCCCC)COP(O)(=O)OC[C@@]([H])(COC(=O)CCCCCCCCCCC(C)C)OC(=O)CCCCCCCCCCCCC(C)C
2,[H][C@@](COC(=O)CCCCCCCCCCCCCCCCCCCCCCC)(COP(O)(O)=O)OC(=O)CCCCCCC[C@H](O)[C@@H](O)C\C=C/CCCCC,CCCCC[C@H](O)\C=C\[C@@H]1[C@@H](C\C=C/CCCC(=O)OC[C@H](COP(O)(O)=O)OC(=O)CCCCC\C=C/C\C=C/C\C=C/C\C=C/C\C=C/CC)[C@@H](O)CC1=O
3,[H][C@](O)(COP(O)(=O)OC[C@@]([H])(COC(=O)CCCCCCC\C=C/C\C=C/CCCCC)OC(=O)CCCCCCC\C=C/CCCCCCCC)COP(O)(=O)OC[C@@]([H])(COC(=O)CCCCCCC\C=C/C=C\CCCCCC)OC(=O)CCCCCCC\C=C/C\C=C/CCCCC,[H][C@@](O)(COP(O)(=O)OC[C@@]([H])(COC(=O)CCCCCCCCCCCCCCCCC)OC(=O)CCCCCCCCCCCCCCCCCC(C)C)COP(O)(=O)OC[C@@]([H])(COC(=O)CCCCCCCCCCC(C)CC)OC(=O)CCCCCCCCCCCCCCCC
4,[H][C@](COC(=O)CCCCCCCCCCCCC)(COC(=O)CCCCCCCCCCCCCCCCCCC)OC(=O)CCCCCCCCCCCCCCCC,[H][C@](COC(=O)CCCCCCCCCCCCCCCCCCCC)(COC(=O)CCCCCCCCCCCCCCC(C)C)OC(=O)CCCCCCCCCCC
5,[H]C(O)(COP(O)(=O)OC[C@@]([H])(COC(=O)CCCCCCCCCCCCCCC(C)C)OC(=O)CCCCCCCCCCCC(C)C)COP(O)(=O)OC[C@@]([H])(COC(=O)CCCCCCCCCCC(C)C)OC(=O)CCCCCCCCCCCC(C)C,[H]C(O)(COP(O)(=O)OC[C@@]([H])(COC(=O)CCCCCCCCCC(C)C)OC(=O)CCCCCCCCCCCCCCCCCCC(C)C)COP(O)(=O)OC[C@@]([H])(COC(=O)CCCCCCCCC(C)C)OC(=O)CCCCCCCCCCCC(C)C
6,[H][C@](O)(COP(O)(=O)OC[C@@]([H])(COC(=O)CCCCCCCCCCC)OC(=O)CCCCCCCCCCCC(C)C)COP(O)(=O)OC[C@@]([H])(COC(=O)CCCCCCCCCCCC(C)C)OC(=O)CCCCCCCCCCCCCCCCC,[H][C@](O)(COP(O)(=O)OC[C@@]([H])(COC(=O)CCCCCCCCCC)OC(=O)CCCCCCCCCCC(C)C)COP(O)(=O)OC[C@@]([H])(COC(=O)CCCCCCCCCCCCCC(C)C)OC(=O)CCCCCCCCCCCCCCCCC
7,[H][C@](O)(COP(O)(=O)OC[C@@]([H])(COC(=O)CCCCCCCCC)OC(=O)CCCCCCCCCCCCC(C)C)COP(O)(=O)OC[C@@]([H])(COC(=O)CCCCCCCCCCCCCCCCCC(C)C)OC(=O)CCCCCCCCCCCCCCCCCCCCCCCC,[H][C@](O)(COP(O)(=O)OC[C@@]([H])(COC(=O)CCCCCCCCCCC)OC(=O)CCCCCCCCCCCCCCC(C)C)COP(O)(=O)OC[C@@]([H])(COC(=O)CCCCCCCCCCCCCCCCCCC)OC(=O)CCCCCCCCCCCCCCCCCCC(C)C
8,[H][C@](COC(=O)CCCCCCCCC)(COC(=O)CCCCCCCCCCCCCCCCCC)OC(=O)CCCCCCCCCC(C)C,[H][C@](COC(=O)CCCCCCCCC)(COC(=O)CCCCCCCCCCCCCCC(C)C)OC(=O)CCCCCCCCCCCCC
9,[H][C@](O)(COP(O)(=O)OC[C@@]([H])(COC(=O)CCCCCCCCC)OC(=O)CCCCCCCCCCCC)COP(O)(=O)OC[C@@]([H])(COC(=O)CCCCCCCCCCCC(C)C)OC(=O)CCCCCCCCCCCCCCCCCC(C)C,[H][C@](O)(COP(O)(=O)OC[C@@]([H])(COC(=O)CCCCCCCCC)OC(=O)CCCCCCCCCCCC)COP(O)(=O)OC[C@@]([H])(COC(=O)CCCCCCCCCCCCCCC)OC(=O)CCCCCCCCCCCCCCCCCCC
10,[H][C@@](O)(COP(O)(=O)OC[C@@]([H])(COC(=O)CCCCCCCCCC(C)C)OC(=O)CCCCCCCCCCCCCCCCCC(C)C)COP(O)(=O)OC[C@@]([H])(COC(=O)CCCCCCCCC(C)C)OC(=O)CCCCCCCCCCCCCCC(C)C,[H][C@@](O)(COP(O)(=O)OC[C@@]([H])(COC(=O)CCCCCCCCCCCCCCCC(C)C)OC(=O)CCCCCCCCCCC(C)CC)COP(O)(=O)OC[C@@]([H])(COC(=O)CCCCCCCCC(C)CC)OC(=O)CCCCCCCCCCCCCC(C)C
11,CCCCCCCCCC1=CC=CC=C1OCCO,NC1=NC=NC2=C1N=CN2C(OC(CO)C=O)C=O
12,[H][C@](O)(COP(O)(=O)OC[C@@]([H])(COC(=O)CCCCCCCCCC)OC(=O)CCCCCCCCCCCC)COP(O)(=O)OC[C@@]([H])(COC(=O)CCCCCCCCCCCCC)OC(=O)CCCCCCCCCCCCC,[H][C@](O)(COP(O)(=O)OC[C@@]([H])(COC(=O)CCCCCCCCC)OC(=O)CCCCCCCCCC(C)C)COP(O)(=O)OC[C@@]([H])(COC(=O)CCCCCCCCCCC(C)C)OC(=O)CCCCCCCCCCCC(C)C
13,[H]C(O)(COP(O)(=O)OC[C@@]([H])(COC(=O)CCCCCCCCCC(C)C)OC(=O)CCCCCCCCCCCCCCCCC(C)C)COP(O)(=O)OC[C@@]([H])(COC(=O)CCCCCCCCCCCCCC(C)C)OC(=O)CCCCCCCCC(C)CC,[H][C@@](O)(COP(O)(=O)OC[C@@]([H])(COC(=O)CCCCCCCCCCCCC(C)CC)OC(=O)CCCCCCCCCCCCCCCCC(C)CC)COP(O)(=O)OC[C@@]([H])(COC(=O)CCCCCCCCC(C)C)OC(=O)CCCCCCCCCCCC
14,[H][C@@](O)(COP(O)(=O)OC[C@@]([H])(COC(=O)CCCCCCCCCCCCCCCCCC)OC(=O)CCCCCCCCCCCCCCCCCCC)COP(O)(=O)OC[C@@]([H])(COC(=O)CCCCCCCCC(C)C)OC(=O)CCCCCCCCCCC(C)CC,[H][C@](O)(COP(O)(=O)OC[C@@]([H])(COC(=O)CCCCCCC)OC(=O)CCCCCCCCCCCC)COP(O)(=O)OC[C@@]([H])(COC(=O)CCCCCCCCCCCCCCCCCCCC)OC(=O)CCCCCCCCCCCCCCCCCCCCC(C)C
15,[H][C@](O)(COP(O)(=O)OC[C@@]([H])(COC(=O)CCCCCCCCCCCCCC)OC(=O)CCCCCCCCCCCCCCC)COP(O)(=O)OC[C@@]([H])(COC(=O)CCCCCCCCCCCCCCCCCC)OC(=O)CCCCCCCCCCCCCCCCCCC(C)C,[H][C@@](O)(COP(O)(=O)OC[C@@]([H])(COC(=O)CCCCCCCCCCCCCCCCCCCCC(C)C)OC(=O)CCCCCCCCCCCCCCCCC(C)C)COP(O)(=O)OC[C@@]([H])(COC(=O)CCCCCCCCC(C)CC)OC(=O)CCCCCCCCCCCC(C)C
16,[H][C@@](COC(=O)CCCCCCCCCCCCCCC)(COC(=O)CCCCCCCCC(C)C)OC(=O)CCCCCCCCCCCCCCCCCC,[H][C@@](COC(=O)CCCCCCCCCCCCC(C)CC)(COC(=O)CCCCCCCCC(C)C)OC(=O)CCCCCCCCCCCCCCC(C)C
17,[H][C@@](O)(COP(O)(=O)OC[C@@]([H])(COC(=O)CCCCCCCCCCCCCCCCC(C)C)OC(=O)CCCCCCCCCCC(C)CC)COP(O)(=O)OC[C@@]([H])(COC(=O)CCCCCCCCC(C)C)OC(=O)CCCCCCCCCCC(C)C,[H][C@](O)(COP(O)(=O)OC[C@@]([H])(COC(=O)CCCCCCCCCCC)OC(=O)CCCCCCCCCCC)COP(O)(=O)OC[C@@]([H])(COC(=O)CCCCCCCCCCCCCC(C)C)OC(=O)CCCCCCCCCCCCCCCCCCC
18,[H][C@@](COC(=O)CCCCCCCCCCCCCCCCCCCCC(C)C)(COC(=O)CCCCCCCCCCC(C)CC)OC(=O)CCCCCCCCCCCCCCC,CCCCC[C@H](O)\C=C\[C@H]1[C@H](O)CC(=O)[C@@H]1CCCCCCC(=O)O[C@H](COC(=O)CCCCCCCCCCCCCCCCCCC(C)C)COP(O)(=O)OC[C@@H](O)CO
19,[H][C@@](CO\C=C\CCCCCCCCCCCCCCCC)(COP([O-])(=O)OCC[N+](C)(C)C)OC(=O)CCC\C=C/C\C=C/C\C=C/C\C=C/C=C/[C@H](O)CC,[H][C@](COC(=O)CCCCCCCCCCCCCC)(COC(=O)CCCCCCCCCCCCC(C)CC)OC(=O)CCCCCCCCCCCCCCC
20,[H][C@](O)(COP(O)(=O)OC[C@@]([H])(COC(=O)CCCCCCCCCCC)OC(=O)CCCCCCCCCCCCCC)COP(O)(=O)OC[C@@]([H])(COC(=O)CCCCCCCCCCCCCCC)OC(=O)CCCCCCCCCCCCCCCCCCC,[H][C@@](O)(COP(O)(=O)OC[C@@]([H])(COC(=O)CCCCCCCCCCCCC(C)C)OC(=O)CCCCCCCCCCCCCCCCCC)COP(O)(=O)OC[C@@]([H])(COC(=O)CCCCCCCCCCC(C)C)OC(=O)CCCCCCCCCCC(C)C
21,[H][C@@](O)(COP(O)(=O)OC[C@@]([H])(COC(=O)CCCCCCCCCCCCCCCCCC)OC(=O)CCCCCCCCCCCCCCCCCCCCC)COP(O)(=O)OC[C@@]([H])(COC(=O)CCCCCCCCCCCCCC)OC(=O)CCCCCCCCCCCCC(C)CC,[H][C@@](O)(COP(O)(=O)OC[C@@]([H])(COC(=O)CCCCCCC\C=C/CCCCCCCC)OC(=O)CCCCCCCCC\C=C/CCCCCC)COP(O)(=O)OC[C@@]([H])(COC(=O)CCCCCCCCCCCCCCC)OC(=O)CC\C=C/C\C=C/C\C=C/C\C=C/C\C=C/CCCCC
22,[H][C@@](O)(COP(O)(=O)OC[C@@]([H])(COC(=O)CCCCCCCCCCC(C)CC)OC(=O)CCCCCCCCCCCCCCCCCC(C)C)COP(O)(=O)OC[C@@]([H])(COC(=O)CCCCCCCCC(C)CC)OC(=O)CCCCCCCCCCCCCCCCCCCCC(C)CC,[H][C@](O)(COP(O)(=O)OC[C@@]([H])(COC(=O)CCCCCCCCCCCCCC)OC(=O)CCCCCCCCCCCCCCCCC)COP(O)(=O)OC[C@@]([H])(COC(=O)CCCCCCCCCCCCCCCC(C)C)OC(=O)CCCCCCCCCCCCCCCCCCCCC
23,[H][C@](O)(COP(O)(=O)OC[C@@]([H])(COC(=O)CCCCCCCCCC)OC(=O)CCCCCCCCCCCCC(C)CC)COP(O)(=O)OC[C@@]([H])(COC(=O)CCCCCCCCCCCCCCCCCC(C)C)OC(=O)CCCCCCCCCCCCCCCCCCCCC(C)CC,[H][C@](O)(COP(O)(=O)OC[C@@]([H])(COC(=O)CCCCCCCCCC)OC(=O)CCCCCCCCCCCCCCCC)COP(O)(=O)OC[C@@]([H])(COC(=O)CCCCCCCCCCCCCCCCC(C)CC)OC(=O)CCCCCCCCCCCCCCCCCCCCC(C)CC
24,[H]C(O)(COP(O)(=O)OC[C@@]([H])(COC(=O)CCCCCCCCCCCCCCC(C)C)OC(=O)CCCCCCCCCCCC(C)C)COP(O)(=O)OC[C@@]([H])(COC(=O)CCCCCCCCCC(C)C)OC(=O)CCCCCCCCCCCCCCC(C)C,[H]C(O)(COP(O)(=O)OC[C@@]([H])(COC(=O)CCCCCCCCCC(C)C)OC(=O)CCCCCCCCCCCCC(C)CC)COP(O)(=O)OC[C@@]([H])(COC(=O)CCCCCCCCCCCCCCCCCC(C)C)OC(=O)CCCCCCCCCC(C)C
25,CC(C)C1=CCC(C)C=C1,C[N+]1=CC=CC(=C1)C(N)=O
26,[H][C@](O)(COP(O)(=O)OC[C@@]([H])(COC(=O)CCCCCCCCCC)OC(=O)CCCCCCCCCCCCCCC)COP(O)(=O)OC[C@@]([H])(COC(=O)CCCCCCCCCCCCCCCCCCC(C)C)OC(=O)CCCCCCCCCCCCCCCCCCC(C)C,[H][C@](O)(COP(O)(=O)OC[C@@]([H])(COC(=O)CCCCCCCCCCC)OC(=O)CCCCCCCCCCCCCC)COP(O)(=O)OC[C@@]([H])(COC(=O)CCCCCCCCCCCCCCCC(C)C)OC(=O)CCCCCCCCCCCCCCCCCCCCC(C)CC
27,[H][C@](O)(COP(O)(=O)OC[C@@]([H])(COC(=O)CCCCCCCCCCCC)OC(=O)CCCCCCCCCCCCCCCC)COP(O)(=O)OC[C@@]([H])(COC(=O)CCCCCCCCCCCCCCCC)OC(=O)CCCCCCCCCCCCCCCC,[H]C(O)(COP(O)(=O)OC[C@@]([H])(COC(=O)CCCCCCCCCC(C)C)OC(=O)CCCCCCCCCCC(C)C)COP(O)(=O)OC[C@@]([H])(COC(=O)CCCCCCCCC(C)C)OC(=O)CCCCCCCCCCCCCCCCCCCCC(C)CC
28,[H][C@](O)(COP(O)(=O)OC[C@@]([H])(COC(=O)CCCCCCC)OC(=O)CCCCCCCCCCCCCCCC(C)C)COP(O)(=O)OC[C@@]([H])(COC(=O)CCCCCCCCCCCCCCCCCCCCC)OC(=O)CCCCCCCCCCCCCCCCCCCCC,[H][C@@](O)(COP(O)(=O)OC[C@@]([H])(COC(=O)CCCCCCCCCCCCCC(C)C)OC(=O)CCCCCCCCCCCCCCCCC(C)CC)COP(O)(=O)OC[C@@]([H])(COC(=O)CCCCCCCCCCCCCCC)OC(=O)CCCCCCCCCCCCCC(C)C
29,[H][C@](O)(COP(O)(=O)OC[C@@]([H])(COC(=O)CCCCCCCCCCCCCCC)OC(=O)CCCCCCCCCCCCCCCCCCC)COP(O)(=O)OC[C@@]([H])(COC(=O)CCCCCCCCCCCCCCCCC(C)CC)OC(=O)CCCCCCCCCCCCCCCCCCCCCC,[H][C@@](O)(COP(O)(=O)OC[C@@]([H])(COC(=O)CCCCCCCCCCCCCCCCCCCCCC)OC(=O)CCCCCCCCCCCCCCCCCCCCC(C)C)COP(O)(=O)OC[C@@]([H])(COC(=O)CCCCCCCCCCCCC(C)C)OC(=O)CCCCCCCCCCCCC(C)CC
30,[H][C@@](O)(COP(O)(=O)OC[C@@]([H])(COC(=O)CCCCCCCCC(C)C)OC(=O)CCCCCCCCCCCCCCCC(C)C)COP(O)(=O)OC[C@@]([H])(COC(=O)CCCCCCCCC(C)CC)OC(=O)CCCCCCCCCCC(C)CC,[H][C@](O)(COP(O)(=O)OC[C@@]([H])(COC(=O)CCCCCCCCC(C)CC)OC(=O)CCCCCCCCCCCCCCCCC(C)C)COP(O)(=O)OC[C@@]([H])(COC(=O)CCCCCCCCCCC(C)C)OC(=O)CCCCCCCCC(C)C
31,[H][C@](O)(COP(O)(=O)OC[C@@]([H])(COC(=O)CCCCCCCCC)OC(=O)CCCCCCCCCCCCCCCCC)COP(O)(=O)OC[C@@]([H])(COC(=O)CCCCCCCCCCCCCCCCCCC(C)C)OC(=O)CCCCCCCCCCCCCCCCCCCCCC,[H][C@@](O)(COP(O)(=O)OC[C@@]([H])(COC(=O)CCCCCCCCCCCCCCCCCC(C)C)OC(=O)CCCCCCCCCCCCCCCCCCCCC)COP(O)(=O)OC[C@@]([H])(COC(=O)CCCCCCCCCCC(C)C)OC(=O)CCCCCCCCCCCCC(C)C
32,[H][C@@](COC(=O)CCCCCCCCCCCCCCCCCCCCC)(COC(=O)CCCCCCCCC(C)CC)OC(=O)CCCCCCCCCCCCCCCCC,[H][C@@](COC(=O)CCCCCCCCCCCCCCC)(COC(=O)CCCCCCCCCCCC(C)C)OC(=O)CCCCCCCCCCCCCCCCCCCCC
33,[H][C@](O)(COP(O)(=O)OC[C@@]([H])(COC(=O)CCCCCCCCCCCCC)OC(=O)CCCCCCCCCCCCC)COP(O)(=O)OC[C@@]([H])(COC(=O)CCCCCCCCCCCCC)OC(=O)CCCCCCCCCCCCCCCCCCC(C)C,[H][C@@](O)(COP(O)(=O)OC[C@@]([H])(COC(=O)CCCCCCCCCCCCCC)OC(=O)CCCCCCCCCCCCCCCCCCCCC(C)CC)COP(O)(=O)OC[C@@]([H])(COC(=O)CCCCCCCCCC)OC(=O)CCCCCCCCC(C)CC
34,[H][C@](O)(COP(O)(=O)OC[C@@]([H])(COC(=O)CCCCCCCCCCCCCCC)OC(=O)CCCCCCCCCCCCCCCC)COP(O)(=O)OC[C@@]([H])(COC(=O)CCCCCCCCCCCCCCCCCCC)OC(=O)CCCCCCCCCCCCCCCCC(C)C,[H][C@@](O)(COP(O)(=O)OC[C@@]([H])(COC(=O)CCCCCCCCCCCCCCCCC)OC(=O)CCCCCCCCCCCCCCCCCCCCCC)COP(O)(=O)OC[C@@]([H])(COC(=O)CCCCCCCCCCC(C)CC)OC(=O)CCCCCCCCCCCCCC(C)C
35,[H][C@](COC(=O)CCCCCCCCCCCCCCCCCCCCC(C)CC)(COC(=O)CCCCCCCCCC(C)C)OC(=O)CCCCCCCCCCCCC(C)C,[H][C@@](COC(=O)CCCCCCC)(COC(=O)CCCCCCCCCCCCCCCCCCCCC(C)CC)OC(=O)CCCCCCCCCCCCCCCCCCCC
36,[H][C@](O)(COP(O)(=O)OC[C@@]([H])(COC(=O)CCCCCCC)OC(=O)CCCCCCCCC(C)CC)COP(O)(=O)OC[C@@]([H])(COC(=O)CCCCCCCCCCCCCCCC(C)C)OC(=O)CCCCCCCCCCCCCCCCCCCCC(C)CC,[H]C(O)(COP(O)(=O)OC[C@@]([H])(COC(=O)CCCCCCCCCCCCCC(C)C)OC(=O)CCCCCCCCCCCCCCC(C)C)COP(O)(=O)OC[C@@]([H])(COC(=O)CCCCCCCCCC(C)C)OC(=O)CCCCCCCCCCCCCC(C)C
37,CCCCC[C@H](O)\C=C\[C@H]1[C@H](O)CC(=O)[C@@H]1CCCCCCC(=O)OC[C@H](COP(O)(=O)OC[C@@H](O)CO)OC(=O)CCCCCCCCC(C)C,[H][C@@](COC(=O)CCCCCCCCCCCCCCCCCC)(COC(=O)CCCCCCCCCCCCC(C)C)OC(=O)CCCCCCCCC
38,[H][C@@](COC(=O)CCCCCCCCCCCCCCCC)(COC(=O)CCCCCCCCCCCCCCCCCCC(C)C)OC(=O)CCCCCCCCC,[H][C@@](COC(=O)CCCCCCCCCCCCCCCC)(COC(=O)CCCCCCCCCCCCCC(C)C)OC(=O)CCCCCCCCCCC(C)CC
39,[H][C@](O)(COP(O)(=O)OC[C@@]([H])(COC(=O)CCCCCCCCCCCCC)OC(=O)CCCCCCCCCCCCCCCCC(C)C)COP(O)(=O)OC[C@@]([H])(COC(=O)CCCCCCCCCCCCCCCCCC(C)C)OC(=O)CCCCCCCCCCCCCCCCCCCCC,[H][C@@](O)(COP(O)(=O)OC[C@@]([H])(COC(=O)CCCCCCCCCCCCCCCCCCCCC)OC(=O)CCCCCCCCCCCCCCCCCCCCCCC)COP(O)(=O)OC[C@@]([H])(COC(=O)CCCCCCCCC(C)C)OC(=O)CCCCCCCCCCCCCCCC(C)C
40,[H]C(O)(COP(O)(=O)OC[C@@]([H])(COC(=O)CCCCCCCCCCCCCCCCCCCCC(C)C)OC(=O)CCCCCCCCCCCCC(C)CC)COP(O)(=O)OC[C@@]([H])(COC(=O)CCCCCCCCCCC(C)C)OC(=O)CCCCCCCCC(C)C,[H][C@](O)(COP(O)(=O)OC[C@@]([H])(COC(=O)CCCCCCC)OC(=O)CCCCCCCCCCC(C)C)COP(O)(=O)OC[C@@]([H])(COC(=O)CCCCCCCCCCCCCCCCCCC(C)C)OC(=O)CCCCCCCCCCCCCCCCCCCCCC
41,CCCCC[C@H](O)\C=C\[C@@H]1[C@@H](O)[C@@H](O)[C@H]2OP(O)(=O)OC[C@@H](COC(=O)CCC\C=C/C[C@@H]([C@@H](O)CC1=O)[C@@H](O)[C@H](O)[C@H]2O)OC(=O)CC\C=C/C\C=C/C\C=C/C\C=C/C\C=C/C\C=C/CC,[H][C@@](COC(=O)CCC\C=C/C\C=C/C\C=C/C\C=C/C=C/[C@@H](O)CC)(COP(O)(=O)O[C@H]1C(O)C(O)C(O)[C@@H](OP(O)(O)=O)C1O)OC(=O)CCCCCCCCCCCCC\C=C/CC
42,[H][C@](O)(COP(O)(=O)OC[C@@]([H])(COC(=O)CCCCCCCCC)OC(=O)CCCCCCCCCC)COP(O)(=O)OC[C@@]([H])(COC(=O)CCCCCCCCCCC(C)CC)OC(=O)CCCCCCCCCCCC(C)C,[H][C@](O)(COP(O)(=O)OC[C@@]([H])(COC(=O)CCCCCCCCCCC)OC(=O)CCCCCCCCCCC)COP(O)(=O)OC[C@@]([H])(COC(=O)CCCCCCCCC(C)C)OC(=O)CCCCCCCCCCCCCC
43,[H][C@](O)(COP(O)(=O)OC[C@@]([H])(COC(=O)CCCCCCCCC)OC(=O)CCCCCCCCCCCCC(C)C)COP(O)(=O)OC[C@@]([H])(COC(=O)CCCCCCCCCCCCCC(C)C)OC(=O)CCCCCCCCCCCCCCCCCC(C)C,[H]C(O)(COP(O)(=O)OC[C@@]([H])(COC(=O)CCCCCCCCCCCCCCCCCC(C)C)OC(=O)CCCCCCCCCCC(C)CC)COP(O)(=O)OC[C@@]([H])(COC(=O)CCCCCCCCCC(C)C)OC(=O)CCCCCCCCCCC(C)CC
44,[H][C@@](O)(COP(O)(=O)OC[C@@]([H])(COC(=O)CCCCCCCCCCCCCCCCCCCCC)OC(=O)CCCCCCCCCCCCCCCCCCCCC)COP(O)(=O)OC[C@@]([H])(COC(=O)CCCCCCCCCC(C)C)OC(=O)CCCCCCCCCCCCCCCCCCC,[H][C@](O)(COP(O)(=O)OC[C@@]([H])(COC(=O)CCCCCCCCCCCCC)OC(=O)CCCCCCCCCCCCCCCCCC)COP(O)(=O)OC[C@@]([H])(COC(=O)CCCCCCCCCCCCCCCCCC(C)C)OC(=O)CCCCCCCCCCCCCCCCCCCCCC
45,[H][C@](COC(=O)CCCCCCCCCCCCCCCCCCC)(COC(=O)CCCCCCCCCCCCCCCCCCCCC)OC(=O)CCCCCCCCCCCCC(C)CC,[H][C@](COC(=O)CCCCCCCCCCCCCCCC)(COC(=O)CCCCCCCCCCCCCCCCCC(C)C)OC(=O)CCCCCCCCCCCCCCCCCC(C)C
46,CC(C)=CCC(COC1OC(COC2OCC(O)C(O)C2O)C(O)C(O)C1O)C(C)=C,CC(C)C(=C)C(O)C(O)C(C)C1CCC2C3CCC4CC(O)C(O)CC4(C)C3CCC12C
47,[H][C@@](O)(COP(O)(=O)OC[C@@]([H])(COC(=O)CCCCCCCCCCCCCCCCCC)OC(=O)CCCCCCCCCCCCCCCCCCC(C)C)COP(O)(=O)OC[C@@]([H])(COC(=O)CCCCCCCCCCC(C)CC)OC(=O)CCCCCCCCCCCCCCCCCC,[H][C@@](O)(COP(O)(=O)OC[C@@]([H])(COC(=O)CCCCCCCCCCCCCCCCC(C)CC)OC(=O)CCCCCCCCCCCCCCCCCCC(C)C)COP(O)(=O)OC[C@@]([H])(COC(=O)CCCCCCCCC(C)CC)OC(=O)CCCCCCCCCCCCCCCC(C)C
48,[H][C@@](O)(COP(O)(=O)OC[C@@]([H])(COC(=O)CCCCCCCCCCCCCCC(C)C)OC(=O)CCCCCCCCCCCCCCCCCCCCC)COP(O)(=O)OC[C@@]([H])(COC(=O)CCCCCCCCCCC(C)C)OC(=O)CCCCCCCCCCCCCC,[H][C@](O)(COP(O)(=O)OC[C@@]([H])(COC(=O)CCCCCCC)OC(=O)CCCCCCCCCCCCCC)COP(O)(=O)OC[C@@]([H])(COC(=O)CCCCCCCCCCCCCCCCCCCC)OC(=O)CCCCCCCCCCCCCCCCCCCCCCCC
49,[H][C@@](O)(COP(O)(=O)OC[C@@]([H])(COC(=O)CCCCCCCCCCCCCCCCCC)OC(=O)CCCCCCCCCCCCCCCCC(C)CC)COP(O)(=O)OC[C@@]([H])(COC(=O)CCCCCCCCCCCCCC)OC(=O)CCCCCCCCCCCCC(C)CC,[H]C(O)(COP(O)(=O)OC[C@@]([H])(COC(=O)CCCCCCCCCCCCCCCCC(C)CC)OC(=O)CCCCCCCCCCCCCCCCC(C)CC)COP(O)(=O)OC[C@@]([H])(COC(=O)CCCCCCCCCCC(C)C)OC(=O)CCCCCCCCCCCCC(C)C
