pair_id,smiles1,smiles2,mass1,mass2,mass_diff,runtime_sec,runtime_inside_mces,distance,compute_mode,skipped,solverCalled,ilp_solver,actual_threshold,raw_mces_result,error_message,result_type,is_exact,is_lower_bound,d1,d_bond,d_incident,d2,d_rascal
1879,[H][C@](COC(=O)CCCCCCCCC)(COC(=O)CCCCCCCCCCCCCCCCCC)OC(=O)CCCCCCCCCC(C)C,[H][C@](COC(=O)CCCCCCCCC)(COC(=O)CCCCCCCCCCCCCCC(C)C)OC(=O)CCCCCCCCCCCCC,723.177,723.1769999999998,2.2737367544323206e-13,36.11606454849243,31.994910955429077,3.99999999999941,1,0,1,1,10,"(0, 3.99999999999941, 31.994910955429077, 1, 1, 10, 0.0, 0, 0.0, 0.0, 0)",,exact,1,0,0.0,0,0.0,0.0,0
3585,[H][C@@](COC(=O)CCCCCCCCCCCCCCC)(COC(=O)CCCCCCCCC(C)C)OC(=O)CCCCCCCCCCCCCCCCCC,[H][C@@](COC(=O)CCCCCCCCCCCCC(C)CC)(COC(=O)CCCCCCCCC(C)C)OC(=O)CCCCCCCCCCCCCCC(C)C,793.3119999999993,793.3119999999994,1.1368683772161603e-13,10.330787181854248,7.018330097198486,3.9999999999988765,1,0,1,1,10,"(0, 3.9999999999988765, 7.018330097198486, 1, 1, 10, 2.0, 0, 0.0, 2.0, 0)",,exact,1,0,2.0,0,0.0,2.0,0
3623,CC[C@H](O)\C=C\C=C/C\C=C/C\C=C/C\C=C/CCCC(=O)OC[C@H](CO)OC(=O)CCCCCCCCCCC(C)C,CC1OC(CC(C1OS(C)(=O)=O)N1CC1)OC1CC(O)(CC2=C(O)C3=C(C(O)=C12)C(=O)C1=CC=CC=C1C3=O)C(C)=O,602.8970000000003,601.6300000000002,1.2670000000000528,2.6542654037475586,0.003022909164428711,25.0,2,0,0,0,10,"(0, 25.0, 0.003022909164428711, 2, 0, 10, 25.0, None, None, None, 0.0)",,lower_bound,0,1,25.0,,,,0.0
7864,CCCCC[C@H](O)\C=C\[C@H]1[C@H](O)CC(=O)[C@@H]1CCCCCCC(=O)OC[C@H](COP(O)(=O)OC[C@@H](O)CO)OC(=O)CCCCCCCCC(C)C,[H][C@@](COC(=O)CCCCCCCCCCCCCCCCCC)(COC(=O)CCCCCCCCCCCCC(C)C)OC(=O)CCCCCCCCC,764.9309999999998,765.2579999999998,0.3269999999999982,3.2274539470672607,0.0020856857299804688,20.0,2,0,0,0,10,"(0, 20.0, 0.0020856857299804688, 2, 0, 10, 20.0, None, None, None, 0.0)",,lower_bound,0,1,20.0,,,,0.0
8016,CCCCC\C=C/C\C=C/C\C=C/CCCCC(=O)O[C@H](COC(=O)CCC\C=C/C[C@H]1C=CC(=O)[C@@H]1\C=C\[C@@H](O)CCCCC)COP(O)(=O)OCCN,[H][C@@](COC(=O)CCCCCCCCCCCCCCCCC(C)C)(COC(=O)CCCCCCCCC(C)C)OC(=O)CCCCCCCCCCC(C)CC,792.004,793.3119999999997,1.3079999999996517,2.476459503173828,0.0030639171600341797,17.0,2,0,0,0,10,"(0, 17.0, 0.0030639171600341797, 2, 0, 10, 17.0, None, None, None, 0.0)",,lower_bound,0,1,17.0,,,,0.0
18782,[H][C@](CO)(COC(=O)CCCC\C=C/C\C=C/C\C=C/C\C=C/CC)OC(=O)CCCCCC\C=C/C\C=C/C\C=C/CCCCC,[H][C@](CO)(COC(=O)CCC\C=C/C\C=C/C\C=C/CCCCCCCC)OC(=O)CCCC\C=C/C\C=C/C\C=C/C\C=C/CC,638.9740000000002,638.9740000000004,2.2737367544323206e-13,5.487024784088135,2.6291146278381348,4.0000000000001625,1,0,1,1,10,"(0, 4.0000000000001625, 2.6291146278381348, 1, 1, 10, 0.0, 0, 0.0, 0.0, 0)",,exact,1,0,0.0,0,0.0,0.0,0
28208,CCCCC[C@H](O)\C=C\C=C/C\C=C/C=C/[C@H](O)CCCC(=O)OC[C@H](O)COC(=O)CCCCCCCCCCCCCCC(C)C,[H][C@](CO)(COC(=O)CCCCCCCCCCCCCCCCCCCCC)OC(=O)CCCCCCC\C=C/C\C=C/CCCCC,677.0199999999999,677.1080000000002,0.0880000000003065,5.317515850067139,2.984849691390991,10,2,0,1,1,10,"(0, 10, 2.984849691390991, 2, 1, 10, 7.0, 0, 0.0, 7.0, 0)",,lower_bound,0,1,7.0,0,0.0,7.0,0
31479,[H][C@](COC(=O)CCCCCCCCCCC)(COC(=O)CCCCCCCCCCCCCCCCCCC(C)C)OC(=O)CCCCCCCCC(C)C,[H][C@](COC(=O)CCCCCCCCCCCCCCC)(COC(=O)CCCCCCCCCCCCCCCCCCCCC)OC(=O)CCCCCCC,779.2849999999999,779.2849999999996,2.2737367544323206e-13,38.98381447792053,36.67277002334595,5.999999999999918,1,0,1,1,10,"(0, 5.999999999999918, 36.67277002334595, 1, 1, 10, 2.0, 0, 0.0, 2.0, 0)",,exact,1,0,2.0,0,0.0,2.0,0
31508,[H][C@](COC(=O)CCCCCCCCCCCC)(COC(=O)CCCCCCCCC(C)C)OC(=O)CCCCCCCCC,[H][C@](CO)(COC(=O)CCCCCCCCCCCCCCCC)OC(=O)CCCCCCCCCCCCCCCC(C)C,624.9879999999999,625.0320000000003,0.04400000000032378,15.539178848266602,12.713575839996338,7.0,1,0,1,1,10,"(0, 7.0, 12.713575839996338, 1, 1, 10, 4.0, 0, 0.0, 5.0, 0)",,exact,1,0,4.0,0,0.0,5.0,0
31991,COC1=CC(O)=C2C(=O)C(OC3OCC(O)C(O)C3O)=C(OC2=C1)C1=CC(OC2OC(C)C(O)C(O)C2O)=C(O)C=C1,CCCCCCCCCCCC(=O)OC[C@H](O)COC(=O)CCCC(O)C(O)C\C=C/C\C=C/C\C=C/CCCCC,594.5220000000004,594.874,0.3519999999996344,2.386014461517334,0.009301900863647461,25.5,2,0,0,0,10,"(0, 25.5, 0.009301900863647461, 2, 0, 10, 25.5, None, None, None, 0.0)",,lower_bound,0,1,25.5,,,,0.0
32135,[H][C@](N)(COP(O)(=O)OC[C@@]([H])(COC(=O)CCCCCCC\C=C/CCCC)OC(=O)CCCCCCC\C=C/C\C=C/CCCCC)C(O)=O,[H][C@@](COC(=O)CCCC\C=C/C\C=C/C\C=C/C\C=C/CC)(COP(O)(O)=O)OC(=O)CCC\C=C/C\C=C/C\C=C/C=C/CC(O)\C=C/CC,729.9330000000001,730.9200000000002,0.98700000000008,2.4301397800445557,0.02293562889099121,11.0,2,0,0,0,10,"(0, 11.0, 0.02293562889099121, 2, 0, 10, 11.0, None, None, None, 0.0)",,lower_bound,0,1,11.0,,,,0.0
33751,[H][C@](COC(=O)CCCCCCCCCCC)(COC(=O)CCCCCCCCCCCCCCCCC(C)C)OC(=O)CCCCCCCCCCC(C)CC,[H][C@@](COC(=O)CCCCCCCCCCCCCCCCCCCC)(COC(=O)CCCCCCCCCC(C)C)OC(=O)CCCCCCCCC(C)CC,793.3119999999998,793.3119999999998,0.0,60,,,,1,0,,,,Exceeded 60 seconds,unknown,0,0,,,,,
38430,[H][C@@](COC(=O)CCCCCCC[C@@H](O)[C@H](O)C\C=C/CCCCC)(COP(O)(=O)OC[C@H](N)C(O)=O)OC(=O)CCCCCCCCCCCCC,[H][C@](COC(=O)CCCCCCCCCCCCCCCCC(C)C)(COC(=O)CCCCCCCCCCC(C)CC)OC(=O)CCCCCCCCC,765.9629999999996,765.2579999999997,0.7049999999999272,3.3112642765045166,0.003987312316894531,17.0,2,0,0,0,10,"(0, 17.0, 0.003987312316894531, 2, 0, 10, 17.0, None, None, None, 0.0)",,lower_bound,0,1,17.0,,,,0.0
38725,[H][C@@](COC(=O)CCCCCCC)(COC(=O)CCCCCCCCCCCCC(C)C)OC(=O)CCCCCCCCCCCCCCCCCCCCC,[H][C@](COC(=O)CCCCCCCCCCCCCCCCC)(COC(=O)CCCCCCCCCCCCC(C)C)OC(=O)CCCCCCCCCCC,779.2849999999993,779.2849999999997,4.547473508864641e-13,11.263200759887695,8.776496410369873,2.000000000000109,1,0,1,1,10,"(0, 2.000000000000109, 8.776496410369873, 1, 1, 10, 0.0, 0, 0.0, 0.0, 0)",,exact,1,0,0.0,0,0.0,0.0,0
40255,[H][C@](COC(=O)CCCCCCCCCCCCCCC(C)C)(COC(=O)CCCCCCCCCCC(C)CC)OC(=O)CCCCCCC,[H][C@@](O)(COC(=O)CCCCCCCCCCCCCCCCCCCCC)COC(=O)CCCCCCCCCCCCCCCCC(C)C,709.15,709.1939999999998,0.04399999999986903,17.948277950286865,15.796838760375977,8.99999999999999,1,0,1,1,10,"(0, 8.99999999999999, 15.796838760375977, 1, 1, 10, 5.0, 0, 0.0, 6.0, 0)",,exact,1,0,5.0,0,0.0,6.0,0
42470,CCCCC[C@@H](O)\C=C\[C@H]1[C@H](O)C[C@H](O)[C@H]1C\C=C/CC(=O)OC[C@H](COP(O)(O)=O)OC(=O)CCCCCCCCCCCCCCCCC(C)CC,[H][C@@](COC(=O)CCCCCCCCCCCCCCCCCCC)(COP(O)(O)=O)OC(=O)CCCCCCCCCCCCCCCCCCC(C)C,789.040999999999,789.1729999999991,0.13200000000006185,6.965713739395142,5.145174741744995,10,2,0,1,1,10,"(0, 10, 5.145174741744995, 2, 1, 10, 9.0, 0, 0.0, 9.0, 0)",,lower_bound,0,1,9.0,0,0.0,9.0,0
43219,[H][C@@](COP([O-])(=O)OCC[N+](C)(C)C)(NC(=O)CCC[C@@H](O)\C=C\C=C/C\C=C/C\C=C/CCCCC)[C@H](O)\C=C\CCCCCCCC\C=C/CCC,[H][C@@](COC(=O)CCCCCCC)(COC(=O)CCCCCCCCCCCCC(C)C)OC(=O)CCCCCCCCCCCCCCCCC(C)CC,765.0699999999997,765.2579999999995,0.1879999999997608,1.7034213542938232,0.0029859542846679688,18.0,2,0,0,0,10,"(0, 18.0, 0.0029859542846679688, 2, 0, 10, 18.0, None, None, None, 0.0)",,lower_bound,0,1,18.0,,,,0.0
44757,[H][C@](COC(=O)CCCCCCCCCCCCCC)(COC(=O)CCCCCCCCCCCC(C)C)OC(=O)CCCCCCCCCCCC(C)C,[H][C@](COC(=O)CCCCCCCCCCCCCCC(C)C)(COC(=O)CCCCCCCCCCC(C)C)OC(=O)CCCCCCCCCC(C)C,765.2579999999997,765.2579999999998,1.1368683772161603e-13,60,,,,1,0,,,,Exceeded 60 seconds,unknown,0,0,,,,,
45488,CC1(C)CCC2(CCC3(C)C(C2C1)C(=O)C=C1C2(C)C=C(C#N)C(=O)C(C)(C)C2CCC31C)C(=O)N1C=CN=C1,[H][C@](CO)(COC(=O)CCCCCCCCCCCCC(C)CC)OC(=O)CCCCCCCCCC(C)C,541.7360000000003,540.8700000000005,0.8659999999998718,10.401787281036377,0.011310577392578125,20.5,2,0,0,0,10,"(0, 20.5, 0.011310577392578125, 2, 0, 10, 20.5, None, None, None, 0.0)",,lower_bound,0,1,20.5,,,,0.0
46707,CCC(C1CCC(C)C(O1)C(C)C(O)C(C)C(=O)C(CC)C1OC2(OC3(CCC(C)(O3)C3CCC(O)(CC)C(C)O3)C(O)C=C2)C(C)CC1C)C(O)=O,[H][C@](COC(=O)CCCCCCCCCCCCC(C)C)(COC(=O)CCCCCCCCCCCC(C)C)OC(=O)CCCCCCCCCC(C)C,751.0110000000004,751.2309999999999,0.21999999999945885,3.6535751819610596,0.007899761199951172,19.0,2,0,0,0,10,"(0, 19.0, 0.007899761199951172, 2, 0, 10, 19.0, None, None, None, 0.0)",,lower_bound,0,1,19.0,,,,0.0
47035,[H][C@](COC(=O)CCCCCCCCCCCCCCCC(C)C)(COC(=O)CCCCCCCCCCC(C)C)OC(=O)CCCCCCCCCCC,[H][C@](COC(=O)CCCCCCCCCCCCC(C)C)(COC(=O)CCCCCCCCC(C)C)OC(=O)CCCCCCCCCCCCCCCC,765.2579999999997,765.2579999999995,2.2737367544323206e-13,60,,,,1,0,,,,Exceeded 60 seconds,unknown,0,0,,,,,
49642,[H][C@@](COC(=O)CCCCCCCCCCC)(COC(=O)CCCCCCCCCCCCCCCCC)OC(=O)CCCCCCCCCCC(C)C,[H][C@@](COC(=O)CCCCCC\C=C/C\C=C/C\C=C/CCCCC)(COP(O)(O)=O)OC(=O)CCCCCCCCC\C=C/C\C=C/CCCCC,751.2309999999999,751.0389999999995,0.19200000000034834,3.524449110031128,0.0030994415283203125,11.0,2,0,0,0,10,"(0, 11.0, 0.0030994415283203125, 2, 0, 10, 11.0, None, None, None, 0.0)",,lower_bound,0,1,11.0,,,,0.0
50640,COC1=CC(F)=C(C=C1C1=C(CN2C(C)C(OC2=O)C2=CC(=CC(=C2)C(F)(F)F)C(F)(F)F)C=C(C=C1)C(F)(F)F)C(C)C,CCCCCCCCCCCCCC(=O)OC[C@@H](O)COC(=O)CCC\C=C\C[C@H]1[C@@H](O)C[C@@H](O)[C@@H]1\C=C\[C@@H](O)CCCCC,637.5140000000002,638.9270000000001,1.4129999999998972,3.1164824962615967,0.0073506832122802734,30.0,2,0,0,0,10,"(0, 30.0, 0.0073506832122802734, 2, 0, 10, 30.0, None, None, None, 0.0)",,lower_bound,0,1,30.0,,,,0.0
57869,[H][C@@](COC(=O)CCCC\C=C/C\C=C/C\C=C/C\C=C/CC)(COP(O)(O)=O)OC(=O)CCC\C=C/C\C=C/C\C=C/C\C=C/CC[C@H](O)CC,[H][C@](CO)(COC(=O)CCCCCCCCCCCCC\C=C/CCCCCCCC)OC(=O)CCCCCCCCC\C=C/CCCCCCCC,732.936,733.2159999999997,0.27999999999963165,1.956212043762207,0.001994609832763672,18.0,2,0,0,0,10,"(0, 18.0, 0.001994609832763672, 2, 0, 10, 18.0, None, None, None, 0.0)",,lower_bound,0,1,18.0,,,,0.0
61065,[H][C@@](COC(=O)CCCCCCCCCCCCCCC)(COC(=O)CCCCCCCCCCCC(C)C)OC(=O)CCCCCCCCCCCCCCC,[H][C@@](COC(=O)CCCCCCCCCCCC)(COC(=O)CCCCCCCCCC(C)C)OC(=O)CCCCCCCCCCCCCCCCCCCC,793.3119999999996,793.3119999999991,4.547473508864641e-13,60,,,,1,0,,,,Exceeded 60 seconds,unknown,0,0,,,,,
71474,[H][C@@](COC(=O)CCCCCCCCCCCCCCC)(COC(=O)CCCCCCCCCCC(C)C)OC(=O)CCCCCCCCCC(C)C,[H][C@](COC(=O)CCCCCCCCCCCCCCCC)(COC(=O)CCCCCCCCCCCCCCC(C)C)OC(=O)CCCCCCC,737.2039999999998,737.204,1.1368683772161603e-13,6.247012138366699,4.112181663513184,4.000000000000372,1,0,1,1,10,"(0, 4.000000000000372, 4.112181663513184, 1, 1, 10, 1.0, 0, 0.0, 1.0, 0)",,exact,1,0,1.0,0,0.0,1.0,0
72734,[H][C@](COC(=O)CCCCCCCCCCCCC(C)C)(COC(=O)CCCCCCCCCCC(C)CC)OC(=O)CCCCCCCCCCCCC,[H][C@](COC(=O)CCCCCCC)(COC(=O)CCCCCCCCCCCCCCCCCCC)OC(=O)CCCCCCCCCCCCCCCC,765.2579999999996,765.2579999999996,0.0,35.87283229827881,32.22771120071411,5.999999999999993,1,0,1,1,10,"(0, 5.999999999999993, 32.22771120071411, 1, 1, 10, 2.0, 0, 0.0, 2.0, 0)",,exact,1,0,2.0,0,0.0,2.0,0
78249,CCCCC[C@H](O)\C=C\[C@@H]1[C@@H](CCCCCCC(=O)OC[C@@H](O)COC(=O)CCCCCCCCCCC(C)CC)[C@@H](O)CC1=O,[H][C@](COC(=O)CCCCCCCCC)(COC(=O)CCCCCCCCCCC(C)C)OC(=O)CCCCCCCCCCCC,652.9540000000003,653.0419999999999,0.08799999999962438,6.43213415145874,4.784971475601196,10.0,1,0,1,1,10,"(0, 10.0, 4.784971475601196, 1, 1, 10, 6.0, 0, 0.0, 7.0, 0)",,exact,1,0,6.0,0,0.0,7.0,0
79595,[H][C@@](CO)(NC(=O)CCC[C@@H](O)[C@H](O)\C=C/C=C\C=C\C=C\[C@@H](O)C\C=C/CC)[C@H](O)[C@@H](O)CCCCCCCCCCCCCC,CC\C=C\CC(O)\C=C\C=C\CCCCCCCC(=O)O[C@@H](CO)COC(=O)CCCCCCCCCCCCCCCC(C)C,649.9539999999997,649.01,0.9439999999997326,3.931541919708252,0.48350954055786133,11.0,2,0,0,0,10,"(0, 11.0, 0.48350954055786133, 2, 0, 10, 8.0, 0, None, 11.0, 0.0)",,lower_bound,0,1,8.0,0,,11.0,0.0
84061,[H][C@](O)(CO)COP(O)(=O)OC[C@@]([H])(COC(=O)CCCCCCC\C=C/C=C\CCCCCC)OC(=O)CCCCCCCC1OC1C\C=C/CCCCC,[H][C@](N)(COP(O)(=O)OC[C@@]([H])(COC(=O)CCCCCCCCCCCCCCC)OC(=O)CCCCCC\C=C/C\C=C/C\C=C/CCCCC)C(O)=O,787.0249999999997,786.041,0.9839999999996962,6.706775188446045,4.074304580688477,10,2,0,1,1,10,"(0, 10, 4.074304580688477, 2, 1, 10, 2.0, 0, 0.0, 5.0, 0)",,lower_bound,0,1,2.0,0,0.0,5.0,0
85717,[H][C@](COC(=O)CCCCCCCCCCCCCCC(C)C)(COC(=O)CCCCCCCCCCCC(C)C)OC(=O)CCCCCCC,[H][C@@](COC(=O)CCCCCCC)(COC(=O)CCCCCCCCCCCCCCCC)OC(=O)CCCCCCCCCCCCCCC,709.15,709.1499999999997,2.2737367544323206e-13,60,,,,1,0,,,,Exceeded 60 seconds,unknown,0,0,,,,,
86976,CCCCCCCCCCCCCC(=O)O[C@@H](CO)COC(=O)C\C=C/C[C@@H]1[C@@H](O)C[C@@H](O)[C@@H]1\C=C\[C@H](O)CCCCC,[H][C@@]1(C)O[C@@]([H])(OC[C@@]2([H])O[C@@]([H])(OC3=CC4=C(C=C(O)C=C4O)[O+]=C3C3=CC(OC)=C(O)C=C3)[C@]([H])(O)[C@@]([H])(O)[C@]2([H])O)[C@]([H])(O)[C@]([H])(O)[C@@]1([H])O,610.873,609.5570000000005,1.3159999999995762,1.6805620193481445,0.0021691322326660156,22.5,2,0,0,0,10,"(0, 22.5, 0.0021691322326660156, 2, 0, 10, 22.5, None, None, None, 0.0)",,lower_bound,0,1,22.5,,,,0.0
87058,[H][C@@](COC(=O)CCCCCCCCCCCCCCCCC)(COC(=O)CCCCCCCCCCCCCCCCC(C)CC)OC(=O)CCCCCCC,[H][C@](COC(=O)CCCCCCCCCCCCC)(COC(=O)CCCCCCCCCC(C)C)OC(=O)CCCCCCCCCCCCCCCCCCC,793.3119999999997,793.3119999999992,4.547473508864641e-13,50.50523138046265,48.545389890670776,6.0,1,0,1,1,10,"(0, 6.0, 48.545389890670776, 1, 1, 10, 0.0, 0, 0.0, 0.0, 0)",,exact,1,0,0.0,0,0.0,0.0,0
88912,[H][C@@](COC(=O)CCCCCCCCCCC)(COC(=O)CCCCCCCCCCC(C)C)OC(=O)CCCCCCCCCCCCC,[H][C@@](CO\C=C\CCCCCCCCCCCCCC)(COP(O)(O)=O)OC(=O)CCCC(O)\C=C\C=C/C\C=C/C\C=C/C\C=C/CC,695.1229999999997,694.9309999999999,0.1919999999997799,3.3362929821014404,0.006983041763305664,13.0,2,0,0,0,10,"(0, 13.0, 0.006983041763305664, 2, 0, 10, 13.0, None, None, None, 0.0)",,lower_bound,0,1,13.0,,,,0.0
91714,[H][C@@](COC(=O)CCCCCCC\C=C/CCCCCC)(COP([O-])(=O)OCC[N+](C)(C)C)OC(=O)CCC\C=C/C\C=C/C\C=C/C\C=C/C=C/[C@H](O)CC,[H][C@@](COC(=O)CCCCCCCCCCCCCCCCC(C)C)(COC(=O)CCCCCCCCCCC(C)C)OC(=O)CCCCCCCCC(C)CC,794.064,793.3119999999997,0.7520000000002938,2.0460565090179443,0.0030248165130615234,17.0,2,0,0,0,10,"(0, 17.0, 0.0030248165130615234, 2, 0, 10, 17.0, None, None, None, 0.0)",,lower_bound,0,1,17.0,,,,0.0
93324,CCCCCCCCCCCCCCCCCC(=O)OC[C@H](CO)OC(=O)C\C=C/C[C@@H]1[C@@H](O)C[C@@H](O)[C@@H]1\C=C\[C@H](O)CCCCC,[H][C@](COC(=O)CCCCCCCCC)(COC(=O)CCCCCCCCCCC(C)CC)OC(=O)CCCCCCCCCCCC,666.9810000000001,667.0689999999998,0.08799999999973807,6.6134607791900635,4.826154708862305,10,2,0,1,1,10,"(0, 10, 4.826154708862305, 2, 1, 10, 7.0, 0, 0.0, 8.0, 0)",,lower_bound,0,1,7.0,0,0.0,8.0,0
93715,[H][C@@](COC(=O)CCCCCCC)(COC(=O)CCCCCCCCCCC)OC(=O)CCCCCCCCCCCC,[H][C@](CO)(COC(=O)CCCCCCCCC(C)CC)OC(=O)CCCCCCCCCCCCCCCCCCCC,596.9340000000003,596.9780000000003,0.04399999999998272,7.087467908859253,1.9649746417999268,4.999999999999771,1,0,1,1,10,"(0, 4.999999999999771, 1.9649746417999268, 1, 1, 10, 3.0, 0, 0.0, 5.0, 0)",,exact,1,0,3.0,0,0.0,5.0,0
95805,[H][C@@](COC(=O)CCCCCCCCCCCCCCC)(COP(O)(O)=O)OC(=O)CCCCCCCCCCC\C=C/CCCCCCCC,[H][C@](O)(CO)COP(O)(=O)OC[C@@]([H])(COC(=O)CCC\C=C/C\C=C/C\C=C/C\C=C/[C@@H](O)CCCC)OC(=O)CCCCCCCCC(C)C,731.0489999999994,730.9169999999997,0.13199999999972079,2.0866005420684814,0.5318126678466797,12.0,2,0,0,0,10,"(0, 12.0, 0.5318126678466797, 2, 0, 10, 10.0, 0, None, 12.0, 0.0)",,lower_bound,0,1,10.0,0,,12.0,0.0
97962,[H][C@](COC(=O)CCCCCCCCCCC)(COC(=O)CCCCCCCCCCC(C)C)OC(=O)CCCCCCCCCCCCCCC,[H][C@@](COC(=O)CCCCCCC)(COC(=O)CCCCCCCCCCCCC(C)CC)OC(=O)CCCCCCCCCCCCCCCC,723.1769999999996,723.1769999999996,0.0,8.0516996383667,5.539618253707886,4.000000000000222,1,0,1,1,10,"(0, 4.000000000000222, 5.539618253707886, 1, 1, 10, 0.0, 0, 0.0, 0.0, 0)",,exact,1,0,0.0,0,0.0,0.0,0
98151,OC1C(COC(=O)C=CC2=CC=C(O)C=C2)OC(OC2=C(OC3=CC(O)=CC(O)=C3C2=O)C2=CC=C(O)C=C2)C(O)C1O,OCC1OC(OC2C(O)C(O)C(CO)OC2C2=C(O)C=C3OC(=CC(=O)C3=C2O)C2=CC=C(O)C=C2)C(O)C(O)C1O,594.5250000000004,594.5220000000005,0.0029999999999290594,2.937925100326538,0.40523195266723633,11.0,2,0,0,0,10,"(0, 11.0, 0.40523195266723633, 2, 0, 10, 8.0, 0, None, 11.0, 0.0)",,lower_bound,0,1,8.0,0,,11.0,0.0
98889,CC1=CC(O)=C2C(O)=C3C(=O)C4C(O)C5C6C(O)C(C(=O)C7=C(O)C8=C(O)C=C(C)C(O)=C8C(=O)C467)C35C(=O)C2=C1O,CC(C)C1=C(C(O)=NC2=CC=CC=C2O)C(=C(N1CCC(O)CC(O)CC(O)=O)C1=CC=C(F)C=C1)C1=CC=CC=C1,574.4940000000004,574.6490000000003,0.15499999999997272,2.20835542678833,0.011526346206665039,16.5,2,0,0,0,10,"(0, 16.5, 0.011526346206665039, 2, 0, 10, 16.5, None, None, None, 0.0)",,lower_bound,0,1,16.5,,,,0.0
99980,[H][C@](COC(=O)CCCCCCCCCCCCCCCC)(COC(=O)CCCCCCCCC(C)C)OC(=O)CCCCCCCCCCCCC(C)CC,CC1(C)C(CCC2(C=O)C1CCC1(C)C2CCC2C3=CC(C)(CCC3(C)CCC12C)C(O)=O)OC1OC(C(O)C(O)C1OC1OCC(O)C(O)C1O)C(O)=O,779.2849999999995,778.9330000000008,0.3519999999987249,2.0650246143341064,0.008858919143676758,25.0,2,0,0,0,10,"(0, 25.0, 0.008858919143676758, 2, 0, 10, 25.0, None, None, None, 0.0)",,lower_bound,0,1,25.0,,,,0.0
101536,[H][C@@](COC(=O)CCCCCCCCCCC)(COC(=O)CCCCCCCCCCCCCCC)OC(=O)CCCCCCCCCCCCCC,CCCCC[C@H](O)\C=C\[C@H]1[C@H](O)C[C@H](O)[C@@H]1C\C=C\CCCC(=O)OC[C@@H](O)COC(=O)CCCCCCCCCCCCCCCCCC(C)C,737.2039999999997,737.1159999999995,0.08800000000019281,7.539538621902466,5.984983921051025,10,2,0,1,1,10,"(0, 10, 5.984983921051025, 2, 1, 10, 9.0, 0, 0.0, 10.0, 0)",,lower_bound,0,1,9.0,0,0.0,10.0,0
102018,[H][C@@](COC(=O)CCCCCCCCCCCCCCCCCCC(C)C)(COC(=O)CCCCCCCCCCC(C)C)OC(=O)CCCCCCCCC,[H][C@](COC(=O)CCCCCCCCCCCC)(COC(=O)CCCCCCCCCCCCCCCCC(C)CC)OC(=O)CCCCCCCCCCC,779.2849999999996,779.2849999999997,1.1368683772161603e-13,36.99776339530945,34.77872276306152,6.0,1,0,1,1,10,"(0, 6.0, 34.77872276306152, 1, 1, 10, 1.0, 0, 0.0, 1.0, 0)",,exact,1,0,1.0,0,0.0,1.0,0
103781,[H]C(COC(=O)CCCCCCCCC\C=C/C\C=C/CCCCC)(COP(O)(=O)OCCNC)OC(=O)CCCCCCC\C=C/CCCC,[H][C@@](COC(=O)CCCCCCCCCCCCCCCCCC)(COP(O)(O)=O)OC(=O)CCCCCCCC(O)\C=C\C=C\C\C=C\CC,728.0049999999997,728.9889999999999,0.9840000000002647,5.489807367324829,2.482696056365967,10,2,0,1,1,10,"(0, 10, 2.482696056365967, 2, 1, 10, 3.0, 0, 0.0, 5.0, 0)",,lower_bound,0,1,3.0,0,0.0,5.0,0
104071,[H][C@](COC(=O)CCCCCCCCCCCCCCC)(COC(=O)CCCCCCCCCCC(C)C)OC(=O)CCCCCCCCCCCCCCC,[H][C@@](COC(=O)CCC\C=C/C\C=C/C=C/[C@H](O)C\C=C/CCCCC)(COP(O)(=O)OCCN)OC(=O)CCCCCCC\C=C/C\C=C/C\C=C/CC,779.2849999999995,778.0209999999997,1.2639999999997826,1.574831247329712,0.003147125244140625,17.0,2,0,0,0,10,"(0, 17.0, 0.003147125244140625, 2, 0, 10, 17.0, None, None, None, 0.0)",,lower_bound,0,1,17.0,,,,0.0
107766,CC(CCC(=O)NC(CCCNC(N)=O)C(O)=O)C1CCC2C3CCC4CC(O)CCC4(C)C3CC(O)C12C,CCCCCCCC(=O)OC[C@@H](O)COC(=O)CCC[C@H](O)[C@@H](O)\C=C/C=C\C=C\C=C\[C@H](O)C\C=C/CC,549.7530000000004,550.7330000000002,0.9799999999997908,2.1746809482574463,0.42449069023132324,22.0,2,0,0,0,10,"(0, 22.0, 0.42449069023132324, 2, 0, 10, 8.0, 0, None, 22.0, 0.0)",,lower_bound,0,1,8.0,0,,22.0,0.0
