pair_id,smiles1,smiles2,mass1,mass2,mass_diff,runtime_sec,runtime_inside_mces,distance,compute_mode,skipped,solverCalled,ilp_solver,actual_threshold,raw_mces_result,error_message,result_type,is_exact,is_lower_bound
1879,[H][C@](COC(=O)CCCCCCCCC)(COC(=O)CCCCCCCCCCCCCCCCCC)OC(=O)CCCCCCCCCC(C)C,[H][C@](COC(=O)CCCCCCCCC)(COC(=O)CCCCCCCCCCCCCCC(C)C)OC(=O)CCCCCCCCCCCCC,723.177,723.177,2.27E-13,54.99151897,52.88088083,4,1,0,1,1,10,"(0, 3.99999999999941, 52.88088083267212, 1, 1, 10)",,exact,1,0
3585,[H][C@@](COC(=O)CCCCCCCCCCCCCCC)(COC(=O)CCCCCCCCC(C)C)OC(=O)CCCCCCCCCCCCCCCCCC,[H][C@@](COC(=O)CCCCCCCCCCCCC(C)CC)(COC(=O)CCCCCCCCC(C)C)OC(=O)CCCCCCCCCCCCCCC(C)C,793.312,793.312,1.14E-13,56.02723765,54.92761135,4,1,0,1,1,10,"(0, 3.9999999999988765, 54.927611351013184, 1, 1, 10)",,exact,1,0
3623,CC[C@H](O)\C=C\C=C/C\C=C/C\C=C/C\C=C/CCCC(=O)OC[C@H](CO)OC(=O)CCCCCCCCCCC(C)C,CC1OC(CC(C1OS(C)(=O)=O)N1CC1)OC1CC(O)(CC2=C(O)C3=C(C(O)=C12)C(=O)C1=CC=CC=C1C3=O)C(C)=O,602.897,601.63,1.267,1.349531412,0.001996756,25,2,0,0,,,"(0, 25.0, 0.001996755599975586, 2)",,lower_bound,0,1
7864,CCCCC[C@H](O)\C=C\[C@H]1[C@H](O)CC(=O)[C@@H]1CCCCCCC(=O)OC[C@H](COP(O)(=O)OC[C@@H](O)CO)OC(=O)CCCCCCCCC(C)C,[H][C@@](COC(=O)CCCCCCCCCCCCCCCCCC)(COC(=O)CCCCCCCCCCCCC(C)C)OC(=O)CCCCCCCCC,764.931,765.258,0.327,1.138946056,0.00199461,20,2,0,0,,,"(0, 20.0, 0.001994609832763672, 2)",,lower_bound,0,1
8016,CCCCC\C=C/C\C=C/C\C=C/CCCCC(=O)O[C@H](COC(=O)CCC\C=C/C[C@H]1C=CC(=O)[C@@H]1\C=C\[C@@H](O)CCCCC)COP(O)(=O)OCCN,[H][C@@](COC(=O)CCCCCCCCCCCCCCCCC(C)C)(COC(=O)CCCCCCCCC(C)C)OC(=O)CCCCCCCCCCC(C)CC,792.004,793.312,1.308,1.14248991,0.00398922,17,2,0,0,,,"(0, 17.0, 0.003989219665527344, 2)",,lower_bound,0,1
18782,[H][C@](CO)(COC(=O)CCCC\C=C/C\C=C/C\C=C/C\C=C/CC)OC(=O)CCCCCC\C=C/C\C=C/C\C=C/CCCCC,[H][C@](CO)(COC(=O)CCC\C=C/C\C=C/C\C=C/CCCCCCCC)OC(=O)CCCC\C=C/C\C=C/C\C=C/C\C=C/CC,638.974,638.974,2.27E-13,21.84257436,20.69995213,4,1,0,1,1,10,"(0, 4.0000000000001625, 20.699952125549316, 1, 1, 10)",,exact,1,0
28208,CCCCC[C@H](O)\C=C\C=C/C\C=C/C=C/[C@H](O)CCCC(=O)OC[C@H](O)COC(=O)CCCCCCCCCCCCCCC(C)C,[H][C@](CO)(COC(=O)CCCCCCCCCCCCCCCCCCCCC)OC(=O)CCCCCCC\C=C/C\C=C/CCCCC,677.02,677.108,0.088,21.4781878,20.20217729,19,2,0,0,,,"(0, 19.0, 20.20217728614807, 2)",,lower_bound,0,1
31479,[H][C@](COC(=O)CCCCCCCCCCC)(COC(=O)CCCCCCCCCCCCCCCCCCC(C)C)OC(=O)CCCCCCCCC(C)C,[H][C@](COC(=O)CCCCCCCCCCCCCCC)(COC(=O)CCCCCCCCCCCCCCCCCCCCC)OC(=O)CCCCCCC,779.285,779.285,2.27E-13,78.31508183,77.00228024,6,1,0,1,1,10,"(0, 5.999999999999918, 77.00228023529053, 1, 1, 10)",,exact,1,0
31508,[H][C@](COC(=O)CCCCCCCCCCCC)(COC(=O)CCCCCCCCC(C)C)OC(=O)CCCCCCCCC,[H][C@](CO)(COC(=O)CCCCCCCCCCCCCCCC)OC(=O)CCCCCCCCCCCCCCCC(C)C,624.988,625.032,0.044,27.68234563,26.14278054,7,1,0,1,1,10,"(0, 7.0, 26.142780542373657, 1, 1, 10)",,exact,1,0
31991,COC1=CC(O)=C2C(=O)C(OC3OCC(O)C(O)C3O)=C(OC2=C1)C1=CC(OC2OC(C)C(O)C(O)C2O)=C(O)C=C1,CCCCCCCCCCCC(=O)OC[C@H](O)COC(=O)CCCC(O)C(O)C\C=C/C\C=C/C\C=C/CCCCC,594.522,594.874,0.352,1.186495066,0.004242182,25.5,2,0,0,,,"(0, 25.5, 0.0042421817779541016, 2)",,lower_bound,0,1
32135,[H][C@](N)(COP(O)(=O)OC[C@@]([H])(COC(=O)CCCCCCC\C=C/CCCC)OC(=O)CCCCCCC\C=C/C\C=C/CCCCC)C(O)=O,[H][C@@](COC(=O)CCCC\C=C/C\C=C/C\C=C/C\C=C/CC)(COP(O)(O)=O)OC(=O)CCC\C=C/C\C=C/C\C=C/C=C/CC(O)\C=C/CC,729.933,730.92,0.987,1.095990896,0.003132105,11,2,0,0,,,"(0, 11.0, 0.0031321048736572266, 2)",,lower_bound,0,1
33751,[H][C@](COC(=O)CCCCCCCCCCC)(COC(=O)CCCCCCCCCCCCCCCCC(C)C)OC(=O)CCCCCCCCCCC(C)CC,[H][C@@](COC(=O)CCCCCCCCCCCCCCCCCCCC)(COC(=O)CCCCCCCCCC(C)C)OC(=O)CCCCCCCCC(C)CC,793.312,793.312,0,90,,,,1,0,,,,Exceeded 90 seconds,unknown,0,0
38430,[H][C@@](COC(=O)CCCCCCC[C@@H](O)[C@H](O)C\C=C/CCCCC)(COP(O)(=O)OC[C@H](N)C(O)=O)OC(=O)CCCCCCCCCCCCC,[H][C@](COC(=O)CCCCCCCCCCCCCCCCC(C)C)(COC(=O)CCCCCCCCCCC(C)CC)OC(=O)CCCCCCCCC,765.963,765.258,0.705,1.613341331,0.002990484,17,2,0,0,,,"(0, 17.0, 0.0029904842376708984, 2)",,lower_bound,0,1
38725,[H][C@@](COC(=O)CCCCCCC)(COC(=O)CCCCCCCCCCCCC(C)C)OC(=O)CCCCCCCCCCCCCCCCCCCCC,[H][C@](COC(=O)CCCCCCCCCCCCCCCCC)(COC(=O)CCCCCCCCCCCCC(C)C)OC(=O)CCCCCCCCCCC,779.285,779.285,4.55E-13,74.66588283,72.40033579,2,1,0,1,1,10,"(0, 2.000000000000109, 72.4003357887268, 1, 1, 10)",,exact,1,0
40255,[H][C@](COC(=O)CCCCCCCCCCCCCCC(C)C)(COC(=O)CCCCCCCCCCC(C)CC)OC(=O)CCCCCCC,[H][C@@](O)(COC(=O)CCCCCCCCCCCCCCCCCCCCC)COC(=O)CCCCCCCCCCCCCCCCC(C)C,709.15,709.194,0.044,36.02518821,33.13254666,12.5,2,0,0,,,"(0, 12.5, 33.1325466632843, 2)",,lower_bound,0,1
42470,CCCCC[C@@H](O)\C=C\[C@H]1[C@H](O)C[C@H](O)[C@H]1C\C=C/CC(=O)OC[C@H](COP(O)(O)=O)OC(=O)CCCCCCCCCCCCCCCCC(C)CC,[H][C@@](COC(=O)CCCCCCCCCCCCCCCCCCC)(COP(O)(O)=O)OC(=O)CCCCCCCCCCCCCCCCCCC(C)C,789.041,789.173,0.132,41.48921371,39.91291046,14.5,2,0,0,,,"(0, 14.5, 39.91291046142578, 2)",,lower_bound,0,1
43219,[H][C@@](COP([O-])(=O)OCC[N+](C)(C)C)(NC(=O)CCC[C@@H](O)\C=C\C=C/C\C=C/C\C=C/CCCCC)[C@H](O)\C=C\CCCCCCCC\C=C/CCC,[H][C@@](COC(=O)CCCCCCC)(COC(=O)CCCCCCCCCCCCC(C)C)OC(=O)CCCCCCCCCCCCCCCCC(C)CC,765.07,765.258,0.188,1.834967852,0.002002478,18,2,0,0,,,"(0, 18.0, 0.0020024776458740234, 2)",,lower_bound,0,1
44757,[H][C@](COC(=O)CCCCCCCCCCCCCC)(COC(=O)CCCCCCCCCCCC(C)C)OC(=O)CCCCCCCCCCCC(C)C,[H][C@](COC(=O)CCCCCCCCCCCCCCC(C)C)(COC(=O)CCCCCCCCCCC(C)C)OC(=O)CCCCCCCCCC(C)C,765.258,765.258,1.14E-13,90,,,,1,0,,,,Exceeded 90 seconds,unknown,0,0
45488,CC1(C)CCC2(CCC3(C)C(C2C1)C(=O)C=C1C2(C)C=C(C#N)C(=O)C(C)(C)C2CCC31C)C(=O)N1C=CN=C1,[H][C@](CO)(COC(=O)CCCCCCCCCCCCC(C)CC)OC(=O)CCCCCCCCCC(C)C,541.736,540.87,0.866,2.172128916,0.004012823,20.5,2,0,0,,,"(0, 20.5, 0.0040128231048583984, 2)",,lower_bound,0,1
46707,CCC(C1CCC(C)C(O1)C(C)C(O)C(C)C(=O)C(CC)C1OC2(OC3(CCC(C)(O3)C3CCC(O)(CC)C(C)O3)C(O)C=C2)C(C)CC1C)C(O)=O,[H][C@](COC(=O)CCCCCCCCCCCCC(C)C)(COC(=O)CCCCCCCCCCCC(C)C)OC(=O)CCCCCCCCCC(C)C,751.011,751.231,0.22,1.26705265,0.003989458,19,2,0,0,,,"(0, 19.0, 0.003989458084106445, 2)",,lower_bound,0,1
47035,[H][C@](COC(=O)CCCCCCCCCCCCCCCC(C)C)(COC(=O)CCCCCCCCCCC(C)C)OC(=O)CCCCCCCCCCC,[H][C@](COC(=O)CCCCCCCCCCCCC(C)C)(COC(=O)CCCCCCCCC(C)C)OC(=O)CCCCCCCCCCCCCCCC,765.258,765.258,2.27E-13,90,,,,1,0,,,,Exceeded 90 seconds,unknown,0,0
49642,[H][C@@](COC(=O)CCCCCCCCCCC)(COC(=O)CCCCCCCCCCCCCCCCC)OC(=O)CCCCCCCCCCC(C)C,[H][C@@](COC(=O)CCCCCC\C=C/C\C=C/C\C=C/CCCCC)(COP(O)(O)=O)OC(=O)CCCCCCCCC\C=C/C\C=C/CCCCC,751.231,751.039,0.192,2.136134863,0.009973526,11,2,0,0,,,"(0, 11.0, 0.009973526000976562, 2)",,lower_bound,0,1
50640,COC1=CC(F)=C(C=C1C1=C(CN2C(C)C(OC2=O)C2=CC(=CC(=C2)C(F)(F)F)C(F)(F)F)C=C(C=C1)C(F)(F)F)C(C)C,CCCCCCCCCCCCCC(=O)OC[C@@H](O)COC(=O)CCC\C=C\C[C@H]1[C@@H](O)C[C@@H](O)[C@@H]1\C=C\[C@@H](O)CCCCC,637.514,638.927,1.413,1.911120892,0.005979538,30,2,0,0,,,"(0, 30.0, 0.0059795379638671875, 2)",,lower_bound,0,1
57869,[H][C@@](COC(=O)CCCC\C=C/C\C=C/C\C=C/C\C=C/CC)(COP(O)(O)=O)OC(=O)CCC\C=C/C\C=C/C\C=C/C\C=C/CC[C@H](O)CC,[H][C@](CO)(COC(=O)CCCCCCCCCCCCC\C=C/CCCCCCCC)OC(=O)CCCCCCCCC\C=C/CCCCCCCC,732.936,733.216,0.28,1.268047094,0.003026724,18,2,0,0,,,"(0, 18.0, 0.003026723861694336, 2)",,lower_bound,0,1
61065,[H][C@@](COC(=O)CCCCCCCCCCCCCCC)(COC(=O)CCCCCCCCCCCC(C)C)OC(=O)CCCCCCCCCCCCCCC,[H][C@@](COC(=O)CCCCCCCCCCCC)(COC(=O)CCCCCCCCCC(C)C)OC(=O)CCCCCCCCCCCCCCCCCCCC,793.312,793.312,4.55E-13,90,,,,1,0,,,,Exceeded 90 seconds,unknown,0,0
71474,[H][C@@](COC(=O)CCCCCCCCCCCCCCC)(COC(=O)CCCCCCCCCCC(C)C)OC(=O)CCCCCCCCCC(C)C,[H][C@](COC(=O)CCCCCCCCCCCCCCCC)(COC(=O)CCCCCCCCCCCCCCC(C)C)OC(=O)CCCCCCC,737.204,737.204,1.14E-13,45.57149911,40.65440297,4,1,0,1,1,10,"(0, 4.000000000000372, 40.6544029712677, 1, 1, 10)",,exact,1,0
72734,[H][C@](COC(=O)CCCCCCCCCCCCC(C)C)(COC(=O)CCCCCCCCCCC(C)CC)OC(=O)CCCCCCCCCCCCC,[H][C@](COC(=O)CCCCCCC)(COC(=O)CCCCCCCCCCCCCCCCCCC)OC(=O)CCCCCCCCCCCCCCCC,765.258,765.258,0,71.43961573,70.25389481,6,1,0,1,1,10,"(0, 5.999999999999993, 70.2538948059082, 1, 1, 10)",,exact,1,0
78249,CCCCC[C@H](O)\C=C\[C@@H]1[C@@H](CCCCCCC(=O)OC[C@@H](O)COC(=O)CCCCCCCCCCC(C)CC)[C@@H](O)CC1=O,[H][C@](COC(=O)CCCCCCCCC)(COC(=O)CCCCCCCCCCC(C)C)OC(=O)CCCCCCCCCCCC,652.954,653.042,0.088,22.46529031,20.80996227,16,2,0,0,,,"(0, 16.0, 20.809962272644043, 2)",,lower_bound,0,1
79595,[H][C@@](CO)(NC(=O)CCC[C@@H](O)[C@H](O)\C=C/C=C\C=C\C=C\[C@@H](O)C\C=C/CC)[C@H](O)[C@@H](O)CCCCCCCCCCCCCC,CC\C=C\CC(O)\C=C\C=C\CCCCCCCC(=O)O[C@@H](CO)COC(=O)CCCCCCCCCCCCCCCC(C)C,649.954,649.01,0.944,1.86704421,0.466887712,11,2,0,0,,,"(0, 11.0, 0.4668877124786377, 2)",,lower_bound,0,1
84061,[H][C@](O)(CO)COP(O)(=O)OC[C@@]([H])(COC(=O)CCCCCCC\C=C/C=C\CCCCCC)OC(=O)CCCCCCCC1OC1C\C=C/CCCCC,[H][C@](N)(COP(O)(=O)OC[C@@]([H])(COC(=O)CCCCCCCCCCCCCCC)OC(=O)CCCCCC\C=C/C\C=C/C\C=C/CCCCC)C(O)=O,787.025,786.041,0.984,37.72069979,34.7330091,23,2,0,0,,,"(0, 23.0, 34.73300909996033, 2)",,lower_bound,0,1
85717,[H][C@](COC(=O)CCCCCCCCCCCCCCC(C)C)(COC(=O)CCCCCCCCCCCC(C)C)OC(=O)CCCCCCC,[H][C@@](COC(=O)CCCCCCC)(COC(=O)CCCCCCCCCCCCCCCC)OC(=O)CCCCCCCCCCCCCCC,709.15,709.15,2.27E-13,84.61564469,80.44837666,6,1,0,1,1,10,"(0, 6.0, 80.44837665557861, 1, 1, 10)",,exact,1,0
86976,CCCCCCCCCCCCCC(=O)O[C@@H](CO)COC(=O)C\C=C/C[C@@H]1[C@@H](O)C[C@@H](O)[C@@H]1\C=C\[C@H](O)CCCCC,[H][C@@]1(C)O[C@@]([H])(OC[C@@]2([H])O[C@@]([H])(OC3=CC4=C(C=C(O)C=C4O)[O+]=C3C3=CC(OC)=C(O)C=C3)[C@]([H])(O)[C@@]([H])(O)[C@]2([H])O)[C@]([H])(O)[C@]([H])(O)[C@@]1([H])O,610.873,609.557,1.316,1.400532961,0.139300823,22.5,2,0,0,,,"(0, 22.5, 0.13930082321166992, 2)",,lower_bound,0,1
87058,[H][C@@](COC(=O)CCCCCCCCCCCCCCCCC)(COC(=O)CCCCCCCCCCCCCCCCC(C)CC)OC(=O)CCCCCCC,[H][C@](COC(=O)CCCCCCCCCCCCC)(COC(=O)CCCCCCCCCC(C)C)OC(=O)CCCCCCCCCCCCCCCCCCC,793.312,793.312,4.55E-13,86.04307127,84.87409878,6,1,0,1,1,10,"(0, 6.0, 84.874098777771, 1, 1, 10)",,exact,1,0
88912,[H][C@@](COC(=O)CCCCCCCCCCC)(COC(=O)CCCCCCCCCCC(C)C)OC(=O)CCCCCCCCCCCCC,[H][C@@](CO\C=C\CCCCCCCCCCCCCC)(COP(O)(O)=O)OC(=O)CCCC(O)\C=C\C=C/C\C=C/C\C=C/C\C=C/CC,695.123,694.931,0.192,1.704492569,0.002991915,13,2,0,0,,,"(0, 13.0, 0.002991914749145508, 2)",,lower_bound,0,1
91714,[H][C@@](COC(=O)CCCCCCC\C=C/CCCCCC)(COP([O-])(=O)OCC[N+](C)(C)C)OC(=O)CCC\C=C/C\C=C/C\C=C/C\C=C/C=C/[C@H](O)CC,[H][C@@](COC(=O)CCCCCCCCCCCCCCCCC(C)C)(COC(=O)CCCCCCCCCCC(C)C)OC(=O)CCCCCCCCC(C)CC,794.064,793.312,0.752,1.047284603,0.002029657,17,2,0,0,,,"(0, 17.0, 0.0020296573638916016, 2)",,lower_bound,0,1
93324,CCCCCCCCCCCCCCCCCC(=O)OC[C@H](CO)OC(=O)C\C=C/C[C@@H]1[C@@H](O)C[C@@H](O)[C@@H]1\C=C\[C@H](O)CCCCC,[H][C@](COC(=O)CCCCCCCCC)(COC(=O)CCCCCCCCCCC(C)CC)OC(=O)CCCCCCCCCCCC,666.981,667.069,0.088,18.82063437,17.7536931,14,2,0,0,,,"(0, 14.0, 17.753693103790283, 2)",,lower_bound,0,1
93715,[H][C@@](COC(=O)CCCCCCC)(COC(=O)CCCCCCCCCCC)OC(=O)CCCCCCCCCCCC,[H][C@](CO)(COC(=O)CCCCCCCCC(C)CC)OC(=O)CCCCCCCCCCCCCCCCCCCC,596.934,596.978,0.044,13.18545294,11.20637465,5,1,0,1,1,10,"(0, 4.999999999999771, 11.206374645233154, 1, 1, 10)",,exact,1,0
95805,[H][C@@](COC(=O)CCCCCCCCCCCCCCC)(COP(O)(O)=O)OC(=O)CCCCCCCCCCC\C=C/CCCCCCCC,[H][C@](O)(CO)COP(O)(=O)OC[C@@]([H])(COC(=O)CCC\C=C/C\C=C/C\C=C/C\C=C/[C@@H](O)CCCC)OC(=O)CCCCCCCCC(C)C,731.049,730.917,0.132,2.5535357,0.36302042,12,2,0,0,,,"(0, 12.0, 0.3630204200744629, 2)",,lower_bound,0,1
97962,[H][C@](COC(=O)CCCCCCCCCCC)(COC(=O)CCCCCCCCCCC(C)C)OC(=O)CCCCCCCCCCCCCCC,[H][C@@](COC(=O)CCCCCCC)(COC(=O)CCCCCCCCCCCCC(C)CC)OC(=O)CCCCCCCCCCCCCCCC,723.177,723.177,0,41.73736191,40.3476491,4,1,0,1,1,10,"(0, 4.000000000000222, 40.34764909744263, 1, 1, 10)",,exact,1,0
98151,OC1C(COC(=O)C=CC2=CC=C(O)C=C2)OC(OC2=C(OC3=CC(O)=CC(O)=C3C2=O)C2=CC=C(O)C=C2)C(O)C1O,OCC1OC(OC2C(O)C(O)C(CO)OC2C2=C(O)C=C3OC(=CC(=O)C3=C2O)C2=CC=C(O)C=C2)C(O)C(O)C1O,594.525,594.522,0.003,3.351990461,0.657071829,11,2,0,0,,,"(0, 11.0, 0.6570718288421631, 2)",,lower_bound,0,1
98889,CC1=CC(O)=C2C(O)=C3C(=O)C4C(O)C5C6C(O)C(C(=O)C7=C(O)C8=C(O)C=C(C)C(O)=C8C(=O)C467)C35C(=O)C2=C1O,CC(C)C1=C(C(O)=NC2=CC=CC=C2O)C(=C(N1CCC(O)CC(O)CC(O)=O)C1=CC=C(F)C=C1)C1=CC=CC=C1,574.494,574.649,0.155,1.209341288,0.002991676,16.5,2,0,0,,,"(0, 16.5, 0.0029916763305664062, 2)",,lower_bound,0,1
99980,[H][C@](COC(=O)CCCCCCCCCCCCCCCC)(COC(=O)CCCCCCCCC(C)C)OC(=O)CCCCCCCCCCCCC(C)CC,CC1(C)C(CCC2(C=O)C1CCC1(C)C2CCC2C3=CC(C)(CCC3(C)CCC12C)C(O)=O)OC1OC(C(O)C(O)C1OC1OCC(O)C(O)C1O)C(O)=O,779.285,778.933,0.352,2.393770933,0.007085323,25,2,0,0,,,"(0, 25.0, 0.007085323333740234, 2)",,lower_bound,0,1
101536,[H][C@@](COC(=O)CCCCCCCCCCC)(COC(=O)CCCCCCCCCCCCCCC)OC(=O)CCCCCCCCCCCCCC,CCCCC[C@H](O)\C=C\[C@H]1[C@H](O)C[C@H](O)[C@@H]1C\C=C\CCCC(=O)OC[C@@H](O)COC(=O)CCCCCCCCCCCCCCCCCC(C)C,737.204,737.116,0.088,39.05017805,37.79242373,16,2,0,0,,,"(0, 16.0, 37.792423725128174, 2)",,lower_bound,0,1
102018,[H][C@@](COC(=O)CCCCCCCCCCCCCCCCCCC(C)C)(COC(=O)CCCCCCCCCCC(C)C)OC(=O)CCCCCCCCC,[H][C@](COC(=O)CCCCCCCCCCCC)(COC(=O)CCCCCCCCCCCCCCCCC(C)CC)OC(=O)CCCCCCCCCCC,779.285,779.285,1.14E-13,90,,,,1,0,,,,Exceeded 90 seconds,unknown,0,0
103781,[H]C(COC(=O)CCCCCCCCC\C=C/C\C=C/CCCCC)(COP(O)(=O)OCCNC)OC(=O)CCCCCCC\C=C/CCCC,[H][C@@](COC(=O)CCCCCCCCCCCCCCCCCC)(COP(O)(O)=O)OC(=O)CCCCCCCC(O)\C=C\C=C\C\C=C\CC,728.005,728.989,0.984,36.72481537,35.24956036,19,2,0,0,,,"(0, 19.0, 35.24956035614014, 2)",,lower_bound,0,1
104071,[H][C@](COC(=O)CCCCCCCCCCCCCCC)(COC(=O)CCCCCCCCCCC(C)C)OC(=O)CCCCCCCCCCCCCCC,[H][C@@](COC(=O)CCC\C=C/C\C=C/C=C/[C@H](O)C\C=C/CCCCC)(COP(O)(=O)OCCN)OC(=O)CCCCCCC\C=C/C\C=C/C\C=C/CC,779.285,778.021,1.264,1.578749418,0.003991604,17,2,0,0,,,"(0, 17.0, 0.003991603851318359, 2)",,lower_bound,0,1
107766,CC(CCC(=O)NC(CCCNC(N)=O)C(O)=O)C1CCC2C3CCC4CC(O)CCC4(C)C3CC(O)C12C,CCCCCCCC(=O)OC[C@@H](O)COC(=O)CCC[C@H](O)[C@@H](O)\C=C/C=C\C=C\C=C\[C@H](O)C\C=C/CC,549.753,550.733,0.98,2.118551493,0.629053116,22,2,0,0,,,"(0, 22.0, 0.6290531158447266, 2)",,lower_bound,0,1
