pair_id,smiles1,smiles2,mass1,mass2,mass_diff,runtime_sec,runtime_inside_mces,distance,compute_mode,skipped,solverCalled,ilp_solver,raw_mces_result,error_message,result_type,is_exact,is_lower_bound
964,[H][C@@](COC(=O)CCCCCCCCCCCCCCCCCCCCCCC)(COP(O)(O)=O)OC(=O)CCCCCCC[C@H](O)[C@@H](O)C\C=C/CCCCC,CCCCC[C@H](O)\C=C\[C@@H]1[C@@H](C\C=C/CCCC(=O)OC[C@H](COP(O)(O)=O)OC(=O)CCCCC\C=C/C\C=C/C\C=C/C\C=C/C\C=C/CC)[C@@H](O)CC1=O,819.1549999999996,819.0259999999998,0.12899999999979173,2.8539304733276367,1.2455508708953857,5,2,0,1,1,"(0, 5, 1.2455508708953857, 2, 1)",,lower_bound,0,1
1073,[H][C@](COC(=O)CCCCCCCCCCCCC)(COC(=O)CCCCCCCCCCCCCCCCCCC)OC(=O)CCCCCCCCCCCCCCCC,[H][C@](COC(=O)CCCCCCCCCCCCCCCCCCCC)(COC(=O)CCCCCCCCCCCCCCC(C)C)OC(=O)CCCCCCCCCCC,849.4199999999993,849.4199999999994,1.1368683772161603e-13,60,,,,1,0,,,Exceeded 60 seconds,unknown,0,0
1586,[H][C@@](COC(=O)CCCCCCCCCCCCCCCCCCC(C)C)(COC(=O)CCCCCCCCCCCCCCCC(C)C)OC(=O)CCCCCCCCC,[H][C@@](COC(=O)CC\C=C/CC(O)\C=C/C=C\C\C=C/C\C=C/C\C=C/CC)(COP(O)(=O)OC[C@H](N)C(O)=O)OC(=O)CCCCCCC\C=C/C\C=C/CCCCC,849.4199999999993,848.0679999999995,1.351999999999748,1.424196481704712,0.0029916763305664062,21.0,2,0,0,,"(0, 21.0, 0.0029916763305664062, 2)",,lower_bound,0,1
3772,[H][C@@](COC(=O)CCCCCCCCCCCCCCCCCCCCC(C)C)(COC(=O)CCCCCCCCCCC(C)CC)OC(=O)CCCCCCCCCCCCCCC,CCCCC[C@H](O)\C=C\[C@H]1[C@H](O)CC(=O)[C@@H]1CCCCCCC(=O)O[C@H](COC(=O)CCCCCCCCCCCCCCCCCCC(C)C)COP(O)(=O)OC[C@@H](O)CO,905.527999999999,905.2009999999998,0.3269999999992024,1.3986878395080566,0.011954307556152344,19.0,2,0,0,,"(0, 19.0, 0.011954307556152344, 2)",,lower_bound,0,1
3995,[H][C@@](CO\C=C\CCCCCCCCCCCCCCCC)(COP([O-])(=O)OCC[N+](C)(C)C)OC(=O)CCC\C=C/C\C=C/C\C=C/C\C=C/C=C/[C@H](O)CC,[H][C@](COC(=O)CCCCCCCCCCCCCC)(COC(=O)CCCCCCCCCCCCC(C)CC)OC(=O)CCCCCCCCCCCCCCC,808.1349999999999,807.3389999999995,0.7960000000003902,1.41802978515625,0.00415802001953125,17.0,2,0,0,,"(0, 17.0, 0.00415802001953125, 2)",,lower_bound,0,1
4683,CCCCC\C=C/C\C=C/C\C=C/CCCCC(=O)O[C@H](COC(=O)CCC\C=C/C[C@H]1C=CC(=O)[C@@H]1\C=C\[C@@H](O)CCCCC)COP([O-])(=O)OCC[N+](C)(C)C,[H][C@@](COC(=O)CCCCCCCCCCCCCCCCCCC)(COC(=O)CCCCCCCCC(C)CC)OC(=O)CCCCCCCCCCCCCCCC,834.0849999999999,835.3929999999995,1.307999999999538,1.5161774158477783,0.0032024383544921875,22.0,2,0,0,,"(0, 22.0, 0.0032024383544921875, 2)",,lower_bound,0,1
7023,[H][C@@](COC(=O)CCCCCCCCCCCCCCCCCCCCC)(COC(=O)CCCCCCCCC(C)CC)OC(=O)CCCCCCCCCCCCCCCCC,[H][C@@](COC(=O)CCCCCCCCCCCCCCC)(COC(=O)CCCCCCCCCCCC(C)C)OC(=O)CCCCCCCCCCCCCCCCCCCCC,877.4739999999993,877.4739999999991,1.1368683772161603e-13,60,,,,1,0,,,Exceeded 60 seconds,unknown,0,0
7405,[H][C@](COC(=O)CCCCCCCCCCCCCCCCCCCCC(C)CC)(COC(=O)CCCCCCCCCC(C)C)OC(=O)CCCCCCCCCCCCC(C)C,[H][C@@](COC(=O)CCCCCCC)(COC(=O)CCCCCCCCCCCCCCCCCCCCC(C)CC)OC(=O)CCCCCCCCCCCCCCCCCCCC,891.5009999999992,891.5009999999993,1.1368683772161603e-13,60,,,,1,0,,,Exceeded 60 seconds,unknown,0,0
7894,[H][C@@](COC(=O)CCCCCCCCCCCCCCCC)(COC(=O)CCCCCCCCCCCCCCCCCCC(C)C)OC(=O)CCCCCCCCC,[H][C@@](COC(=O)CCCCCCCCCCCCCCCC)(COC(=O)CCCCCCCCCCCCCC(C)C)OC(=O)CCCCCCCCCCC(C)CC,821.3659999999995,821.3659999999996,1.1368683772161603e-13,14.361608982086182,12.924499988555908,4.0,1,0,1,1,"(0, 4.0, 12.924499988555908, 1, 1)",,exact,1,0
8280,CCCCC[C@H](O)\C=C\[C@@H]1[C@@H](O)[C@@H](O)[C@H]2OP(O)(=O)OC[C@@H](COC(=O)CCC\C=C/C[C@@H]([C@@H](O)CC1=O)[C@@H](O)[C@H](O)[C@H]2O)OC(=O)CC\C=C/C\C=C/C\C=C/C\C=C/C\C=C/C\C=C/CC,[H][C@@](COC(=O)CCC\C=C/C\C=C/C\C=C/C\C=C/C=C/[C@@H](O)CC)(COP(O)(=O)O[C@H]1C(O)C(O)C(O)[C@@H](OP(O)(O)=O)C1O)OC(=O)CCCCCCCCCCCCC\C=C/CC,979.1510000000001,979.0879999999996,0.06300000000044292,1.3856892585754395,0.003023862838745117,12.0,2,0,0,,"(0, 12.0, 0.003023862838745117, 2)",,lower_bound,0,1
8547,[H][C@](COC(=O)CCCCCCCCCCCCCCCCCCC)(COC(=O)CCCCCCCCCCCCCCCCCCCCC)OC(=O)CCCCCCCCCCCCC(C)CC,[H][C@](COC(=O)CCCCCCCCCCCCCCCC)(COC(=O)CCCCCCCCCCCCCCCCCC(C)C)OC(=O)CCCCCCCCCCCCCCCCCC(C)C,961.6359999999988,961.635999999999,1.1368683772161603e-13,60,,,,1,0,,,Exceeded 60 seconds,unknown,0,0
9300,CCCCCCCC\C=C/C\C=C/C\C=C/CCCC(=O)O[C@]([H])(COC(=O)CCCCCCCCC\C=C/C\C=C/CCCCC)COP([O-])(=O)OCC[N+](C)(C)C,[H][C@](O)(CO)COP(O)(=O)OC[C@@]([H])(COC(=O)CCC(O)\C=C/C=C\C\C=C/C\C=C/C\C=C/C\C=C/CC)OC(=O)CCCCCCC\C=C/C=C\CCCCCC,836.1890000000001,835.0689999999994,1.1200000000006867,1.8847908973693848,0.4276590347290039,11.0,2,0,0,,"(0, 11.0, 0.4276590347290039, 2)",,lower_bound,0,1
9385,CCCCC[C@H](O)\C=C\[C@@H]1[C@@H](CCCCCCC(=O)O[C@H](COC(=O)CC\C=C/C\C=C/C\C=C/C\C=C/C\C=C/C\C=C/CC)COP(O)(=O)OCCN)[C@@H](O)CC1=O,[H][C@](COC(=O)CCCCCCCCCCCC)(COC(=O)CCCCCCCCCCCCCCCC)OC(=O)CCCCCCCCCCCCCCCCCCC(C)C,862.095,863.4469999999993,1.3519999999992933,1.4897806644439697,0.003022909164428711,22.0,2,0,0,,"(0, 22.0, 0.003022909164428711, 2)",,lower_bound,0,1
9598,[H]C(COC(=O)CCCCCC\C=C/C\C=C/C\C=C/CCCCC)(COP(O)(=O)OCCN(C)C)OC(=O)CCCCCCCCC\C=C/C\C=C/CCCCC,[H][C@@](COC(=O)CCCCCCCCCCCCCCCC)(COC(=O)CCCCCCCCCCCCCC(C)C)OC(=O)CCCCCCCCCCCCCC,822.1619999999995,821.3659999999995,0.7959999999999354,1.472672700881958,0.0040225982666015625,15.0,2,0,0,,"(0, 15.0, 0.0040225982666015625, 2)",,lower_bound,0,1
10026,[H][C@](O)(CO)COP(O)(=O)OC[C@@]([H])(COC(=O)CCCCCCC\C=C/C=C\CCCCCC)OC(=O)CC\C=C/C\C=C/C\C=C/C\C=C/CC1OC1C\C=C/CC,[H][C@@](COC(=O)CCCCCCCCCCCCC(C)CC)(COC(=O)CCCCCCCCC(C)C)OC(=O)CCCCCCCCCCCCCCCCC(C)CC,835.0690000000001,835.3929999999992,0.3239999999991596,1.5680115222930908,0.0030252933502197266,18.0,2,0,0,,"(0, 18.0, 0.0030252933502197266, 2)",,lower_bound,0,1
11417,[H][C@@](COC(=O)CCCCCCCCCCCCC)(COC(=O)CCCCCCCCCCC(C)CC)OC(=O)CCCCCCCCCCCCCCCCCC,[H][C@@](COC(=O)CCCCCCCCCCCC)(COC(=O)CCCCCCCCCCCCCCCCCCCCC)OC(=O)CCCCCCCCCCCC,807.3389999999993,807.3389999999995,2.2737367544323206e-13,11.36080551147461,9.962810516357422,3.999999999999807,1,0,1,1,"(0, 3.999999999999807, 9.962810516357422, 1, 1)",,exact,1,0
12058,[H][C@](COC(=O)CCCCCCCCCCC(C)CC)(COC(=O)CCCCCCCCC(C)CC)OC(=O)CCCCCCCCCCCCCCCCC(C)CC,[H][C@@](COC(=O)CCCCCCC\C=C/CCCCCCCC)(COP(O)(=O)OCCN)OC(=O)CCC\C=C/[C@@H](O)\C=C\C=C/C\C=C/C=C/[C@@H](O)C\C=C/CC,821.3659999999993,822.0740000000002,0.7080000000008795,1.5218050479888916,0.0029973983764648438,17.0,2,0,0,,"(0, 17.0, 0.0029973983764648438, 2)",,lower_bound,0,1
12518,[H][C@@](COC(=O)CCCCCCCCCCCCCCCCCCC(C)C)(COC(=O)CCCCCCCCCCCCCCC(C)C)OC(=O)CCCCCCCCCCCCCC,[H][C@@](COC(=O)CCCCCCCCCCC)(COC(=O)CCCCCCCCCCCCCCCCCCCCC(C)CC)OC(=O)CCCCCCCCCCCCCCC(C)C,905.527999999999,905.5279999999992,2.2737367544323206e-13,60,,,,1,0,,,Exceeded 60 seconds,unknown,0,0
12707,[H][C@@](COC(=O)CCCCCCCC1OC1C\C=C/CCCCC)(COP([O-])(=O)OCC[N+](C)(C)C)OC(=O)CCC\C=C/C\C=C/C\C=C/CCCCCCCC,[H][C@](O)(CO)COP(O)(=O)OC[C@@]([H])(COC(=O)CCCCCCCCCCCCCC(C)C)OC(=O)CCC(O)\C=C/C=C\C\C=C/C\C=C/C\C=C/C\C=C/CC,824.1339999999996,825.0740000000003,0.9400000000007367,2.9343414306640625,1.395035743713379,5,2,0,1,1,"(0, 5, 1.395035743713379, 2, 1)",,lower_bound,0,1
13685,[H][C@@](COC(=O)CCCCCCC)(COC(=O)CCCCCCCCCCCCCCCCCCCCC(C)C)OC(=O)CCCCCCCCCCCCCC(C)C,[H][C@](COC(=O)CCCCCCCCCCCCCC(C)C)(COC(=O)CCCCCCCCCCCC(C)C)OC(=O)CCCCCCCCCCCCC(C)CC,821.3659999999998,821.3659999999995,2.2737367544323206e-13,15.465336799621582,14.0325186252594,5,2,0,1,1,"(0, 5, 14.0325186252594, 2, 1)",,lower_bound,0,1
14726,[H][C@](COC(=O)CCCCCCCCCCCCCC)(COC(=O)CCCCCCCCCCCCCCCCCCC(C)C)OC(=O)CCCCCCCCCCC(C)C,[H][C@@](COC(=O)CCCCCC\C=C/C\C=C/C\C=C/C\C=C/CC)(COP(O)(=O)OC[C@H](N)C(O)=O)OC(=O)CCC\C=C/C\C=C/C\C=C/C\C=C/CCC[C@H](C)O,849.4199999999995,848.0679999999999,1.3519999999996344,1.4109046459197998,0.0030252933502197266,21.0,2,0,0,,"(0, 21.0, 0.0030252933502197266, 2)",,lower_bound,0,1
14860,[H][C@](COC(=O)CCCCCCCCC)(COC(=O)CCCCCCCCC(C)CC)OC(=O)CCCCCCCCCCCCCCCCCCCCC(C)CC,[H][C@](COC(=O)CCCCCCCCCCCCCCC)(COC(=O)CCCCCCCCCCCCCCCCCCCCC)OC(=O)CCCCCCCCC,807.3389999999993,807.3389999999995,2.2737367544323206e-13,12.43065881729126,10.927465200424194,5,2,0,1,1,"(0, 5, 10.927465200424194, 2, 1)",,lower_bound,0,1
16244,[H][C@](COC(=O)CCCCCCCCCCC\C=C/C\C=C/CCCCC)(COC(=O)CCCCCCC\C=C/C\C=C/C\C=C/CC)OC(=O)CCCCCCC\C=C/C\C=C/CCCCC,[H][C@](COC(=O)CCCCCCCCCCCCCCCCCCCC)(COC(=O)CCCCCCCCCCCCC(C)C)OC(=O)CCCCCCCCCCCCCCCCC(C)C,933.4969999999995,933.5819999999991,0.08499999999958163,3.0019304752349854,1.48968505859375,6,2,0,1,1,"(0, 6, 1.48968505859375, 2, 1)",,lower_bound,0,1
16264,[H][C@](COC(=O)CCCCCCCCC\C=C/CCCCCCCC)(COC(=O)CCCCCC\C=C/C\C=C/C\C=C/C\C=C/CC)OC(=O)CCCCCCC\C=C/C\C=C/CCCCC,[H][C@@](COC(=O)CCCCCCCCCCCCCCCCCC)(COC(=O)CCCCCCCCCCCCCCCCC(C)CC)OC(=O)CCCCCCCCCCCCCCCC,933.4969999999995,933.581999999999,0.08499999999946795,3.244650363922119,1.6414704322814941,6,2,0,1,1,"(0, 6, 1.6414704322814941, 2, 1)",,lower_bound,0,1
18616,[H]C(COC(=O)CCC\C=C/C\C=C/C\C=C/C\C=C/C\C=C/CC)(COP(O)(=O)OCCN(C)C)OC(=O)CCCCCCCCCCCCCCCCCCCCC,[H][C@](COC(=O)CCCCCCCCCCCCCCCCCC(C)C)(COC(=O)CCCCCCCCCCCCCC(C)C)OC(=O)CCCCCCCCCCCC,850.2159999999989,849.4199999999993,0.7959999999995944,1.6844708919525146,0.0030264854431152344,14.0,2,0,0,,"(0, 14.0, 0.0030264854431152344, 2)",,lower_bound,0,1
18696,[H][C@](COC(=O)CCCCCCCCCCCCC(C)C)(COC(=O)CCCCCCCCCCCCC(C)CC)OC(=O)CCCCCCCCCCCCCCCCC(C)C,[H][C@](COC(=O)CCCCCCCCCCCCCCC)(COC(=O)CCCCCCCCCCCCCC(C)C)OC(=O)CCCCCCCCCCCCCCCCC(C)C,877.4739999999994,877.4739999999994,0.0,60,,,,1,0,,,Exceeded 60 seconds,unknown,0,0
19287,[H][C@@](COC(=O)CCCCCCCCCCCCCCCCCCCCC)(COC(=O)CCCCCCCCCCCCCC(C)C)OC(=O)CCCCCCCCCCCCCCCCC,[H][C@](COC(=O)CCCCCCCCCCCCCCCCC(C)CC)(COC(=O)CCCCCCCCC(C)C)OC(=O)CCCCCCCCCCCCCCCCCCCCC(C)C,933.581999999999,933.581999999999,0.0,24.11350989341736,22.68989849090576,6.000000000000394,1,0,1,1,"(0, 6.000000000000394, 22.68989849090576, 1, 1)",,exact,1,0
20164,[H][C@@](COC(=O)CCCCCCCCCCC\C=C/C\C=C/CCCCC)(COP(O)(=O)OCCN)OC(=O)CCC\C=C/C\C=C/C\C=C/C\C=C/CC[C@H](O)CC,[H][C@@](COCCCCCCCCCCCCCCCCCC)(COC(=O)CCC\C=C/C\C=C/C\C=C/C\C=C/C\C=C/CC)OC(=O)CCCCCCC\C=C/CCCC,836.1449999999998,837.3679999999995,1.222999999999729,1.7258665561676025,0.008010387420654297,14.0,2,0,0,,"(0, 14.0, 0.008010387420654297, 2)",,lower_bound,0,1
20414,[H][C@](COC(=O)CCCCCCCCCCCCCC)(COC(=O)CCCCCCCCCCCCCCC)OC(=O)CCCCCCCCCCCCCCCCCCCCC(C)C,[H][C@@](COC(=O)CCCCCCCCCCCCCCCCC)(COC(=O)CCCCCCCCCCCCCCC(C)C)OC(=O)CCCCCCCCCCCCCCCC(C)C,905.5279999999991,905.5279999999992,1.1368683772161603e-13,60,,,,1,0,,,Exceeded 60 seconds,unknown,0,0
21918,[H][C@](COC(=O)CCCCCCCCCCCCC)(COC(=O)CCCCC\C=C/C\C=C/C\C=C/C\C=C/CCCCC)OC(=O)CCCCCCCCCCCCCCCCC,[H][C@](COC(=O)CCCCCCCCCCCCCCCCCCC)(COC(=O)CCC\C=C/C\C=C/C\C=C/CCCCCCCC)OC(=O)CCCCCCC\C=C/CCCC,883.436999999999,883.4369999999992,2.2737367544323206e-13,18.18017601966858,16.743077516555786,6,2,0,1,1,"(0, 6, 16.743077516555786, 2, 1)",,lower_bound,0,1
22549,CCCCCCCC\C=C/C\C=C/C\C=C/CCCC(=O)O[C@H](COC(=O)CCC\C=C/C[C@@H]1[C@@H](\C=C\[C@@H](O)CCCCC)[C@H](O)CC1=O)COP(O)(=O)OC[C@@H](O)CO,[H][C@](COC(=O)CCCCCCC\C=C/C\C=C/C\C=C/CC)(COC(=O)CCCC\C=C/C\C=C/C\C=C/C\C=C/CC)OC(=O)CCCC\C=C/C\C=C/C\C=C/C\C=C/CC,869.0830000000003,869.3249999999998,0.24199999999950705,1.4210612773895264,0.0039556026458740234,21.0,2,0,0,,"(0, 21.0, 0.0039556026458740234, 2)",,lower_bound,0,1
23012,CCCCCCCCCCCCCCC(=O)OC[C@H](COP([O-])(=O)OCC[N+](C)(C)C)OC(=O)CCC\C=C/C[C@H]1[C@@H](O)CC(O)O[C@@H]1\C=C\[C@@H](O)CCCCC,[H][C@@](COP([O-])(=O)OCC[N+](C)(C)C)(NC(=O)CC\C=C/C\C=C/C[C@@H](O)\C=C\C=C/C=C/[C@@H](O)C\C=C/CC)[C@H](O)\C=C\CCCCCCCCCCCCCCC,834.0819999999999,835.1609999999991,1.0789999999992688,2.5281057357788086,0.019946575164794922,13.0,2,0,0,,"(0, 13.0, 0.019946575164794922, 2)",,lower_bound,0,1
24511,[H][C@](COC(=O)CCCCCCCCCCCCCCCC)(COC(=O)CCCCCCCCC(C)CC)OC(=O)CCCCCCCCCCCCCCCCCCC(C)C,[H][C@@](COC(=O)CCCCCCCCCCCCCCCCC)(COC(=O)CCCCCCCCCCCC(C)C)OC(=O)CCCCCCCCCCCCCCCCCC,863.4469999999992,863.4469999999993,1.1368683772161603e-13,17.059609413146973,15.550041437149048,4.0000000000000036,1,0,1,1,"(0, 4.0000000000000036, 15.550041437149048, 1, 1)",,exact,1,0
25314,[H][C@](COC(=O)CCCCCCCCCCCCC)(COC(=O)CCCCCCCCCCCCCCCCCCCCC(C)C)OC(=O)CCCCCCCCCCCCCCC,[H][C@@](COC(=O)CCCCCCCCCCC)(COC(=O)CCCCCCCCCCCCCC(C)C)OC(=O)CCCCCCCCCCCCCCCCCCCCC(C)CC,891.5009999999992,891.5009999999991,1.1368683772161603e-13,60,,,,1,0,,,Exceeded 60 seconds,unknown,0,0
26080,[H][C@@](COC(=O)CCC\C=C\C\C=C/C[C@H](O)\C=C/C=C\CCCCC)(COP(O)(=O)OC[C@H](N)C(O)=O)OC(=O)CCCC\C=C/C\C=C/C\C=C/CCCCC,[H][C@@](COC(=O)CCCCCCCCCCCCCCCCC(C)CC)(COP(O)(O)=O)OC(=O)CCC\C=C/[C@@H](O)\C=C\C=C/C\C=C/C=C/[C@@H](O)C\C=C/CC,822.0299999999997,823.1020000000001,1.0720000000003438,3.704737901687622,2.2074086666107178,5,2,0,1,1,"(0, 5, 2.2074086666107178, 2, 1)",,lower_bound,0,1
26288,[H][C@](COC(=O)CCCCCCCCCCCCCCCCCC(C)C)(COC(=O)CCCCCCCCCC(C)C)OC(=O)CCCCCCCCCCC(C)CC,[H][C@](COC(=O)CCCCCCCCCCCCCC)(COC(=O)CCCCCCCCCCCCCCCCC(C)CC)OC(=O)CCCCCCCCCCCC,821.3659999999995,821.3659999999995,0.0,16.137781381607056,14.770233154296875,5,2,0,1,1,"(0, 5, 14.770233154296875, 2, 1)",,lower_bound,0,1
27110,[H][C@](COC(=O)CCCCCCCCCCCCCCCCCC(C)C)(COC(=O)CCCCCCCCCC(C)C)OC(=O)CCCCCCCCCCCCCCCCCCCCC,[H][C@@](COC(=O)CCCCCCCCCCCC)(COC(=O)CCCCCCCCCCCCCCCCCCCCC(C)CC)OC(=O)CCCCCCCCCCCCCCCCC,919.5549999999989,919.554999999999,1.1368683772161603e-13,60,,,,1,0,,,Exceeded 60 seconds,unknown,0,0
28432,[H][C@](COC(=O)CCCCCCCCCCCCCCC)(COC(=O)CCCCCCCCCCCC(C)C)OC(=O)CCCCCCCCCCCCCCCC,[H][C@@](COC(=O)CCCCCCCCCCC(C)C)(COC(=O)CCCCCCCCCCC(C)CC)OC(=O)CCCCCCCCCCCCCCCC(C)C,807.3389999999995,807.3389999999995,0.0,11.601025581359863,10.080175638198853,5,2,0,1,1,"(0, 5, 10.080175638198853, 2, 1)",,lower_bound,0,1
28777,CC=CCC=CCCCCC(=O)SCCNC(=O)CCNC(=O)C(O)C(C)(C)COP(O)(=O)OP(O)(=O)OCC1OC(C(O)C1OP(O)(O)=O)N1C=NC2=C1N=CN=C2N,[H][C@@](COC(=O)CCCCCCCCCCCCCCC)(COP(O)(=O)O[C@H]1C(O)C(O)C(O)[C@@H](OP(O)(O)=O)C1O)OC(=O)CCCCCCC\C=C/CC1OC1CCCCC,931.7890000000003,931.0439999999995,0.7450000000008004,1.5190105438232422,0.004985809326171875,30.0,2,0,0,,"(0, 30.0, 0.004985809326171875, 2)",,lower_bound,0,1
29874,[H][C@@](COC(=O)CCCC(O)C(O)C\C=C/C\C=C/C\C=C/CCCCC)(COP(O)(=O)OCCN)OC(=O)CCCCCC\C=C/C\C=C/C\C=C/C\C=C/CC,[H][C@](COC(=O)CCCCCCCCCCCCCC)(COC(=O)CCCCCCCCCCCCCCCCC(C)C)OC(=O)CCCCCCCCCCC(C)C,822.0739999999997,821.3659999999996,0.7080000000000837,1.4978115558624268,0.004984855651855469,18.0,2,0,0,,"(0, 18.0, 0.004984855651855469, 2)",,lower_bound,0,1
30504,[H][C@@](COC(=O)CCCCCCC)(COC(=O)CCCCCCCCCCCCCCCCCCCCC)OC(=O)CCCCCCCCCCCCCCCCCC(C)C,[H][C@@](COC(=O)CCCC1OC1C\C=C/C\C=C/C\C=C/CCCCC)(COP([O-])(=O)OCC[N+](C)(C)C)OC(=O)CCC\C=C/C\C=C/C\C=C/CCCCCCCC,849.4199999999995,848.1559999999995,1.26400000000001,1.443516731262207,0.004024028778076172,20.0,2,0,0,,"(0, 20.0, 0.004024028778076172, 2)",,lower_bound,0,1
32572,[H][C@](COC(=O)CCCCCCCCCCCCCCCC)(COC(=O)CCCCCCCCCCCCCCCCCCCCC(C)CC)OC(=O)CCCCCCCCCCCCCCCC(C)C,[H][C@@](COC(=O)CCCCCCCCCCC\C=C/C\C=C/CCCCC)(COC(=O)CCCC\C=C/C\C=C/C\C=C/CCCCC)OC(=O)CCCCCCCCCCC\C=C/C\C=C/CCCCC,989.6899999999988,989.604999999999,0.084999999999809,3.1755125522613525,1.6849055290222168,7,2,0,1,1,"(0, 7, 1.6849055290222168, 2, 1)",,lower_bound,0,1
33291,CCCCCCCCCCCCCCCCCCCCC(=O)OC[C@@H](COC(=O)CCCCCCCCCCCCCCC(C)C)OC(=O)CCCCCCCCCCCCC(C)CC,[H][C@](COC(=O)CCCCCCCCCCCCCCCCCC(C)C)(COC(=O)CCCCCCCCCC(C)C)OC(=O)CCCCCCCCCCCCCCCCCCC(C)C,919.554999999999,919.554999999999,0.0,26.63626790046692,25.067177295684814,6.000000000000004,1,0,1,1,"(0, 6.000000000000004, 25.067177295684814, 1, 1)",,exact,1,0
34298,[H][C@@](COC(=O)CCCCCCCCCCCCCCC)(COC(=O)CCCCCCCCCCCCCCCCCC(C)C)OC(=O)CCCCCCCCCCC(C)C,[H][C@@](COC(=O)CCCCCCCCCCCCCCCCCC(C)C)(COC(=O)CCCCCCCCCCC(C)CC)OC(=O)CCCCCCCCCCCC(C)C,849.4199999999995,849.4199999999994,1.1368683772161603e-13,60,,,,1,0,,,Exceeded 60 seconds,unknown,0,0
35595,[H][C@](O)(CO)COP(O)(=O)OC[C@@]([H])(COC(=O)CCCCCC\C=C/C\C=C/C\C=C/C\C=C/CC)OC(=O)CCC[C@@H](O)\C=C/C=C/C=C/[C@@H](O)C\C=C/CCCCC,CCCCC[C@H](O)\C=C\[C@H]1OC(O)C[C@H](O)[C@@H]1C\C=C/CCCC(=O)O[C@H](COC(=O)CCCCCCCCCCCCCC(C)C)COP(O)(=O)OC[C@@H](O)CO,851.0680000000001,851.065,0.0030000000000427463,1.7805302143096924,0.4098691940307617,14.0,2,0,0,,"(0, 14.0, 0.4098691940307617, 2)",,lower_bound,0,1
36157,[H][C@](COC(=O)CCCCCCCCCCCCCCCCCCC)(COC(=O)CCCCCCCCCCCCCCCCCCCCC)OC(=O)CCCCCCCCCC(C)C,[H][C@](COC(=O)CCCCCCCCCCCCC)(COC(=O)CCCCCCCCCCCCCCCC(C)C)OC(=O)CCCCCCCCCCCCCCCCCCCCC,905.5279999999991,905.5279999999991,0.0,60,,,,1,0,,,Exceeded 60 seconds,unknown,0,0
36524,[H][C@@](COC(=O)CCC\C=C/C\C=C/C\C=C/C\C=C/CCCCC)(COP([O-])(=O)OCC[N+](C)(C)C)OC(=O)CCC\C=C/C\C=C/C\C=C/C\C=C/CC[C@H](O)CC,[H][C@@](COC(=O)CCCCCC\C=C/C\C=C/C\C=C/CCCCC)(COP([O-])(=O)OCC[N+](C)(C)C)OC(=O)CCC\C=C/C\C=C/C\C=C/C=C/C(=O)CCCCC,846.1399999999999,846.1399999999998,1.1368683772161603e-13,5.420801401138306,4.006462574005127,5,2,0,1,1,"(0, 5, 4.006462574005127, 2, 1)",,lower_bound,0,1
38414,[H][C@@](COC(=O)CCCCCCCCCCCCCCCC)(COC(=O)CCCCCCCCCCCCCCCC(C)C)OC(=O)CCCCCCCCCCCCC(C)C,[H][C@@](COC(=O)CCC\C=C/C\C=C/C=C/C(O)C\C=C/C\C=C/CC)(COP([O-])(=O)OCC[N+](C)(C)C)OC(=O)CCCCCCCCC1=C(C)C(C)=C(CCCCC)O1,863.4469999999994,862.1389999999993,1.3080000000001064,1.4386365413665771,0.0051615238189697266,23.5,2,0,0,,"(0, 23.5, 0.0051615238189697266, 2)",,lower_bound,0,1
38857,[H][C@@](COC(=O)CCCCCCC\C=C\C=C\C(O)C\C=C\CC)(COP(O)(=O)OC[C@H](N)C(O)=O)OC(=O)CCCCC\C=C/C\C=C/C\C=C/C\C=C/C\C=C/CC,[H][C@](COC(=O)CCCCCCCCCCCCCC(C)C)(COC(=O)CCCCCCCCCCCCC(C)CC)OC(=O)CCCCCCCCCCCCC(C)CC,848.0679999999996,849.4199999999994,1.351999999999748,1.428269386291504,0.004023551940917969,20.0,2,0,0,,"(0, 20.0, 0.004023551940917969, 2)",,lower_bound,0,1
39181,CCCCC[C@H](O)\C=C\[C@@H]1[C@@H](O)[C@@H](O)[C@H]2OP(O)(=O)OC[C@@H](COC(=O)CC\C=C/C\C=C/C\C=C/C\C=C/C\C=C/C\C=C/CC)OC(=O)CCC\C=C/C[C@@H]([C@@H](O)CC1=O)[C@@H](O)[C@H](O)[C@H]2O,[H][C@@](COCCCCCCCCCCCCCCCCCC)(COC(=O)CCCCCCCCCCCCC\C=C/CCCCCCCC)OC(=O)CCC\C=C/C\C=C/C\C=C/C\C=C/CCCCC,979.1510000000001,979.6539999999993,0.5029999999992469,1.3843519687652588,0.0030241012573242188,32.0,2,0,0,,"(0, 32.0, 0.0030241012573242188, 2)",,lower_bound,0,1
39576,[H][C@](COC(=O)CCCCCCCCCCCCCCCCCCCC)(COC(=O)CCCCCCCCCCCCCCC(C)C)OC(=O)CCCCCCCCCCCCC,[H][C@@](COC(=O)CCCCCCCCCCCCCCCCCCC)(COC(=O)CCCCCCCCCCCCC(C)C)OC(=O)CCCCCCCCCCCCCC(C)C,877.4739999999993,877.4739999999994,1.1368683772161603e-13,18.43026566505432,17.01152014732361,3.999999999999901,1,0,1,1,"(0, 3.999999999999901, 17.01152014732361, 1, 1)",,exact,1,0
40251,[H][C@](COC(=O)CCCCCCCCCCCCCCCCCCCC)(COC(=O)CCCCCCCCCC(C)C)OC(=O)CCCCCCCCCCCCCC(C)C,[H][C@](COC(=O)CCCCCCCCCCCCCCC(C)C)(COC(=O)CCCCCCCCCCCCC(C)C)OC(=O)CCCCCCCCCCCCCC(C)C,849.4199999999995,849.4199999999994,1.1368683772161603e-13,60,,,,1,0,,,Exceeded 60 seconds,unknown,0,0
40648,[H][C@](O)(COP(O)(O)=O)COP(O)(=O)OC[C@@]([H])(COC(=O)CCC\C=C/C\C=C/C\C=C/C\C=C/[C@@H](O)CCCC)OC(=O)CCCCCCCCC\C=C/C\C=C/CCCCC,[H][C@](O)(COP(O)(O)=O)COP(O)(=O)OC[C@@]([H])(COC(=O)CCCCCCCCCCCCCCCCC)OC(=O)CC\C=C/C\C=C/C\C=C/C\C=C/CC1OC1C\C=C/CC,919.0799999999992,919.0799999999998,5.684341886080801e-13,6.265502214431763,4.777966260910034,6,2,0,1,1,"(0, 6, 4.777966260910034, 2, 1)",,lower_bound,0,1
40818,[H][C@](COC(=O)CCCCCCCCCCCCCCC)(COC(=O)CCCCCCCCCCCCCCC(C)C)OC(=O)CCCCCCCCCCCCCCCCCC(C)C,[H][C@](COC(=O)CCCCCCCCCCCCCC)(COC(=O)CCCCCCCCCCCCCCCCCC)OC(=O)CCCCCCCCCCCCCCCCCC(C)C,905.5279999999992,905.5279999999991,1.1368683772161603e-13,13.043353796005249,11.611284494400024,2.0000000000000657,1,0,1,1,"(0, 2.0000000000000657, 11.611284494400024, 1, 1)",,exact,1,0
41289,[H][C@@](COC(=O)CCCCCCCCCCCCCCCCCCCC)(COC(=O)CCCCCCCCCCCCC(C)CC)OC(=O)CCCCCCCCCCCCCC,[H][C@@](COC(=O)CCCCCCCCCCCCCCCCCCC(C)C)(COC(=O)CCCCCCCCCCCCC(C)C)OC(=O)CCCCCCCCCCC(C)CC,877.4739999999993,877.4739999999993,0.0,10.583773136138916,9.103472471237183,4.000000000000086,1,0,1,1,"(0, 4.000000000000086, 9.103472471237183, 1, 1)",,exact,1,0
41507,[H][C@@](COC(=O)CCC\C=C/CC1OC1C\C=C/C\C=C/CCCCC)(COP(O)(=O)OP(O)(=O)OC[C@H]1O[C@H]([C@H](O)[C@@H]1O)N1C=CC(N)=NC1=O)OC(=O)CCCCCCCCC(C)CC,[H][C@@](COC(=O)CCCCCCCCCCCCCCCCCCCC)(COC(=O)CCCCCCCCCCCCCCCC(C)C)OC(=O)CCCCCCCCCCCCCCCCCCC,976.0479999999995,975.6629999999988,0.3850000000007867,1.4353229999542236,0.0029921531677246094,43.0,2,0,0,,"(0, 43.0, 0.0029921531677246094, 2)",,lower_bound,0,1
41719,[H][C@](COC(=O)CCCCCCCCCCCCCCCCCCCC)(COC(=O)CCCCCCCCCCCCCCCCC(C)C)OC(=O)CCCCCCC,[H][C@@](COC(=O)CCCCCCCCCCCCCCCC)(COC(=O)CCCCCCCCCCCC(C)C)OC(=O)CCCCCCCCCCCCCC(C)C,821.3659999999995,821.3659999999996,1.1368683772161603e-13,14.725188732147217,13.313181400299072,5,2,0,1,1,"(0, 5, 13.313181400299072, 2, 1)",,lower_bound,0,1
42724,[H][C@](COC(=O)CCCCCCCCCCC)(COC(=O)CCCCCCCCCCCCCCCCCCCCC)OC(=O)CCCCCCCCCCCCC,[H][C@@](COC(=O)CC\C=C/C\C=C/C[C@H](O)\C=C\C=C/C=C/[C@H](O)C\C=C/CC)(COP(O)(=O)OCCN)O\C=C\CCCCCCCC\C=C/CCCCCC,807.3389999999995,806.0749999999992,1.2640000000002374,1.409111738204956,0.003990888595581055,19.0,2,0,0,,"(0, 19.0, 0.003990888595581055, 2)",,lower_bound,0,1
42727,[H][C@](COC(=O)CCCCCCCCCCCCCCC)(COC(=O)CCCCCCCCCCCCCCCC(C)C)OC(=O)CCCCCCCCCCCC,[H][C@](COC(=O)CCCCCCCCCCCCCCCC)(COC(=O)CCCCCCCCCCCCCCCCCCCC)OC(=O)CCCCCCCCC,807.3389999999996,807.3389999999995,1.1368683772161603e-13,10.973010301589966,9.40679931640625,4.000000000000005,1,0,1,1,"(0, 4.000000000000005, 9.40679931640625, 1, 1)",,exact,1,0
43184,[H][C@@](COCCCCCCCCCCCCCCCCCC)(COC(=O)CCCCCCCCC\C=C/CCCCCC)OC(=O)CCC\C=C/C\C=C/C\C=C/C\C=C/CCCCC,[H][C@](N)(COP(O)(=O)OC[C@@]([H])(COC(=O)CCCCCCCCCCCCCCCCCCCCC)OC(=O)CCCCC\C=C/C\C=C/C\C=C/C\C=C/CCCCC)C(O)=O,895.4919999999995,896.241,0.7490000000004784,1.4559779167175293,0.003949403762817383,16.0,2,0,0,,"(0, 16.0, 0.003949403762817383, 2)",,lower_bound,0,1
43917,[H][C@@](COC(=O)CCCCCCCCC1=C(C)C(C)=C(CCCCC)O1)(COP(O)(=O)OCCN)OC(=O)CCC\C=C/C\C=C/C\C=C/C\C=C/[C@H](O)CCCC,[H][C@@](COC(=O)CCCCCCCCCCCCCCC)(COC(=O)CCCCCCCCCCC(C)CC)OC(=O)CCCCCCCCCCCCCCCCC,822.0739999999998,821.3659999999993,0.7080000000005384,1.420436143875122,0.002996206283569336,20.5,2,0,0,,"(0, 20.5, 0.002996206283569336, 2)",,lower_bound,0,1
44130,[H][C@@](COC(=O)CCCCCCCCCCCCC(C)C)(COC(=O)CCCCCCCCCC(C)C)OC(=O)CCCCCCCCCCCCCCCCC(C)CC,[H][C@](COC(=O)CCCCCCCCCCCCCCC)(COC(=O)CCCCCCCCCCCCCCCC(C)C)OC(=O)CCCCCCCCCCC(C)CC,835.3929999999992,835.3929999999996,3.410605131648481e-13,15.760447978973389,14.329798936843872,5,2,0,1,1,"(0, 5, 14.329798936843872, 2, 1)",,lower_bound,0,1
45494,[H][C@](COC(=O)CCCCCCCCCCCCC)(COC(=O)CCCCCC\C=C/C\C=C/C\C=C/CCCCC)OC(=O)CCCCCCCCC\C=C/C\C=C/CCCCC,[H][C@@](COC(=O)CCC\C=C/C\C=C/C\C=C/C\C=C/C=C/[C@@H](O)CC)(COP(O)(=O)OC[C@H](N)C(O)=O)OC(=O)CCCCCCCCCCC\C=C/CCCCCCCC,881.4209999999991,880.1539999999991,1.2670000000000528,1.4893743991851807,0.004022836685180664,17.0,2,0,0,,"(0, 17.0, 0.004022836685180664, 2)",,lower_bound,0,1
46648,[H][C@](O)(CO)COP(O)(=O)OC[C@@]([H])(COC(=O)CCCCCCC\C=C/CCCCCCCC)OC(=O)CCCC(=O)\C=C\C=C/C\C=C/C\C=C/CCCCC,[H][C@@](COC(=O)CCC\C=C/C\C=C/CC1OC1C\C=C/CCCCC)(COP(O)(=O)OCCN)OC(=O)CCCCCCCCCCCCCCCCCCC,811.047,812.1229999999991,1.0759999999991123,5.55718994140625,4.13897442817688,5,2,0,1,1,"(0, 5, 4.13897442817688, 2, 1)",,lower_bound,0,1
47236,[H][C@](COC(=O)CCCCCCCCCCCCCCCCCC)(COC(=O)CCCCCCCCCCCCCCCC(C)C)OC(=O)CCCCCCCCCCCCCCC(C)C,[H][C@@](COC(=O)CCCCCCCCCCCCCCCC)(COC(=O)CCCCCCCCCCCCCCCCCCC(C)C)OC(=O)CCCCCCCCCCCCCC(C)C,919.5549999999992,919.5549999999992,0.0,60,,,,1,0,,,Exceeded 60 seconds,unknown,0,0
48383,[H][C@](COC(=O)CCCCCCC\C=C/CCCCCCCC)(COC(=O)CCCC\C=C/C\C=C/C\C=C/C\C=C/CC)OC(=O)CCCCCCC\C=C/C\C=C/CCCCC,[H][C@@](COC(=O)CCCCCCCCCCC\C=C/C\C=C/CCCCC)(COP([O-])(=O)OCC[N+](C)(C)C)OC(=O)CCC\C=C/C\C=C/C\C=C/C=C/[C@@H](O)CCCCC,877.3889999999996,878.2259999999998,0.8370000000002165,1.4159760475158691,0.003988504409790039,16.0,2,0,0,,"(0, 16.0, 0.003988504409790039, 2)",,lower_bound,0,1
48534,[H][C@@](COC(=O)CCCCCCCCCCCCCCCCC)(COC(=O)CCCCCCCCCCCCCCCCCCCC)OC(=O)CCCCCCCCCCCCCCCCC(C)CC,CCCCC[C@H](O)\C=C\[C@H]1[C@H](O)C[C@H](O)[C@@H]1CCCCCCC(=O)O[C@H](COC(=O)CCCCC\C=C/C\C=C/C\C=C/C\C=C/C\C=C/CC)COP(O)(=O)OC[C@@H](O)COP(O)(O)=O,975.6629999999988,977.1160000000004,1.4530000000016798,1.4270451068878174,0.00997018814086914,34.0,2,0,0,,"(0, 34.0, 0.00997018814086914, 2)",,lower_bound,0,1
48787,[H][C@@](COC(=O)CCCCCCCCCCCCCCCCCCCC)(COC(=O)CCCCCCCCCCC(C)C)OC(=O)CCCCCCCCCCCCCCC(C)C,[H][C@@](COC(=O)CCCCCCCCCCCCCCCCCC)(COC(=O)CCCCCCCCCCCCCCCCCCCC)OC(=O)CCCCCCCCC(C)CC,877.4739999999994,877.4739999999993,1.1368683772161603e-13,60,,,,1,0,,,Exceeded 60 seconds,unknown,0,0
49512,[H][C@@](COCCCCCCCCCCCCCCCCCC)(COC(=O)CCCCCC\C=C/C\C=C/C\C=C/C\C=C/CC)OC(=O)CCCCCCCCCCCCC,CCCCCCCCCCCCCCCCCCCC(=O)OC[C@]([H])(COP([O-])(=O)OCC[N+](C)(C)C)OC(=O)CCC\C=C/C\C=C/C\C=C/CCCCCCCC,841.3999999999994,840.2209999999994,1.1789999999999736,1.7350451946258545,0.0029916763305664062,16.0,2,0,0,,"(0, 16.0, 0.0029916763305664062, 2)",,lower_bound,0,1
50563,[H][C@](COC(=O)CCCCCCCCCCCCCCCCC)(COC(=O)CCCCCCCCCCCCCCCCCCCCC(C)CC)OC(=O)CCCCCCCCCCCC(C)C,[H][C@@](COC(=O)CCC\C=C/C\C=C/C\C=C/C=C/C(=O)CCCCC)(COP(O)(=O)O[C@H]1C(O)C(O)C(O)[C@@H](OP(O)(O)=O)C1O)OC(=O)CCCCCCC\C=C/C\C=C/CCC,947.608999999999,949.018,1.409000000001015,1.5996792316436768,0.00399470329284668,35.0,2,0,0,,"(0, 35.0, 0.00399470329284668, 2)",,lower_bound,0,1
51891,[H][C@@](COC(=O)CCCCCCCCCCCCCC)(COC(=O)CCCCCCCCCCCCCCCCC)OC(=O)CCCCCCCCCCC(C)CC,[H][C@@](COC(=O)CCCCCCC)(COC(=O)CCCCCCCCCCCCCCCCCCCCC)OC(=O)CCCCCCCCCCCCCCC(C)C,807.3389999999996,807.3389999999997,1.1368683772161603e-13,20.51137351989746,18.975200653076172,5,2,0,1,1,"(0, 5, 18.975200653076172, 2, 1)",,lower_bound,0,1
53002,[H][C@](COC(=O)CCCCCCCCCCCCCCCCCC)(COC(=O)CCCCCCCCCCCCCCCCCCCCC(C)CC)OC(=O)CCCCCCCCCCCCCCC,[H][C@@](COC(=O)CCCCCCCCCCCCCCCCCCCCC)(COC(=O)CCCCCCCCCCCCCCC(C)C)OC(=O)CCCCCCCCCCCCCCCCC(C)C,975.6629999999988,975.6629999999989,1.1368683772161603e-13,60,,,,1,0,,,Exceeded 60 seconds,unknown,0,0
55329,CC1C2C(CC3C4CCC5CC(CCC5(C)C4CCC23C)OC2OC(CO)C(OC3OC(CO)C(O)C(OC4OCC(O)C(O)C4O)C3O)C(O)C2O)OC11CCC(C)CO1,CCCCC[C@@H](O)\C=C\[C@H]1[C@H](O)C[C@H](O)[C@H]1C\C=C/CC(=O)OC[C@H](COP(O)(=O)OC[C@@H](O)COP(O)(O)=O)OC(=O)CCCCCCCCCCCCC(C)C,873.0430000000005,872.9639999999996,0.07900000000086038,1.6446750164031982,0.003988504409790039,16.0,2,0,0,,"(0, 16.0, 0.003988504409790039, 2)",,lower_bound,0,1
55349,[H][C@@](COC(=O)CCCCCCCCCCCCC)(COC(=O)CCCCCCCCCCCCCCCCCCCC)OC(=O)CCCCCCCCCCCCC(C)C,[H][C@@](COC(=O)CCC\C=C/C\C=C/C\C=C/C\C=C/C=C/[C@@H](O)CC)(COP(O)(=O)OC[C@H](N)C(O)=O)OC(=O)CCCCCC\C=C/C\C=C/C\C=C/CCCCC,849.4199999999994,848.0679999999995,1.3519999999998618,1.4522252082824707,0.0029921531677246094,22.0,2,0,0,,"(0, 22.0, 0.0029921531677246094, 2)",,lower_bound,0,1
56057,[H][C@](N)(COP(O)(=O)OC[C@@]([H])(COC(=O)CCCCCCCCC\C=C/C\C=C/CCCCC)OC(=O)CCCCC\C=C/C\C=C/C\C=C/C\C=C/CCCCC)C(O)=O,[H][C@@](COC(=O)CCCCCCCCCCCCCCC)(COP(O)(=O)O[C@H]1C(O)C(O)C(O)[C@@H](O)C1O)OC(=O)CCCCCCCCC\C=C/C\C=C/CCCCC,864.1549999999997,863.1199999999992,1.0350000000005366,1.7860972881317139,0.38268494606018066,14.0,2,0,0,,"(0, 14.0, 0.38268494606018066, 2)",,lower_bound,0,1
56992,[H][C@](COC(=O)CCCCCCCCCCCC)(COC(=O)CCCCCCCCCCCCCCCCC(C)C)OC(=O)CCCCCCCCCCCCCCC,[H][C@@](COC(=O)CCCCCCCC(=O)\C=C\C=C/CCCCC)(COP([O-])(=O)OCC[N+](C)(C)C)OC(=O)CCC\C=C/C\C=C/C\C=C/CCCCCCCC,821.3659999999995,822.1179999999996,0.7520000000000664,1.4133708477020264,0.0019941329956054688,18.0,2,0,0,,"(0, 18.0, 0.0019941329956054688, 2)",,lower_bound,0,1
57158,[H][C@@](COC(=O)CCCCCCCCCC(C)C)(COP(O)(=O)OP(O)(=O)OC[C@H]1O[C@H]([C@H](O)[C@@H]1O)N1C=CC(N)=NC1=O)OC(=O)CCC[C@@H](O)\C=C\C=C/C\C=C/C\C=C/CCCCC,[H][C@](COC(=O)CCCCC\C=C/C\C=C/C\C=C/C\C=C/CCCCC)(COC(=O)CC\C=C/C\C=C/C\C=C/C\C=C/C\C=C/C\C=C/CC)OC(=O)CCCC\C=C/C\C=C/C\C=C/C\C=C/CC,976.0479999999994,975.4929999999997,0.5549999999997226,1.553638219833374,0.003954648971557617,43.0,2,0,0,,"(0, 43.0, 0.003954648971557617, 2)",,lower_bound,0,1
57311,[H][C@](O)(CO)COP(O)(=O)OC[C@@]([H])(COC(=O)CCC[C@@H](O)\C=C\C=C/C\C=C/C=C/[C@@H](O)CCCCC)OC(=O)CCCCCCC\C=C/C=C\CCCCCC,[H][C@](COC(=O)CCCCCCC\C=C/CCCC)(COC(=O)CCCCCCC\C=C/CCCCCCCC)OC(=O)CCCCCCC\C=C/C\C=C/CCCCC,827.0459999999994,827.3289999999996,0.28300000000024284,1.4057753086090088,0.0029878616333007812,18.0,2,0,0,,"(0, 18.0, 0.0029878616333007812, 2)",,lower_bound,0,1
57775,[H][C@@](COC(=O)CCCCCCCCCCCC(C)C)(COC(=O)CCCCCCCCCCC(C)C)OC(=O)CCCCCCCCCCCCCCCCCCCC,[H][C@](COC(=O)CCCCCCCCCCCCCCCC)(COC(=O)CCCCCCCCCCCCCCCCCCC)OC(=O)CCCCCCCCC(C)CC,835.3929999999991,835.3929999999995,3.410605131648481e-13,15.401462316513062,13.844297647476196,5,2,0,1,1,"(0, 5, 13.844297647476196, 2, 1)",,lower_bound,0,1
58609,[H]C1=C(CCCCC)OC(CCCCCCCCCCCCC(=O)OC(COC(=O)CCCCCCCCC2=C(C)C([H])=C(CCCCC)O2)COP(O)(=O)OCC[N+](C)(C)C)=C1C,[H][C@@](COC(=O)CCCCCCCCCCCCC1=C(C)C(C)=C(CCCCC)O1)(COP([O-])(=O)OCC[N+](C)(C)C)OC(=O)CCCCCCCC(O)\C=C\C=C\C\C=C\CC,895.2329999999998,894.2249999999995,1.0080000000003793,8.743237733840942,7.42775821685791,6,2,0,1,1,"(0, 6, 7.42775821685791, 2, 1)",,lower_bound,0,1
58813,[H][C@@](COC(=O)CCCCCCCCCCC\C=C/C\C=C/CCCCC)(COP(O)(=O)OCCN)OC(=O)CCCCCCCC(=O)\C=C\C=C/CCCCC,[H][C@@](COC(=O)CCCCCCCCCCCCCC)(COP(O)(=O)OC[C@H](N)C(O)=O)OC(=O)CCC(O)\C=C/C=C\C\C=C/C\C=C/C\C=C/C\C=C/CC,810.1069999999995,810.0189999999999,0.08799999999962438,6.889093637466431,5.14006233215332,5,2,0,1,1,"(0, 5, 5.14006233215332, 2, 1)",,lower_bound,0,1
59520,[H][C@](COC(=O)CCCCCCCCCCCCCCCCCC(C)C)(COC(=O)CCCCCCCCCCC(C)CC)OC(=O)CCCCCCCCCCCCCCCCCCC,[H][C@@](COC(=O)CCC[C@H](O)[C@@H](O)C\C=C/C\C=C/C\C=C/C\C=C/CC)(COP(O)(=O)O[C@H]1[C@H](O)[C@@H](O)[C@H](O)[C@@H](O)[C@H]1O)OC(=O)CCCCCCCCCCCCCCCCC,919.5549999999989,919.1399999999994,0.4149999999995089,1.0486860275268555,0.0030264854431152344,25.0,2,0,0,,"(0, 25.0, 0.0030264854431152344, 2)",,lower_bound,0,1
60002,[H][C@@](COC(=O)CCCCCCCCCCCC)(COC(=O)CCCCCCCCCCCCCCCCCCCCC)OC(=O)CCCCCCCCCCCCC,CCCCCCCCCCCCCCCC\C=C/OC[C@]([H])(COP([O-])(=O)OCC[N+](C)(C)C)OC(=O)CCCCC\C=C/C\C=C/C\C=C/C\C=C/CCCCC,821.3659999999994,822.2059999999994,0.8400000000000318,0.9901816844940186,0.001994609832763672,15.0,2,0,0,,"(0, 15.0, 0.001994609832763672, 2)",,lower_bound,0,1
61417,[H][C@](COC(=O)CCCCCCCCCCCCC)(COC(=O)CCCCCCCCCCC(C)CC)OC(=O)CCCCCCCCCCCCCCCCCCCC,[H][C@@](COC(=O)CCCCCCCCCCCC)(COC(=O)CCCCCCCCCCCCCCCC(C)C)OC(=O)CCCCCCCCCCCCCCCCC,835.3929999999991,835.3929999999995,3.410605131648481e-13,11.264972686767578,10.222177743911743,4.000000000000492,1,0,1,1,"(0, 4.000000000000492, 10.222177743911743, 1, 1)",,exact,1,0
61530,[H][C@](COC(=O)CCCCCCCCCCCCCCCC(C)C)(COC(=O)CCCCCCCCCCCCC(C)CC)OC(=O)CCCCCCCCCCCC,[H][C@](COC(=O)CCCCCCCCCCCCCCCCC(C)C)(COC(=O)CCCCCCCCCCCCC(C)CC)OC(=O)CCCCCCCCC(C)C,821.3659999999994,821.3659999999995,1.1368683772161603e-13,60,,,,1,0,,,Exceeded 60 seconds,unknown,0,0
62994,[H][C@](COC(=O)CCCCCCC\C=C/CCCCCC)(COC(=O)CCCCCCC\C=C/CCCCCCCC)OC(=O)CCCCC\C=C/C\C=C/C\C=C/C\C=C/C\C=C/CC,[H][C@](O)(COP(O)(O)=O)COP(O)(=O)OC[C@@]([H])(COC(=O)CCCC\C=C/C\C=C/C\C=C/CCCCC)OC(=O)CCC[C@@H](O)\C=C/C=C/C=C/[C@@H](O)C\C=C/CCCCC,905.4429999999996,905.0089999999998,0.4339999999998554,2.7782864570617676,0.005844831466674805,27.0,2,0,0,,"(0, 27.0, 0.005844831466674805, 2)",,lower_bound,0,1
63126,[H][C@@](COC(=O)CCC\C=C/C\C=C/C\C=C/C=C/C(=O)CCCCC)(COP(O)(=O)O[C@H]1[C@H](O)[C@@H](O)[C@H](O)[C@@H](O)[C@H]1O)OC(=O)CCCCCCCCC\C=C/CCCCCCCC,[H][C@](COC(=O)CCCCCCC\C=C/CCCC)(COC(=O)CCCCC\C=C/C\C=C/C\C=C/C\C=C/C\C=C/CC)OC(=O)CCCCC\C=C/C\C=C/C\C=C/C\C=C/CCCCC,927.1629999999994,927.4489999999995,0.2860000000000582,2.5583837032318115,0.004995107650756836,21.0,2,0,0,,"(0, 21.0, 0.004995107650756836, 2)",,lower_bound,0,1
63233,[H][C@](COC(=O)CCCCCCCCCCCCCC)(COC(=O)CCC\C=C/C\C=C/C\C=C/C\C=C/C\C=C/CC)OC(=O)CCCCCCC\C=C/CCCCCC,[H][C@](O)(CO)COP(O)(=O)OC[C@@]([H])(COC(=O)CCC\C=C/C\C=C/C=C/C(O)C\C=C/C\C=C/CC)OC(=O)CCCCCCCCC\C=C/C\C=C/CCCCC,837.3239999999994,837.0849999999992,0.23900000000014643,2.3822994232177734,0.0047342777252197266,15.0,2,0,0,,"(0, 15.0, 0.0047342777252197266, 2)",,lower_bound,0,1
63557,[H][C@](COC(=O)CCCCCCCCCCCCC)(COC(=O)CC\C=C/C\C=C/C\C=C/C\C=C/C\C=C/C\C=C/CC)OC(=O)CCCCCCCCCCCCCCCCCCC,[H][C@@](COC(=O)CCC\C=C/C\C=C/C\C=C/C=C/CC(O)\C=C/CC)(COP([O-])(=O)OCC[N+](C)(C)C)OC(=O)CCCCCCCCCCCCCCCCCCCCCCC,907.4589999999989,908.2959999999988,0.8369999999998754,1.8419225215911865,0.003985881805419922,16.0,2,0,0,,"(0, 16.0, 0.003985881805419922, 2)",,lower_bound,0,1
63994,[H][C@@](COC(=O)CCCCCCCCC)(COC(=O)CCCCCCCCCCCCCCCCCCCCC(C)CC)OC(=O)CCCCCCCCCCCCCCCCCCCCC(C)C,[H][C@@](COC(=O)CCCCCCCCCCCCCCCCCCC)(COC(=O)CCCCCCCCCCCCCCCCCCCCC(C)CC)OC(=O)CCCCCCCCCCC(C)C,961.6359999999991,961.635999999999,1.1368683772161603e-13,60,,,,1,0,,,Exceeded 60 seconds,unknown,0,0
64113,CCCCCCCC\C=C/CCCCCCCCCCCC(=O)O[C@]([H])(COC(=O)CCCCCCC\C=C/C\C=C/CCCCC)COP([O-])(=O)OCC[N+](C)(C)C,[H][C@](N)(COP(O)(=O)OC[C@@]([H])(COC(=O)CCCCCCCCCCC\C=C/CCCCCCCC)OC(=O)CCCC\C=C/C\C=C/C\C=C/CCCCC)C(O)=O,840.221,840.133,0.08799999999996544,4.011425971984863,1.8309381008148193,5,2,0,1,1,"(0, 5, 1.8309381008148193, 2, 1)",,lower_bound,0,1
64586,[H][C@](COC(=O)CCCCCCCCCCCCCCCCCCCCC(C)C)(COC(=O)CCCCCCCCCCC(C)CC)OC(=O)CCCCCCCCCCC,[H][C@](COC(=O)CCCCCCCCCCCCCCCCCCC)(COC(=O)CCCCCCCCCCCCC(C)C)OC(=O)CCCCCCCCCCC(C)CC,849.4199999999993,849.4199999999995,2.2737367544323206e-13,16.588336944580078,14.387327671051025,4.0000000000001705,1,0,1,1,"(0, 4.0000000000001705, 14.387327671051025, 1, 1)",,exact,1,0
65065,[H][C@@](COC(=O)CCCCCCCCCCCCCCCCC)(COC(=O)CCCCCCCCCCCC(C)C)OC(=O)CCCCCCCCCCCCCCCCC(C)C,CCCCC[C@H](O)\C=C\[C@@H]1[C@@H](C\C=C/CCCC(=O)O[C@H](COC(=O)CCCCCCCCCCC2=C(C)C(C)=C(CCC)O2)COP([O-])(=O)OCC[N+](C)(C)C)C=CC1=O,877.4739999999994,878.138,0.6640000000006694,1.7279887199401855,0.014999151229858398,25.5,2,0,0,,"(0, 25.5, 0.014999151229858398, 2)",,lower_bound,0,1
65124,[H][C@@](COC(=O)CCCCCCCCCCCC)(COC(=O)CCCCCCCCCCCCCCC(C)C)OC(=O)CCCCCCCCCCCCCCCCCC(C)C,[H][C@@](COC(=O)CCCCCCCCCCCCCCCCC(C)CC)(COC(=O)CCCCCCCCCCCCCC(C)C)OC(=O)CCCCCCCCCCC(C)C,863.4469999999993,863.4469999999993,0.0,60,,,,1,0,,,Exceeded 60 seconds,unknown,0,0
65156,[H][C@@](COC(=O)CCCCCCCCCCCCCC)(COC(=O)CCCCCCCCCCCCCCCCCCC)OC(=O)CCCCCCCCCCCC(C)C,[H][C@](COC(=O)CCCCCCCCCCCCCCCC)(COC(=O)CCCCCCCCCCCCC(C)CC)OC(=O)CCCCCCCCCCCCCCC,835.3929999999995,835.3929999999995,0.0,59.54102444648743,57.729798793792725,5,2,0,1,1,"(0, 5, 57.729798793792725, 2, 1)",,lower_bound,0,1
66784,[H][C@@](COC(=O)CCC\C=C/C\C=C/C\C=C/C=C/CC(O)\C=C/CC)(COP([O-])(=O)OCC[N+](C)(C)C)OC(=O)CCCCCCC\C=C/C\C=C/CCCCC,[H][C@@](COC(=O)CCCCCCC)(COC(=O)CCCCCCCCCCCCCCCCCCCCC(C)C)OC(=O)CCCCCCCCCCCCCCCC,820.1019999999995,821.3659999999996,1.2640000000001237,1.4909281730651855,0.0059850215911865234,20.0,2,0,0,,"(0, 20.0, 0.0059850215911865234, 2)",,lower_bound,0,1
67093,[H][C@@](COC(=O)CCCCCCCCCCCCCCCCCCCCC(C)CC)(COC(=O)CCCCCCCCCCC(C)C)OC(=O)CCCCCCCCCCCCCCCCCCC,[H][C@@](COC(=O)CCCCCCCCCCCCCCC(C)C)(COC(=O)CCCCCCCCCCCCCC(C)C)OC(=O)CCCCCCCCCCCCCCCCCCCCC(C)C,961.6359999999987,961.6359999999988,1.1368683772161603e-13,56.32316994667053,53.86841583251953,6.0,1,0,1,1,"(0, 6.0, 53.86841583251953, 1, 1)",,exact,1,0
67901,[H][C@](O)(CO)COP(O)(=O)OC[C@@]([H])(COC(=O)CCCC1OC1C\C=C/C\C=C/C\C=C/CCCCC)OC(=O)CCC\C=C/C\C=C/C\C=C/C\C=C/CCCCC,[H][C@@](COC(=O)CCCCCCCCCCCCCCCCCCCCC(C)C)(COC(=O)CCCCCCCCC(C)C)OC(=O)CCCCCCCCCCCCC,835.0689999999997,835.3929999999993,0.3239999999996144,1.7394113540649414,0.0031423568725585938,19.0,2,0,0,,"(0, 19.0, 0.0031423568725585938, 2)",,lower_bound,0,1
68043,[H][C@@](COC(=O)CCCCCCCCCCCCC)(COC(=O)CCCCCCCCCCCCCCCCCCC(C)C)OC(=O)CCCCCCCCCCCCCCCCCCC(C)C,[H][C@@](COC(=O)CCCCCCCCCCCCCCCCC)(COC(=O)CCCCCCCCCCCCCCCCC(C)CC)OC(=O)CCCCCCCCCCCCCCCCCC,947.608999999999,947.6089999999989,1.1368683772161603e-13,60,,,,1,0,,,Exceeded 60 seconds,unknown,0,0
68960,[H][C@@](COC(=O)CCCCCCCCCCCCC)(COC(=O)CCCCCCCCCCCCCCC(C)C)OC(=O)CCCCCCCCCCCCCCCCCCC,[H][C@@](COC(=O)CCCCCCCCC1=C(C)C(C)=C(CCCCC)O1)(COP([O-])(=O)OCC[N+](C)(C)C)OC(=O)CCC\C=C\C=C/C(O)C\C=C/C\C=C/CCCCC,863.4469999999993,864.1549999999997,0.7080000000004247,1.6770901679992676,0.003033876419067383,23.5,2,0,0,,"(0, 23.5, 0.003033876419067383, 2)",,lower_bound,0,1
68982,CCCCCCCC\C=C/CCCCCCCCCCCC(=O)OC[C@]([H])(COP([O-])(=O)OCC[N+](C)(C)C)OC(=O)CCCCCCCCCCC\C=C/C\C=C/CCCCC,[H][C@](O)(CO)COP(O)(=O)OC[C@@]([H])(COC(=O)CCCCCCCCCCCCCCCCC(C)CC)OC(=O)CC\C=C/C\C=C/C[C@@H](O)\C=C\C=C/C=C/[C@@H](O)C\C=C/CC,896.3289999999992,897.1810000000004,0.852000000001226,2.6098761558532715,0.00532984733581543,11.0,2,0,0,,"(0, 11.0, 0.00532984733581543, 2)",,lower_bound,0,1
69765,CCCCCC1=C(C)C(C)=C(CCCCCCCCC(=O)OCC(COP(O)(=O)OCC[N+](C)(C)C)OC(=O)CCCCCCCCCCC2=C(C)C(C)=C(CCC)O2)O1,[H][C@@](COC(=O)CCCCCCCCC1=C(C)C=C(CCCCC)O1)(COP(O)(=O)OCCN(C)C)OC(=O)CCCCCCCCCCC1=C(C)C(C)=C(CCCCC)O1,867.1789999999992,866.1709999999993,1.0079999999999245,6.0988218784332275,4.19508171081543,3.9999999999999014,1,0,1,1,"(0, 3.9999999999999014, 4.19508171081543, 1, 1)",,exact,1,0
71661,[H][C@@](COC(=O)CCCCCCCCCCCCC1=C(C)C(C)=C(CCCCC)O1)(COP([O-])(=O)OCC[N+](C)(C)C)OC(=O)CCC[C@@H](O)\C=C\C=C/C\C=C/C\C=C/CCCCC,[H][C@@](COC(=O)CCCCCCCCCCCCCCCCC)(COC(=O)CCCCCCCCCCCCCCCCC(C)CC)OC(=O)CCCCCCCCCCCCCC(C)C,920.2629999999995,919.5549999999992,0.708000000000311,1.5629570484161377,0.004435539245605469,22.5,2,0,0,,"(0, 22.5, 0.004435539245605469, 2)",,lower_bound,0,1
72604,[H][C@@](COC(=O)CCCCCCCCCCCCCCCC(C)C)(COC(=O)CCCCCCCCCCC(C)C)OC(=O)CCCCCCCCCCCCCCC(C)C,[H][C@](COC(=O)CCCCCCCCCCC)(COC(=O)CCCCCCCCCCCCCCCCCCC(C)C)OC(=O)CCCCCCCCCCCCC(C)CC,849.4199999999994,849.4199999999995,1.1368683772161603e-13,21.226003646850586,19.294265508651733,5,2,0,1,1,"(0, 5, 19.294265508651733, 2, 1)",,lower_bound,0,1
75066,[H][C@](COC(=O)CCCCCCCCCCC)(COC(=O)CCCCCCCCCCCCCCCCCC(C)C)OC(=O)CCCCCCCCCCCCCCCCCCCCC(C)C,[H][C@](COC(=O)CCCCCCCCCCCCCCCCC)(COC(=O)CCCCCCCCCCCCCCCCC(C)CC)OC(=O)CCCCCCCCCCCCCCCCC,933.5819999999991,933.581999999999,1.1368683772161603e-13,60,,,,1,0,,,Exceeded 60 seconds,unknown,0,0
75760,[H][C@@](COC(=O)CCC\C=C/C\C=C/C\C=C/CC1OC1CCCCC)(COP([O-])(=O)OCC[N+](C)(C)C)OC(=O)CCCCCC\C=C/C\C=C/C\C=C/CCCCC,[H][C@@](COCCCCCCCCCCCCCCCCCC)(COC(=O)CCCCCCCCCCCCC)OC(=O)CCCCCCCCC\C=C/CCCCCCCC,848.1559999999995,847.4479999999994,0.7080000000000837,1.6730527877807617,0.0029909610748291016,22.0,2,0,0,,"(0, 22.0, 0.0029909610748291016, 2)",,lower_bound,0,1
77289,[H][C@@](COC(=O)CCCCCCCCCCCCCC)(COC(=O)CCCCCCCCCCCCCCCCCCCCC)OC(=O)CCCCCCCCCCCCCC(C)C,[H][C@@](COC(=O)CCCCCCCCCCCCC)(COC(=O)CCCCCCCCCCCCCCCCCCCC)OC(=O)CCCCCCCCCCCCCCCC(C)C,891.5009999999992,891.5009999999992,0.0,60,,,,1,0,,,Exceeded 60 seconds,unknown,0,0
78048,[H][C@](O)(COP(O)(O)=O)COP(O)(=O)OC[C@@]([H])(COC(=O)CCCCCCCCCCCCCCCCC(C)CC)OC(=O)CCC\C=C/C\C=C/C\C=C/CC1OC1CCCCC,CC(CCC(O)=O)CC(C)C(=O)SCCNC(=O)CCNC(=O)C(O)C(C)(C)COP(O)(=O)OP(O)(=O)OCC1OC(C(O)C1OP(O)(O)=O)N1C=NC2=C1N=CN=C2N,937.1389999999996,937.7490000000004,0.6100000000008095,1.712113380432129,0.013962268829345703,39.0,2,0,0,,"(0, 39.0, 0.013962268829345703, 2)",,lower_bound,0,1
78279,[H][C@@](COC(=O)CCCCCCCCCCC1=C(C)C(C)=C(CCC)O1)(COP(O)(=O)OCCN)OC(=O)CCC\C=C/C\C=C/C\C=C/CC1OC1CCCCC,[H][C@](O)(CO)COP(O)(=O)OC[C@@]([H])(COC(=O)CCC\C=C/C\C=C/C\C=C/C\C=C/CCCCC)OC(=O)CCC\C=C/C\C=C/C\C=C/CCCCCCCC,822.0739999999996,821.0859999999997,0.9879999999999427,2.1400694847106934,0.49603867530822754,11.5,2,0,0,,"(0, 11.5, 0.49603867530822754, 2)",,lower_bound,0,1
78357,[H][C@](COC(=O)CCCCCCCCCCCCCCCCCCCCC(C)C)(COC(=O)CCCCCCCCCCCC(C)C)OC(=O)CCCCCCCCCCCCC,[H][C@](COC(=O)CCCCCCCCCCCCCCCCCC)(COC(=O)CCCCCCCCC(C)CC)OC(=O)CCCCCCCCCCCCCCCCCC(C)C,877.4739999999991,877.4739999999993,1.1368683772161603e-13,22.134931087493896,20.55046534538269,4.000000000000172,1,0,1,1,"(0, 4.000000000000172, 20.55046534538269, 1, 1)",,exact,1,0
80626,CCCCC\C=C/C\C=C/C\C=C/C\C=C/CCCCCC(=O)O[C@H](COC(=O)CCC\C=C/C[C@H]1C=CC(=O)[C@@H]1\C=C\[C@@H](O)CCCCC)COP(O)(O)=O,CCCCC[C@H](O)\C=C\[C@@H]1[C@@H](CCCCCCC(=O)O[C@H](COC(=O)CCCCCCCCCCCCCCCCC(C)C)COP(O)(O)=O)[C@@H](O)CC1=O,803.0270000000004,803.0680000000003,0.04099999999993997,3.6846330165863037,1.6419072151184082,5,2,0,1,1,"(0, 5, 1.6419072151184082, 2, 1)",,lower_bound,0,1
81508,[H][C@@](COC(=O)CCCCCCCCCCCCCCCCCCCCC(C)C)(COC(=O)CCCCCCCCCCCCC(C)CC)OC(=O)CCCCCCCCCCCCCCCCC(C)C,[H][C@](COC(=O)CCCCCCCCCCCCCCCCCCCCC(C)CC)(COC(=O)CCCCCCCCCCCCCCCCCC(C)C)OC(=O)CCCCCCCCCCC(C)CC,989.6899999999987,989.6899999999987,0.0,60,,,,1,0,,,Exceeded 60 seconds,unknown,0,0
81538,[H][C@@](COC(=O)CCCCCCCCCCCCC)(COC(=O)CCCCCCCCCCCCC(C)CC)OC(=O)CCCCCCCCCCCCCCC(C)C,[H][C@@](COC(=O)CCCCCCCCCCC\C=C/C\C=C/CCCCC)(COP(O)(=O)OCCN)OC(=O)CCCCCC\C=C/C\C=C/C\C=C/CCCCC,821.3659999999994,822.1619999999995,0.7960000000000491,2.412168502807617,0.0029914379119873047,12.0,2,0,0,,"(0, 12.0, 0.0029914379119873047, 2)",,lower_bound,0,1
82646,[H][C@@](COC(=O)CCCCCC\C=C/C\C=C/C\C=C/C\C=C/CC)(COP(O)(=O)OCCN)OC(=O)CCC\C=C\C=C/C(O)C\C=C/C\C=C/CCCCC,[H][C@@](COC(=O)CCCCCC\C=C/C\C=C/C\C=C/CCCCC)(COP(O)(=O)OCCN)OC(=O)CCC\C=C/C\C=C/C\C=C/C=C/C(=O)CCCCC,804.0589999999999,804.0589999999999,0.0,5.7091169357299805,4.032728910446167,5,2,0,1,1,"(0, 5, 4.032728910446167, 2, 1)",,lower_bound,0,1
82647,[H][C@@](COC(=O)CC\C=C/C\C=C/C\C=C/C\C=C/C\C=C/CCCCC)(COP(O)(=O)OC[C@H](N)C(O)=O)OC(=O)CCC\C=C/C\C=C/C\C=C/CC1OC1CCCCC,[H][C@@](COCCCCCCCCCCCCCCCCCC)(COC(=O)CCCCCCC\C=C/CCCCCCCC)OC(=O)CCCCCCCCC\C=C/CCCCCC,874.1059999999999,873.4859999999992,0.6200000000006867,2.007661819458008,0.002059459686279297,25.0,2,0,0,,"(0, 25.0, 0.002059459686279297, 2)",,lower_bound,0,1
83609,[H][C@](COC(=O)CCCCCCCCCCCCC)(COC(=O)CCCCC\C=C/C\C=C/C\C=C/C\C=C/C\C=C/CC)OC(=O)CCCCCCCCCCC\C=C/C\C=C/CCCCC,[H][C@](COC(=O)CCCCCCCCC\C=C/C\C=C/CCCCC)(COC(=O)CCCCC\C=C/C\C=C/C\C=C/C\C=C/C\C=C/CC)OC(=O)CCCCCCCCCCCCCCC,933.4969999999992,933.4969999999993,1.1368683772161603e-13,18.00684142112732,16.020090103149414,3.9999999999996314,1,0,1,1,"(0, 3.9999999999996314, 16.020090103149414, 1, 1)",,exact,1,0
85819,[H][C@@](COC(=O)CCC[C@@H](O)[C@H](O)\C=C\C=C\C=C/C=C/[C@H](O)CCCCC)(COP(O)(=O)OC[C@H](N)C(O)=O)OC(=O)CCCCC\C=C/C\C=C/C\C=C/C\C=C/C\C=C/CC,[H][C@@](COC(=O)CCCCCCCCCCCCCCCCCCC)(COC(=O)CCCCCCCCCCCCCC(C)C)OC(=O)CCCCCCCCCCCCCCC(C)C,906.1039999999997,905.5279999999992,0.5760000000004766,1.594423770904541,0.004949092864990234,26.0,2,0,0,,"(0, 26.0, 0.004949092864990234, 2)",,lower_bound,0,1
86269,CC(=O)OC1C2=C(C)C(CC(O)(C(OC(=O)C3=CC=CC=C3)C3C4(COC4C(O)C(O)C3(C)C1=O)OC(C)=O)C2(C)C)OC(=O)C(O)C(NC(=O)C1=CC=CC=C1)C1=CC=CC=C1,[H][C@](O)(COP(O)(O)=O)COP(O)(=O)OC[C@@]([H])(COC(=O)CCCCCCC\C=C/C=C/C(=O)CCCCC)OC(=O)CCCCCCCCCCCCCCCCC,869.9170000000001,869.019999999999,0.8970000000011851,1.7637605667114258,0.004109621047973633,31.0,2,0,0,,"(0, 31.0, 0.004109621047973633, 2)",,lower_bound,0,1
87904,[H][C@@](COC(=O)CCCCCCCCCCCCCCCC)(COC(=O)CCCCCCCCCCCCCCCC(C)C)OC(=O)CCCCCCCCCCC(C)C,[H][C@](COC(=O)CCCCCCCCCCCCCCCC)(COC(=O)CCCCCCCCCCCCCCCCCCC)OC(=O)CCCCCCCCCC(C)C,835.3929999999996,835.3929999999995,1.1368683772161603e-13,60,,,,1,0,,,Exceeded 60 seconds,unknown,0,0
90577,[H][C@@](COC(=O)CCCCCCCCCCCCCCCCCCC)(COC(=O)CCCCCCCCCCC(C)CC)OC(=O)CCCCCCCCCCCCCCCCC(C)C,[H]C(COC(=O)CCCCC\C=C/C\C=C/C\C=C/C\C=C/C\C=C/CC)(COP(O)(=O)OCCN(C)C)OC(=O)CCCCCCCCCCCCC\C=C/CCCCCCCC,905.5279999999992,904.307999999999,1.2200000000002547,2.226729154586792,0.003667593002319336,15.0,2,0,0,,"(0, 15.0, 0.003667593002319336, 2)",,lower_bound,0,1
90802,CC(C)(COP(O)(=O)OP(O)(=O)OCC1OC(C(O)C1OP(O)(O)=O)N1C=NC2=C1N=CN=C2N)C(O)C(=O)NCCC(=O)NCCSC(=O)C=CCCCC=CC(O)=O,[H][C@@](COC(=O)CCCCCCCCC\C=C/C\C=C/CCCCC)(COC(=O)CCCCCCC\C=C/C\C=C/CCCCC)OC(=O)CCC\C=C/C\C=C/C\C=C/CCCCCCCC,933.7169999999995,933.4969999999994,0.22000000000014097,2.247588634490967,0.00646209716796875,61.0,2,0,0,,"(0, 61.0, 0.00646209716796875, 2)",,lower_bound,0,1
90970,[H][C@@](COC(=O)CCCCCCCC(O)\C=C\C=C\C\C=C\CC)(COP(O)(=O)O[C@H]1[C@H](O)[C@@H](O)[C@H](O)[C@@H](O)[C@H]1O)OC(=O)CCCCCCCCCCCCCCCCCCC,[H][C@](COC(=O)CCCCCCC\C=C/C\C=C/CCCCC)(COC(=O)CCCCCCC\C=C/C\C=C/C\C=C/CC)OC(=O)CCCCCCCCC\C=C/C\C=C/CCCCC,905.1569999999992,905.4429999999995,0.2860000000002856,2.3056161403656006,0.003958463668823242,20.0,2,0,0,,"(0, 20.0, 0.003958463668823242, 2)",,lower_bound,0,1
91094,CCCCC[C@H](O)\C=C\[C@H]1OC(O)C[C@H](O)[C@@H]1C\C=C/CCCC(=O)OC[C@H](COP(O)(O)=O)OC(=O)CCCCCCCCCCCCCCCCCCC(C)C,[H][C@@](COC(=O)CCCCCC\C=C/C\C=C/C\C=C/CCCCC)(COP([O-])(=O)OCC[N+](C)(C)C)OC(=O)CCC\C=C/C\C=C/C\C=C/C=C/[C@@H](O)CCCCC,847.120999999999,848.1559999999998,1.0350000000008777,2.943695306777954,0.7148847579956055,14.0,2,0,0,,"(0, 14.0, 0.7148847579956055, 2)",,lower_bound,0,1
91787,[H][C@](COC(=O)CCCCCCCCCCC)(COC(=O)CCCCCCCCCCCCCCCCCCCCC)OC(=O)CCCCCCCCCCCCCCCCCCCCC,[H][C@](COC(=O)CCCCCCCCCCCCCCCCC(C)C)(COC(=O)CCCCCCCCC(C)C)OC(=O)CCCCCCCCCCCCCCCCCCCCC(C)C,919.5549999999989,919.554999999999,1.1368683772161603e-13,16.01568579673767,13.68196725845337,5.999999999999532,1,0,1,1,"(0, 5.999999999999532, 13.68196725845337, 1, 1)",,exact,1,0
92491,[H][C@](COC(=O)CCCCCCCCCCCCCC)(COC(=O)CCCCCCCCCCCCCCC)OC(=O)CCCCCCC\C=C/CCCCCCCC,[H][C@](O)(CO)COP(O)(=O)OC[C@@]([H])(COC(=O)CCC\C=C/C\C=C/C\C=C/C\C=C/CCCCC)OC(=O)CCCCCC\C=C/C\C=C/C\C=C/C\C=C/CC,819.3499999999996,819.0699999999998,0.27999999999974534,1.96256685256958,0.002991199493408203,18.0,2,0,0,,"(0, 18.0, 0.002991199493408203, 2)",,lower_bound,0,1
93598,CCCCC[C@H](O)\C=C\[C@H]1OC(O)C[C@H](O)[C@@H]1C\C=C/CCCC(=O)OC[C@H](COP(O)(O)=O)OC(=O)CCCCC\C=C/C\C=C/C\C=C/C\C=C/C\C=C/CC,CCCCC\C=C/C\C=C/C\C=C/C\C=C/C\C=C/CCC(=O)O[C@H](COC(=O)CCC\C=C/C[C@H]1[C@@H](O)CC(O)O[C@@H]1\C=C\[C@@H](O)CCCCC)COP(O)(O)=O,837.0409999999996,837.0410000000004,7.958078640513122e-13,5.717299222946167,3.5799169540405273,2.0000000000000133,1,0,1,1,"(0, 2.0000000000000133, 3.5799169540405273, 1, 1)",,exact,1,0
97919,[H][C@@](COC(=O)CCCCC\C=C/C\C=C/C\C=C/C\C=C/CCCCC)(COP(O)(O)=O)OC(=O)CCC\C=C/[C@@H](O)\C=C\C=C/C\C=C/C=C/[C@@H](O)C\C=C/CC,[H][C@@](COC(=O)CCC\C=C/C\C=C/C\C=C/CCCCCCCC)(COP(O)(=O)OCCN)OC(=O)CCC(O)\C=C/C=C\C\C=C/C\C=C/C\C=C/C\C=C/CC,829.0650000000002,830.0970000000001,1.0319999999999254,5.715862035751343,3.4816391468048096,5,2,0,1,1,"(0, 5, 3.4816391468048096, 2, 1)",,lower_bound,0,1
98389,[H][C@](COC(=O)CCCCCCCCCCCCCC)(COC(=O)CCCCCCCCCCCCCCCCCCCC)OC(=O)CCCCCCCCCCC,[H][C@](O)(CO)COP(O)(=O)OC[C@@]([H])(COC(=O)CCC\C=C/C\C=C/C\C=C/C=C/C(=O)CCCCC)OC(=O)CCCC\C=C/C\C=C/C\C=C/CCCCC,807.3389999999995,807.0149999999996,0.32399999999984175,2.29476261138916,0.016885995864868164,20.0,2,0,0,,"(0, 20.0, 0.016885995864868164, 2)",,lower_bound,0,1
98752,[H][C@](COC(=O)CCCCCCCCCCCCCCC)(COC(=O)CCCCCCCCCCCCCCCCC)OC(=O)CCCCCCCCCCCCCCCCCCCCC(C)C,[H][C@@](COC(=O)CCCCCCCCCCCCCCCCCC)(COC(=O)CCCCCCCCCCCCCCCCCCCCC(C)C)OC(=O)CCCCCCCCCCCCCC,947.6089999999989,947.6089999999989,0.0,30.01194143295288,27.631841897964478,4.0,1,0,1,1,"(0, 4.0, 27.631841897964478, 1, 1)",,exact,1,0
98825,[H][C@](COC(=O)CCCCCCCCCCCCCCCCC(C)CC)(COC(=O)CCCCCCCCCCCCC(C)CC)OC(=O)CCCCCCCCC(C)C,[H][C@@](COC(=O)CCCCCCCCCCCCCC(C)C)(COC(=O)CCCCCCCCCCCCC(C)C)OC(=O)CCCCCCCCCCCCCC(C)C,835.3929999999995,835.3929999999995,0.0,17.649385690689087,15.128938913345337,5,2,0,1,1,"(0, 5, 15.128938913345337, 2, 1)",,lower_bound,0,1
99409,[H][C@](COC(=O)CCCCCCCCCCCCCCC)(COC(=O)CCCC\C=C/C\C=C/C\C=C/C\C=C/CC)OC(=O)CCCC\C=C/C\C=C/C\C=C/C\C=C/CC,[H][C@](COC(=O)CCCC\C=C/C\C=C/C\C=C/CCCCC)(COC(=O)CCCC\C=C/C\C=C/C\C=C/C\C=C/CC)OC(=O)CCCCCCC\C=C/CCCCCC,847.3189999999997,847.3189999999996,1.1368683772161603e-13,10.205776453018188,8.518887996673584,4.000000000000046,1,0,1,1,"(0, 4.000000000000046, 8.518887996673584, 1, 1)",,exact,1,0
99997,[H][C@@](COC(=O)CCCCCCCCCCCCC(C)C)(COC(=O)CCCCCCCCC(C)CC)OC(=O)CCCCCCCCCCCCCCCCCCCCC,[H][C@](COC(=O)CCCCCCCCCCCCCCCC)(COC(=O)CCCCCCCCCCCCCCCCC(C)C)OC(=O)CCCCCCCCCCC(C)C,849.419999999999,849.4199999999995,4.547473508864641e-13,19.867470502853394,18.128902196884155,5,2,0,1,1,"(0, 5, 18.128902196884155, 2, 1)",,lower_bound,0,1
102056,[H][C@@](COC(=O)CCCCCCCCCCCCCCCCC(C)CC)(COC(=O)CCCCCCCCCCCC(C)C)OC(=O)CCCCCCCCCCCCCCCCCCC,[H][C@@](COC(=O)CCCCCCCCCCCCC1=C(C)C(C)=C(CCCCC)O1)(COP([O-])(=O)OCC[N+](C)(C)C)OC(=O)CCC\C=C/C\C=C/C\C=C/C=C/C(=O)CCCCC,919.5549999999989,918.2469999999994,1.307999999999538,1.2689752578735352,0.002992868423461914,23.5,2,0,0,,"(0, 23.5, 0.002992868423461914, 2)",,lower_bound,0,1
103398,[H][C@](COC(=O)CCCCCCCCCCC(C)CC)(COC(=O)CCCCCCCCCC(C)C)OC(=O)CCCCCCCCCCCCCCCCCCCCC,[H][C@@](COC(=O)CCCCCCCCCCCCCC)(COC(=O)CCCCCCCCCC(C)C)OC(=O)CCCCCCCCCCCCCCCCCCC(C)C,835.3929999999991,835.3929999999992,1.1368683772161603e-13,14.091129541397095,12.878397703170776,4.00000000000008,1,0,1,1,"(0, 4.00000000000008, 12.878397703170776, 1, 1)",,exact,1,0
103907,CCCCCCCC\C=C/C\C=C/C\C=C/CCCC(=O)OC[C@H](COP(O)(=O)OCCN)OC(=O)CCC\C=C/C[C@H]1C=CC(=O)[C@@H]1\C=C\[C@@H](O)CCCCC,[H][C@@](COC(=O)CCCCCCCCCCCCCCCCCC)(COC(=O)CCCCCCCCCCC(C)C)OC(=O)CCCCCCCCCCCCC(C)C,820.0579999999999,821.3659999999996,1.3079999999997654,1.1985290050506592,0.003271341323852539,18.0,2,0,0,,"(0, 18.0, 0.003271341323852539, 2)",,lower_bound,0,1
104106,[H][C@@](COC(=O)CC\C=C/C\C=C/C\C=C/C\C=C/C\C=C/CCCCC)(COP(O)(=O)OCCN)OC(=O)CCCCCCCCCCCCCCCCCCC,CCCCC\C=C/C\C=C/C=C/C=C/[C@@H](SC[C@H](N)C(=O)OC[C@@H](O)COC(=O)CCCCCCCCCCCCCCCCCC(C)C)[C@@H](O)CCCC(O)=O,822.1619999999991,822.2469999999996,0.08500000000049113,1.5527660846710205,0.33594679832458496,13.0,2,0,0,,"(0, 13.0, 0.33594679832458496, 2)",,lower_bound,0,1
104753,[H][C@@](COC(=O)CCCCCCC\C=C/C=C/C(=O)CCCCC)(COP([O-])(=O)OCC[N+](C)(C)C)OC(=O)CCCCC\C=C/C\C=C/C\C=C/C\C=C/CCCCC,[H][C@](COC(=O)CCCCCCCCCCCCCCCC)(COC(=O)CCCCCCCCCCCCCCCCCCCC)OC(=O)CCCCCCCCCC(C)C,848.1559999999996,849.4199999999994,1.2639999999997826,1.1975023746490479,0.0030248165130615234,19.0,2,0,0,,"(0, 19.0, 0.0030248165130615234, 2)",,lower_bound,0,1
107281,[H][C@@](COC(=O)CCCCC\C=C/C\C=C/C\C=C/C\C=C/C\C=C/CC)(COC(=O)CCCC\C=C/C\C=C/C\C=C/C\C=C/CC)OC(=O)CCCCCCCCC\C=C/CCCCCC,[H][C@@](COC(=O)CCCCCCCCCCCCC\C=C/CCCCCCCC)(COP([O-])(=O)OCC[N+](C)(C)C)OC(=O)CCCC(O)C(O)C\C=C/C\C=C/C\C=C/CCCCC,927.4489999999994,926.3109999999996,1.1379999999998063,1.3693151473999023,0.009440183639526367,23.0,2,0,0,,"(0, 23.0, 0.009440183639526367, 2)",,lower_bound,0,1
107574,[H][C@@](COC(=O)CCCCCCCCCCCCC)(COC(=O)CCCCCCCCCCCCCCCCCCC)OC(=O)CCCCCCCCCCCCCCCC(C)C,[H][C@](COC(=O)CCCCCCCCCCCCC)(COC(=O)CCCCCCCCCCCCCCCCC)OC(=O)CCCCCCCCCCCCCCCCC(C)CC,877.4739999999993,877.4739999999993,0.0,60,,,,1,0,,,Exceeded 60 seconds,unknown,0,0
