pair_id,smiles1,smiles2,mass1,mass2,mass_diff,runtime_sec,runtime_inside_mces,distance,compute_mode,skipped,solverCalled,ilp_solver,raw_mces_result,error_message,thread
964,[H][C@@](COC(=O)CCCCCCCCCCCCCCCCCCCCCCC)(COP(O)(O)=O)OC(=O)CCCCCCC[C@H](O)[C@@H](O)C\C=C/CCCCC,CCCCC[C@H](O)\C=C\[C@@H]1[C@@H](C\C=C/CCCC(=O)OC[C@H](COP(O)(O)=O)OC(=O)CCCCC\C=C/C\C=C/C\C=C/C\C=C/C\C=C/CC)[C@@H](O)CC1=O,819.155,819.026,0.129,34.55734825,30.59930301,10,2,0,1,1,"(0, 10, 30.599303007125854, 2, 1)",,1
1073,[H][C@](COC(=O)CCCCCCCCCCCCC)(COC(=O)CCCCCCCCCCCCCCCCCCC)OC(=O)CCCCCCCCCCCCCCCC,[H][C@](COC(=O)CCCCCCCCCCCCCCCCCCCC)(COC(=O)CCCCCCCCCCCCCCC(C)C)OC(=O)CCCCCCCCCCC,849.42,849.42,1.14E-13,60,,,,1,0,,,Exceeded 60 seconds,
1586,[H][C@@](COC(=O)CCCCCCCCCCCCCCCCCCC(C)C)(COC(=O)CCCCCCCCCCCCCCCC(C)C)OC(=O)CCCCCCCCC,[H][C@@](COC(=O)CC\C=C/CC(O)\C=C/C=C\C\C=C/C\C=C/C\C=C/CC)(COP(O)(=O)OC[C@H](N)C(O)=O)OC(=O)CCCCCCC\C=C/C\C=C/CCCCC,849.42,848.068,1.352,1.980666637,0.005985737,21,2,0,0,,"(0, 21.0, 0.005985736846923828, 2)",,
3772,[H][C@@](COC(=O)CCCCCCCCCCCCCCCCCCCCC(C)C)(COC(=O)CCCCCCCCCCC(C)CC)OC(=O)CCCCCCCCCCCCCCC,CCCCC[C@H](O)\C=C\[C@H]1[C@H](O)CC(=O)[C@@H]1CCCCCCC(=O)O[C@H](COC(=O)CCCCCCCCCCCCCCCCCCC(C)C)COP(O)(=O)OC[C@@H](O)CO,905.528,905.201,0.327,1.653970242,0.005192757,19,2,0,0,,"(0, 19.0, 0.005192756652832031, 2)",,
3995,[H][C@@](CO\C=C\CCCCCCCCCCCCCCCC)(COP([O-])(=O)OCC[N+](C)(C)C)OC(=O)CCC\C=C/C\C=C/C\C=C/C\C=C/C=C/[C@H](O)CC,[H][C@](COC(=O)CCCCCCCCCCCCCC)(COC(=O)CCCCCCCCCCCCC(C)CC)OC(=O)CCCCCCCCCCCCCCC,808.135,807.339,0.796,1.660708666,0.010381699,17,2,0,0,,"(0, 17.0, 0.010381698608398438, 2)",,
4683,CCCCC\C=C/C\C=C/C\C=C/CCCCC(=O)O[C@H](COC(=O)CCC\C=C/C[C@H]1C=CC(=O)[C@@H]1\C=C\[C@@H](O)CCCCC)COP([O-])(=O)OCC[N+](C)(C)C,[H][C@@](COC(=O)CCCCCCCCCCCCCCCCCCC)(COC(=O)CCCCCCCCC(C)CC)OC(=O)CCCCCCCCCCCCCCCC,834.085,835.393,1.308,1.17519927,0.002026081,22,2,0,0,,"(0, 22.0, 0.002026081085205078, 2)",,
7023,[H][C@@](COC(=O)CCCCCCCCCCCCCCCCCCCCC)(COC(=O)CCCCCCCCC(C)CC)OC(=O)CCCCCCCCCCCCCCCCC,[H][C@@](COC(=O)CCCCCCCCCCCCCCC)(COC(=O)CCCCCCCCCCCC(C)C)OC(=O)CCCCCCCCCCCCCCCCCCCCC,877.474,877.474,1.14E-13,60,,,,1,0,,,Exceeded 60 seconds,
7405,[H][C@](COC(=O)CCCCCCCCCCCCCCCCCCCCC(C)CC)(COC(=O)CCCCCCCCCC(C)C)OC(=O)CCCCCCCCCCCCC(C)C,[H][C@@](COC(=O)CCCCCCC)(COC(=O)CCCCCCCCCCCCCCCCCCCCC(C)CC)OC(=O)CCCCCCCCCCCCCCCCCCCC,891.501,891.501,1.14E-13,60,,,,1,0,,,Exceeded 60 seconds,
7894,[H][C@@](COC(=O)CCCCCCCCCCCCCCCC)(COC(=O)CCCCCCCCCCCCCCCCCCC(C)C)OC(=O)CCCCCCCCC,[H][C@@](COC(=O)CCCCCCCCCCCCCCCC)(COC(=O)CCCCCCCCCCCCCC(C)C)OC(=O)CCCCCCCCCCC(C)CC,821.366,821.366,1.14E-13,21.3365407,19.76069927,4,1,0,1,1,"(0, 4.0, 19.76069927215576, 1, 1)",,1
8280,CCCCC[C@H](O)\C=C\[C@@H]1[C@@H](O)[C@@H](O)[C@H]2OP(O)(=O)OC[C@@H](COC(=O)CCC\C=C/C[C@@H]([C@@H](O)CC1=O)[C@@H](O)[C@H](O)[C@H]2O)OC(=O)CC\C=C/C\C=C/C\C=C/C\C=C/C\C=C/C\C=C/CC,[H][C@@](COC(=O)CCC\C=C/C\C=C/C\C=C/C\C=C/C=C/[C@@H](O)CC)(COP(O)(=O)O[C@H]1C(O)C(O)C(O)[C@@H](OP(O)(O)=O)C1O)OC(=O)CCCCCCCCCCCCC\C=C/CC,979.151,979.088,0.063,2.14119935,0.009257078,12,2,0,0,,"(0, 12.0, 0.009257078170776367, 2)",,
8547,[H][C@](COC(=O)CCCCCCCCCCCCCCCCCCC)(COC(=O)CCCCCCCCCCCCCCCCCCCCC)OC(=O)CCCCCCCCCCCCC(C)CC,[H][C@](COC(=O)CCCCCCCCCCCCCCCC)(COC(=O)CCCCCCCCCCCCCCCCCC(C)C)OC(=O)CCCCCCCCCCCCCCCCCC(C)C,961.636,961.636,1.14E-13,60,,,,1,0,,,Exceeded 60 seconds,
9300,CCCCCCCC\C=C/C\C=C/C\C=C/CCCC(=O)O[C@]([H])(COC(=O)CCCCCCCCC\C=C/C\C=C/CCCCC)COP([O-])(=O)OCC[N+](C)(C)C,[H][C@](O)(CO)COP(O)(=O)OC[C@@]([H])(COC(=O)CCC(O)\C=C/C=C\C\C=C/C\C=C/C\C=C/C\C=C/CC)OC(=O)CCCCCCC\C=C/C=C\CCCCCC,836.189,835.069,1.12,1.537537813,0.415141582,11,2,0,0,,"(0, 11.0, 0.41514158248901367, 2)",,
9385,CCCCC[C@H](O)\C=C\[C@@H]1[C@@H](CCCCCCC(=O)O[C@H](COC(=O)CC\C=C/C\C=C/C\C=C/C\C=C/C\C=C/C\C=C/CC)COP(O)(=O)OCCN)[C@@H](O)CC1=O,[H][C@](COC(=O)CCCCCCCCCCCC)(COC(=O)CCCCCCCCCCCCCCCC)OC(=O)CCCCCCCCCCCCCCCCCCC(C)C,862.095,863.447,1.352,1.231617689,0.003070593,22,2,0,0,,"(0, 22.0, 0.0030705928802490234, 2)",,
9598,[H]C(COC(=O)CCCCCC\C=C/C\C=C/C\C=C/CCCCC)(COP(O)(=O)OCCN(C)C)OC(=O)CCCCCCCCC\C=C/C\C=C/CCCCC,[H][C@@](COC(=O)CCCCCCCCCCCCCCCC)(COC(=O)CCCCCCCCCCCCCC(C)C)OC(=O)CCCCCCCCCCCCCC,822.162,821.366,0.796,1.115881205,0.006145954,15,2,0,0,,"(0, 15.0, 0.006145954132080078, 2)",,
10026,[H][C@](O)(CO)COP(O)(=O)OC[C@@]([H])(COC(=O)CCCCCCC\C=C/C=C\CCCCCC)OC(=O)CC\C=C/C\C=C/C\C=C/C\C=C/CC1OC1C\C=C/CC,[H][C@@](COC(=O)CCCCCCCCCCCCC(C)CC)(COC(=O)CCCCCCCCC(C)C)OC(=O)CCCCCCCCCCCCCCCCC(C)CC,835.069,835.393,0.324,1.13067174,0.006061554,18,2,0,0,,"(0, 18.0, 0.006061553955078125, 2)",,
11417,[H][C@@](COC(=O)CCCCCCCCCCCCC)(COC(=O)CCCCCCCCCCC(C)CC)OC(=O)CCCCCCCCCCCCCCCCCC,[H][C@@](COC(=O)CCCCCCCCCCCC)(COC(=O)CCCCCCCCCCCCCCCCCCCCC)OC(=O)CCCCCCCCCCCC,807.339,807.339,2.27E-13,14.69452333,13.57016778,4,1,0,1,1,"(0, 3.999999999999807, 13.570167779922485, 1, 1)",,1
12058,[H][C@](COC(=O)CCCCCCCCCCC(C)CC)(COC(=O)CCCCCCCCC(C)CC)OC(=O)CCCCCCCCCCCCCCCCC(C)CC,[H][C@@](COC(=O)CCCCCCC\C=C/CCCCCCCC)(COP(O)(=O)OCCN)OC(=O)CCC\C=C/[C@@H](O)\C=C\C=C/C\C=C/C=C/[C@@H](O)C\C=C/CC,821.366,822.074,0.708,1.115573406,0.00199461,17,2,0,0,,"(0, 17.0, 0.001994609832763672, 2)",,
12518,[H][C@@](COC(=O)CCCCCCCCCCCCCCCCCCC(C)C)(COC(=O)CCCCCCCCCCCCCCC(C)C)OC(=O)CCCCCCCCCCCCCC,[H][C@@](COC(=O)CCCCCCCCCCC)(COC(=O)CCCCCCCCCCCCCCCCCCCCC(C)CC)OC(=O)CCCCCCCCCCCCCCC(C)C,905.528,905.528,2.27E-13,60,,,,1,0,,,Exceeded 60 seconds,
12707,[H][C@@](COC(=O)CCCCCCCC1OC1C\C=C/CCCCC)(COP([O-])(=O)OCC[N+](C)(C)C)OC(=O)CCC\C=C/C\C=C/C\C=C/CCCCCCCC,[H][C@](O)(CO)COP(O)(=O)OC[C@@]([H])(COC(=O)CCCCCCCCCCCCCC(C)C)OC(=O)CCC(O)\C=C/C=C\C\C=C/C\C=C/C\C=C/C\C=C/CC,824.134,825.074,0.94,9.532400131,8.386373043,10,2,0,1,1,"(0, 10, 8.386373043060303, 2, 1)",,1
13685,[H][C@@](COC(=O)CCCCCCC)(COC(=O)CCCCCCCCCCCCCCCCCCCCC(C)C)OC(=O)CCCCCCCCCCCCCC(C)C,[H][C@](COC(=O)CCCCCCCCCCCCCC(C)C)(COC(=O)CCCCCCCCCCCC(C)C)OC(=O)CCCCCCCCCCCCC(C)CC,821.366,821.366,2.27E-13,60,,,,1,0,,,Exceeded 60 seconds,
14726,[H][C@](COC(=O)CCCCCCCCCCCCCC)(COC(=O)CCCCCCCCCCCCCCCCCCC(C)C)OC(=O)CCCCCCCCCCC(C)C,[H][C@@](COC(=O)CCCCCC\C=C/C\C=C/C\C=C/C\C=C/CC)(COP(O)(=O)OC[C@H](N)C(O)=O)OC(=O)CCC\C=C/C\C=C/C\C=C/C\C=C/CCC[C@H](C)O,849.42,848.068,1.352,0.913430452,0.002991915,21,2,0,0,,"(0, 21.0, 0.002991914749145508, 2)",,
14860,[H][C@](COC(=O)CCCCCCCCC)(COC(=O)CCCCCCCCC(C)CC)OC(=O)CCCCCCCCCCCCCCCCCCCCC(C)CC,[H][C@](COC(=O)CCCCCCCCCCCCCCC)(COC(=O)CCCCCCCCCCCCCCCCCCCCC)OC(=O)CCCCCCCCC,807.339,807.339,2.27E-13,60,,,,1,0,,,Exceeded 60 seconds,
16244,[H][C@](COC(=O)CCCCCCCCCCC\C=C/C\C=C/CCCCC)(COC(=O)CCCCCCC\C=C/C\C=C/C\C=C/CC)OC(=O)CCCCCCC\C=C/C\C=C/CCCCC,[H][C@](COC(=O)CCCCCCCCCCCCCCCCCCCC)(COC(=O)CCCCCCCCCCCCC(C)C)OC(=O)CCCCCCCCCCCCCCCCC(C)C,933.497,933.582,0.085,10.49758744,9.594079733,10,2,0,1,1,"(0, 10, 9.594079732894897, 2, 1)",,1
16264,[H][C@](COC(=O)CCCCCCCCC\C=C/CCCCCCCC)(COC(=O)CCCCCC\C=C/C\C=C/C\C=C/C\C=C/CC)OC(=O)CCCCCCC\C=C/C\C=C/CCCCC,[H][C@@](COC(=O)CCCCCCCCCCCCCCCCCC)(COC(=O)CCCCCCCCCCCCCCCCC(C)CC)OC(=O)CCCCCCCCCCCCCCCC,933.497,933.582,0.085,13.0949657,12.04786658,10,1,0,1,1,"(0, 9.999999999999726, 12.047866582870483, 1, 1)",,1
18616,[H]C(COC(=O)CCC\C=C/C\C=C/C\C=C/C\C=C/C\C=C/CC)(COP(O)(=O)OCCN(C)C)OC(=O)CCCCCCCCCCCCCCCCCCCCC,[H][C@](COC(=O)CCCCCCCCCCCCCCCCCC(C)C)(COC(=O)CCCCCCCCCCCCCC(C)C)OC(=O)CCCCCCCCCCCC,850.216,849.42,0.796,1.051574945,0.003989697,14,2,0,0,,"(0, 14.0, 0.003989696502685547, 2)",,
18696,[H][C@](COC(=O)CCCCCCCCCCCCC(C)C)(COC(=O)CCCCCCCCCCCCC(C)CC)OC(=O)CCCCCCCCCCCCCCCCC(C)C,[H][C@](COC(=O)CCCCCCCCCCCCCCC)(COC(=O)CCCCCCCCCCCCCC(C)C)OC(=O)CCCCCCCCCCCCCCCCC(C)C,877.474,877.474,0,60,,,,1,0,,,Exceeded 60 seconds,
19287,[H][C@@](COC(=O)CCCCCCCCCCCCCCCCCCCCC)(COC(=O)CCCCCCCCCCCCCC(C)C)OC(=O)CCCCCCCCCCCCCCCCC,[H][C@](COC(=O)CCCCCCCCCCCCCCCCC(C)CC)(COC(=O)CCCCCCCCC(C)C)OC(=O)CCCCCCCCCCCCCCCCCCCCC(C)C,933.582,933.582,0,17.86595654,16.42405272,6,1,0,1,1,"(0, 6.000000000000394, 16.424052715301514, 1, 1)",,1
20164,[H][C@@](COC(=O)CCCCCCCCCCC\C=C/C\C=C/CCCCC)(COP(O)(=O)OCCN)OC(=O)CCC\C=C/C\C=C/C\C=C/C\C=C/CC[C@H](O)CC,[H][C@@](COCCCCCCCCCCCCCCCCCC)(COC(=O)CCC\C=C/C\C=C/C\C=C/C\C=C/C\C=C/CC)OC(=O)CCCCCCC\C=C/CCCC,836.145,837.368,1.223,1.03010869,0.002980232,14,2,0,0,,"(0, 14.0, 0.0029802322387695312, 2)",,
20414,[H][C@](COC(=O)CCCCCCCCCCCCCC)(COC(=O)CCCCCCCCCCCCCCC)OC(=O)CCCCCCCCCCCCCCCCCCCCC(C)C,[H][C@@](COC(=O)CCCCCCCCCCCCCCCCC)(COC(=O)CCCCCCCCCCCCCCC(C)C)OC(=O)CCCCCCCCCCCCCCCC(C)C,905.528,905.528,1.14E-13,48.63556266,47.69133472,6,1,0,1,1,"(0, 6.000000000000045, 47.69133472442627, 1, 1)",,1
21918,[H][C@](COC(=O)CCCCCCCCCCCCC)(COC(=O)CCCCC\C=C/C\C=C/C\C=C/C\C=C/CCCCC)OC(=O)CCCCCCCCCCCCCCCCC,[H][C@](COC(=O)CCCCCCCCCCCCCCCCCCC)(COC(=O)CCC\C=C/C\C=C/C\C=C/CCCCCCCC)OC(=O)CCCCCCC\C=C/CCCC,883.437,883.437,2.27E-13,59.14355707,58.21473694,8,1,0,1,1,"(0, 7.999999999999902, 58.21473693847656, 1, 1)",,1
22549,CCCCCCCC\C=C/C\C=C/C\C=C/CCCC(=O)O[C@H](COC(=O)CCC\C=C/C[C@@H]1[C@@H](\C=C\[C@@H](O)CCCCC)[C@H](O)CC1=O)COP(O)(=O)OC[C@@H](O)CO,[H][C@](COC(=O)CCCCCCC\C=C/C\C=C/C\C=C/CC)(COC(=O)CCCC\C=C/C\C=C/C\C=C/C\C=C/CC)OC(=O)CCCC\C=C/C\C=C/C\C=C/C\C=C/CC,869.083,869.325,0.242,0.8913939,0.004024267,21,2,0,0,,"(0, 21.0, 0.0040242671966552734, 2)",,
23012,CCCCCCCCCCCCCCC(=O)OC[C@H](COP([O-])(=O)OCC[N+](C)(C)C)OC(=O)CCC\C=C/C[C@H]1[C@@H](O)CC(O)O[C@@H]1\C=C\[C@@H](O)CCCCC,[H][C@@](COP([O-])(=O)OCC[N+](C)(C)C)(NC(=O)CC\C=C/C\C=C/C[C@@H](O)\C=C\C=C/C=C/[C@@H](O)C\C=C/CC)[C@H](O)\C=C\CCCCCCCCCCCCCCC,834.082,835.161,1.079,0.868379354,0.002019167,13,2,0,0,,"(0, 13.0, 0.002019166946411133, 2)",,
24511,[H][C@](COC(=O)CCCCCCCCCCCCCCCC)(COC(=O)CCCCCCCCC(C)CC)OC(=O)CCCCCCCCCCCCCCCCCCC(C)C,[H][C@@](COC(=O)CCCCCCCCCCCCCCCCC)(COC(=O)CCCCCCCCCCCC(C)C)OC(=O)CCCCCCCCCCCCCCCCCC,863.447,863.447,1.14E-13,11.38287163,10.49333596,4,1,0,1,1,"(0, 4.0000000000000036, 10.493335962295532, 1, 1)",,1
25314,[H][C@](COC(=O)CCCCCCCCCCCCC)(COC(=O)CCCCCCCCCCCCCCCCCCCCC(C)C)OC(=O)CCCCCCCCCCCCCCC,[H][C@@](COC(=O)CCCCCCCCCCC)(COC(=O)CCCCCCCCCCCCCC(C)C)OC(=O)CCCCCCCCCCCCCCCCCCCCC(C)CC,891.501,891.501,1.14E-13,49.19617081,48.21173,6,1,0,1,1,"(0, 5.999999999999983, 48.211730003356934, 1, 1)",,1
26080,[H][C@@](COC(=O)CCC\C=C\C\C=C/C[C@H](O)\C=C/C=C\CCCCC)(COP(O)(=O)OC[C@H](N)C(O)=O)OC(=O)CCCC\C=C/C\C=C/C\C=C/CCCCC,[H][C@@](COC(=O)CCCCCCCCCCCCCCCCC(C)CC)(COP(O)(O)=O)OC(=O)CCC\C=C/[C@@H](O)\C=C\C=C/C\C=C/C=C/[C@@H](O)C\C=C/CC,822.03,823.102,1.072,3.941198826,3.020173311,10,2,0,1,1,"(0, 10, 3.0201733112335205, 2, 1)",,1
26288,[H][C@](COC(=O)CCCCCCCCCCCCCCCCCC(C)C)(COC(=O)CCCCCCCCCC(C)C)OC(=O)CCCCCCCCCCC(C)CC,[H][C@](COC(=O)CCCCCCCCCCCCCC)(COC(=O)CCCCCCCCCCCCCCCCC(C)CC)OC(=O)CCCCCCCCCCCC,821.366,821.366,0,16.46469426,15.55496764,6,1,0,1,1,"(0, 6.000000000000227, 15.554967641830444, 1, 1)",,1
27110,[H][C@](COC(=O)CCCCCCCCCCCCCCCCCC(C)C)(COC(=O)CCCCCCCCCC(C)C)OC(=O)CCCCCCCCCCCCCCCCCCCCC,[H][C@@](COC(=O)CCCCCCCCCCCC)(COC(=O)CCCCCCCCCCCCCCCCCCCCC(C)CC)OC(=O)CCCCCCCCCCCCCCCCC,919.555,919.555,1.14E-13,59.78955984,58.87959123,6,1,0,1,1,"(0, 6.0, 58.87959122657776, 1, 1)",,1
28432,[H][C@](COC(=O)CCCCCCCCCCCCCCC)(COC(=O)CCCCCCCCCCCC(C)C)OC(=O)CCCCCCCCCCCCCCCC,[H][C@@](COC(=O)CCCCCCCCCCC(C)C)(COC(=O)CCCCCCCCCCC(C)CC)OC(=O)CCCCCCCCCCCCCCCC(C)C,807.339,807.339,0,9.342489004,8.439226866,6,1,0,1,1,"(0, 5.99999999999985, 8.439226865768433, 1, 1)",,1
28777,CC=CCC=CCCCCC(=O)SCCNC(=O)CCNC(=O)C(O)C(C)(C)COP(O)(=O)OP(O)(=O)OCC1OC(C(O)C1OP(O)(O)=O)N1C=NC2=C1N=CN=C2N,[H][C@@](COC(=O)CCCCCCCCCCCCCCC)(COP(O)(=O)O[C@H]1C(O)C(O)C(O)[C@@H](OP(O)(O)=O)C1O)OC(=O)CCCCCCC\C=C/CC1OC1CCCCC,931.789,931.044,0.745,0.880946875,0.003023863,30,2,0,0,,"(0, 30.0, 0.003023862838745117, 2)",,
29874,[H][C@@](COC(=O)CCCC(O)C(O)C\C=C/C\C=C/C\C=C/CCCCC)(COP(O)(=O)OCCN)OC(=O)CCCCCC\C=C/C\C=C/C\C=C/C\C=C/CC,[H][C@](COC(=O)CCCCCCCCCCCCCC)(COC(=O)CCCCCCCCCCCCCCCCC(C)C)OC(=O)CCCCCCCCCCC(C)C,822.074,821.366,0.708,0.867517471,0.003027201,18,2,0,0,,"(0, 18.0, 0.003027200698852539, 2)",,
30504,[H][C@@](COC(=O)CCCCCCC)(COC(=O)CCCCCCCCCCCCCCCCCCCCC)OC(=O)CCCCCCCCCCCCCCCCCC(C)C,[H][C@@](COC(=O)CCCC1OC1C\C=C/C\C=C/C\C=C/CCCCC)(COP([O-])(=O)OCC[N+](C)(C)C)OC(=O)CCC\C=C/C\C=C/C\C=C/CCCCCCCC,849.42,848.156,1.264,0.896868229,0.004024744,20,2,0,0,,"(0, 20.0, 0.0040247440338134766, 2)",,
32572,[H][C@](COC(=O)CCCCCCCCCCCCCCCC)(COC(=O)CCCCCCCCCCCCCCCCCCCCC(C)CC)OC(=O)CCCCCCCCCCCCCCCC(C)C,[H][C@@](COC(=O)CCCCCCCCCCC\C=C/C\C=C/CCCCC)(COC(=O)CCCC\C=C/C\C=C/C\C=C/CCCCC)OC(=O)CCCCCCCCCCC\C=C/C\C=C/CCCCC,989.69,989.605,0.085,12.09949517,11.20696497,10,2,0,1,1,"(0, 10, 11.20696496963501, 2, 1)",,1
33291,CCCCCCCCCCCCCCCCCCCCC(=O)OC[C@@H](COC(=O)CCCCCCCCCCCCCCC(C)C)OC(=O)CCCCCCCCCCCCC(C)CC,[H][C@](COC(=O)CCCCCCCCCCCCCCCCCC(C)C)(COC(=O)CCCCCCCCCC(C)C)OC(=O)CCCCCCCCCCCCCCCCCCC(C)C,919.555,919.555,0,17.95748472,16.7278955,6,1,0,1,1,"(0, 6.000000000000004, 16.727895498275757, 1, 1)",,1
34298,[H][C@@](COC(=O)CCCCCCCCCCCCCCC)(COC(=O)CCCCCCCCCCCCCCCCCC(C)C)OC(=O)CCCCCCCCCCC(C)C,[H][C@@](COC(=O)CCCCCCCCCCCCCCCCCC(C)C)(COC(=O)CCCCCCCCCCC(C)CC)OC(=O)CCCCCCCCCCCC(C)C,849.42,849.42,1.14E-13,60,,,,1,0,,,Exceeded 60 seconds,
35595,[H][C@](O)(CO)COP(O)(=O)OC[C@@]([H])(COC(=O)CCCCCC\C=C/C\C=C/C\C=C/C\C=C/CC)OC(=O)CCC[C@@H](O)\C=C/C=C/C=C/[C@@H](O)C\C=C/CCCCC,CCCCC[C@H](O)\C=C\[C@H]1OC(O)C[C@H](O)[C@@H]1C\C=C/CCCC(=O)O[C@H](COC(=O)CCCCCCCCCCCCCC(C)C)COP(O)(=O)OC[C@@H](O)CO,851.068,851.065,0.003,1.169830799,0.267267466,14,2,0,0,,"(0, 14.0, 0.26726746559143066, 2)",,
36157,[H][C@](COC(=O)CCCCCCCCCCCCCCCCCCC)(COC(=O)CCCCCCCCCCCCCCCCCCCCC)OC(=O)CCCCCCCCCC(C)C,[H][C@](COC(=O)CCCCCCCCCCCCC)(COC(=O)CCCCCCCCCCCCCCCC(C)C)OC(=O)CCCCCCCCCCCCCCCCCCCCC,905.528,905.528,0,60,,,,1,0,,,Exceeded 60 seconds,
36524,[H][C@@](COC(=O)CCC\C=C/C\C=C/C\C=C/C\C=C/CCCCC)(COP([O-])(=O)OCC[N+](C)(C)C)OC(=O)CCC\C=C/C\C=C/C\C=C/C\C=C/CC[C@H](O)CC,[H][C@@](COC(=O)CCCCCC\C=C/C\C=C/C\C=C/CCCCC)(COP([O-])(=O)OCC[N+](C)(C)C)OC(=O)CCC\C=C/C\C=C/C\C=C/C=C/C(=O)CCCCC,846.14,846.14,1.14E-13,4.247850657,3.343203306,6,1,0,1,1,"(0, 5.9999999999999005, 3.34320330619812, 1, 1)",,1
38414,[H][C@@](COC(=O)CCCCCCCCCCCCCCCC)(COC(=O)CCCCCCCCCCCCCCCC(C)C)OC(=O)CCCCCCCCCCCCC(C)C,[H][C@@](COC(=O)CCC\C=C/C\C=C/C=C/C(O)C\C=C/C\C=C/CC)(COP([O-])(=O)OCC[N+](C)(C)C)OC(=O)CCCCCCCCC1=C(C)C(C)=C(CCCCC)O1,863.447,862.139,1.308,0.931179285,0.002992868,23.5,2,0,0,,"(0, 23.5, 0.002992868423461914, 2)",,
38857,[H][C@@](COC(=O)CCCCCCC\C=C\C=C\C(O)C\C=C\CC)(COP(O)(=O)OC[C@H](N)C(O)=O)OC(=O)CCCCC\C=C/C\C=C/C\C=C/C\C=C/C\C=C/CC,[H][C@](COC(=O)CCCCCCCCCCCCCC(C)C)(COC(=O)CCCCCCCCCCCCC(C)CC)OC(=O)CCCCCCCCCCCCC(C)CC,848.068,849.42,1.352,0.910013437,0.002991199,20,2,0,0,,"(0, 20.0, 0.002991199493408203, 2)",,
39181,CCCCC[C@H](O)\C=C\[C@@H]1[C@@H](O)[C@@H](O)[C@H]2OP(O)(=O)OC[C@@H](COC(=O)CC\C=C/C\C=C/C\C=C/C\C=C/C\C=C/C\C=C/CC)OC(=O)CCC\C=C/C[C@@H]([C@@H](O)CC1=O)[C@@H](O)[C@H](O)[C@H]2O,[H][C@@](COCCCCCCCCCCCCCCCCCC)(COC(=O)CCCCCCCCCCCCC\C=C/CCCCCCCC)OC(=O)CCC\C=C/C\C=C/C\C=C/C\C=C/CCCCC,979.151,979.654,0.503,0.922823429,0.002994061,32,2,0,0,,"(0, 32.0, 0.002994060516357422, 2)",,
39576,[H][C@](COC(=O)CCCCCCCCCCCCCCCCCCCC)(COC(=O)CCCCCCCCCCCCCCC(C)C)OC(=O)CCCCCCCCCCCCC,[H][C@@](COC(=O)CCCCCCCCCCCCCCCCCCC)(COC(=O)CCCCCCCCCCCCC(C)C)OC(=O)CCCCCCCCCCCCCC(C)C,877.474,877.474,1.14E-13,12.62747622,11.69547057,4,1,0,1,1,"(0, 3.999999999999901, 11.695470571517944, 1, 1)",,1
40251,[H][C@](COC(=O)CCCCCCCCCCCCCCCCCCCC)(COC(=O)CCCCCCCCCC(C)C)OC(=O)CCCCCCCCCCCCCC(C)C,[H][C@](COC(=O)CCCCCCCCCCCCCCC(C)C)(COC(=O)CCCCCCCCCCCCC(C)C)OC(=O)CCCCCCCCCCCCCC(C)C,849.42,849.42,1.14E-13,60,,,,1,0,,,Exceeded 60 seconds,
40648,[H][C@](O)(COP(O)(O)=O)COP(O)(=O)OC[C@@]([H])(COC(=O)CCC\C=C/C\C=C/C\C=C/C\C=C/[C@@H](O)CCCC)OC(=O)CCCCCCCCC\C=C/C\C=C/CCCCC,[H][C@](O)(COP(O)(O)=O)COP(O)(=O)OC[C@@]([H])(COC(=O)CCCCCCCCCCCCCCCCC)OC(=O)CC\C=C/C\C=C/C\C=C/C\C=C/CC1OC1C\C=C/CC,919.08,919.08,5.68E-13,6.046196938,5.060257196,10,2,0,1,1,"(0, 10, 5.060257196426392, 2, 1)",,1
40818,[H][C@](COC(=O)CCCCCCCCCCCCCCC)(COC(=O)CCCCCCCCCCCCCCC(C)C)OC(=O)CCCCCCCCCCCCCCCCCC(C)C,[H][C@](COC(=O)CCCCCCCCCCCCCC)(COC(=O)CCCCCCCCCCCCCCCCCC)OC(=O)CCCCCCCCCCCCCCCCCC(C)C,905.528,905.528,1.14E-13,9.446621895,8.393166065,2,1,0,1,1,"(0, 2.0000000000000657, 8.393166065216064, 1, 1)",,1
41289,[H][C@@](COC(=O)CCCCCCCCCCCCCCCCCCCC)(COC(=O)CCCCCCCCCCCCC(C)CC)OC(=O)CCCCCCCCCCCCCC,[H][C@@](COC(=O)CCCCCCCCCCCCCCCCCCC(C)C)(COC(=O)CCCCCCCCCCCCC(C)C)OC(=O)CCCCCCCCCCC(C)CC,877.474,877.474,0,9.584322453,8.242266178,4,1,0,1,1,"(0, 4.000000000000086, 8.242266178131104, 1, 1)",,1
41507,[H][C@@](COC(=O)CCC\C=C/CC1OC1C\C=C/C\C=C/CCCCC)(COP(O)(=O)OP(O)(=O)OC[C@H]1O[C@H]([C@H](O)[C@@H]1O)N1C=CC(N)=NC1=O)OC(=O)CCCCCCCCC(C)CC,[H][C@@](COC(=O)CCCCCCCCCCCCCCCCCCCC)(COC(=O)CCCCCCCCCCCCCCCC(C)C)OC(=O)CCCCCCCCCCCCCCCCCCC,976.048,975.663,0.385,1.002768993,0.003988981,43,2,0,0,,"(0, 43.0, 0.003988981246948242, 2)",,
41719,[H][C@](COC(=O)CCCCCCCCCCCCCCCCCCCC)(COC(=O)CCCCCCCCCCCCCCCCC(C)C)OC(=O)CCCCCCC,[H][C@@](COC(=O)CCCCCCCCCCCCCCCC)(COC(=O)CCCCCCCCCCCC(C)C)OC(=O)CCCCCCCCCCCCCC(C)C,821.366,821.366,1.14E-13,28.51290226,27.55412984,6,1,0,1,1,"(0, 6.0, 27.55412983894348, 1, 1)",,1
42724,[H][C@](COC(=O)CCCCCCCCCCC)(COC(=O)CCCCCCCCCCCCCCCCCCCCC)OC(=O)CCCCCCCCCCCCC,[H][C@@](COC(=O)CC\C=C/C\C=C/C[C@H](O)\C=C\C=C/C=C/[C@H](O)C\C=C/CC)(COP(O)(=O)OCCN)O\C=C\CCCCCCCC\C=C/CCCCCC,807.339,806.075,1.264,0.893974304,0.00201869,19,2,0,0,,"(0, 19.0, 0.0020186901092529297, 2)",,
42727,[H][C@](COC(=O)CCCCCCCCCCCCCCC)(COC(=O)CCCCCCCCCCCCCCCC(C)C)OC(=O)CCCCCCCCCCCC,[H][C@](COC(=O)CCCCCCCCCCCCCCCC)(COC(=O)CCCCCCCCCCCCCCCCCCCC)OC(=O)CCCCCCCCC,807.339,807.339,1.14E-13,7.664762974,6.755229473,4,1,0,1,1,"(0, 4.000000000000005, 6.755229473114014, 1, 1)",,1
43184,[H][C@@](COCCCCCCCCCCCCCCCCCC)(COC(=O)CCCCCCCCC\C=C/CCCCCC)OC(=O)CCC\C=C/C\C=C/C\C=C/C\C=C/CCCCC,[H][C@](N)(COP(O)(=O)OC[C@@]([H])(COC(=O)CCCCCCCCCCCCCCCCCCCCC)OC(=O)CCCCC\C=C/C\C=C/C\C=C/C\C=C/CCCCC)C(O)=O,895.492,896.241,0.749,0.939540148,0.002991438,16,2,0,0,,"(0, 16.0, 0.0029914379119873047, 2)",,
43917,[H][C@@](COC(=O)CCCCCCCCC1=C(C)C(C)=C(CCCCC)O1)(COP(O)(=O)OCCN)OC(=O)CCC\C=C/C\C=C/C\C=C/C\C=C/[C@H](O)CCCC,[H][C@@](COC(=O)CCCCCCCCCCCCCCC)(COC(=O)CCCCCCCCCCC(C)CC)OC(=O)CCCCCCCCCCCCCCCCC,822.074,821.366,0.708,0.959323883,0.002192974,20.5,2,0,0,,"(0, 20.5, 0.002192974090576172, 2)",,
44130,[H][C@@](COC(=O)CCCCCCCCCCCCC(C)C)(COC(=O)CCCCCCCCCC(C)C)OC(=O)CCCCCCCCCCCCCCCCC(C)CC,[H][C@](COC(=O)CCCCCCCCCCCCCCC)(COC(=O)CCCCCCCCCCCCCCCC(C)C)OC(=O)CCCCCCCCCCC(C)CC,835.393,835.393,3.41E-13,60,,,,1,0,,,Exceeded 60 seconds,
45494,[H][C@](COC(=O)CCCCCCCCCCCCC)(COC(=O)CCCCCC\C=C/C\C=C/C\C=C/CCCCC)OC(=O)CCCCCCCCC\C=C/C\C=C/CCCCC,[H][C@@](COC(=O)CCC\C=C/C\C=C/C\C=C/C\C=C/C=C/[C@@H](O)CC)(COP(O)(=O)OC[C@H](N)C(O)=O)OC(=O)CCCCCCCCCCC\C=C/CCCCCCCC,881.421,880.154,1.267,1.203381777,0.00398922,17,2,0,0,,"(0, 17.0, 0.003989219665527344, 2)",,
46648,[H][C@](O)(CO)COP(O)(=O)OC[C@@]([H])(COC(=O)CCCCCCC\C=C/CCCCCCCC)OC(=O)CCCC(=O)\C=C\C=C/C\C=C/C\C=C/CCCCC,[H][C@@](COC(=O)CCC\C=C/C\C=C/CC1OC1C\C=C/CCCCC)(COP(O)(=O)OCCN)OC(=O)CCCCCCCCCCCCCCCCCCC,811.047,812.123,1.076,4.21450901,3.241248131,10,2,0,1,1,"(0, 10, 3.24124813079834, 2, 1)",,1
47236,[H][C@](COC(=O)CCCCCCCCCCCCCCCCCC)(COC(=O)CCCCCCCCCCCCCCCC(C)C)OC(=O)CCCCCCCCCCCCCCC(C)C,[H][C@@](COC(=O)CCCCCCCCCCCCCCCC)(COC(=O)CCCCCCCCCCCCCCCCCCC(C)C)OC(=O)CCCCCCCCCCCCCC(C)C,919.555,919.555,0,60,,,,1,0,,,Exceeded 60 seconds,
48383,[H][C@](COC(=O)CCCCCCC\C=C/CCCCCCCC)(COC(=O)CCCC\C=C/C\C=C/C\C=C/C\C=C/CC)OC(=O)CCCCCCC\C=C/C\C=C/CCCCC,[H][C@@](COC(=O)CCCCCCCCCCC\C=C/C\C=C/CCCCC)(COP([O-])(=O)OCC[N+](C)(C)C)OC(=O)CCC\C=C/C\C=C/C\C=C/C=C/[C@@H](O)CCCCC,877.389,878.226,0.837,1.273275375,0.002197027,16,2,0,0,,"(0, 16.0, 0.0021970272064208984, 2)",,
48534,[H][C@@](COC(=O)CCCCCCCCCCCCCCCCC)(COC(=O)CCCCCCCCCCCCCCCCCCCC)OC(=O)CCCCCCCCCCCCCCCCC(C)CC,CCCCC[C@H](O)\C=C\[C@H]1[C@H](O)C[C@H](O)[C@@H]1CCCCCCC(=O)O[C@H](COC(=O)CCCCC\C=C/C\C=C/C\C=C/C\C=C/C\C=C/CC)COP(O)(=O)OC[C@@H](O)COP(O)(O)=O,975.663,977.116,1.453,0.968295097,0.004020452,34,2,0,0,,"(0, 34.0, 0.0040204524993896484, 2)",,
48787,[H][C@@](COC(=O)CCCCCCCCCCCCCCCCCCCC)(COC(=O)CCCCCCCCCCC(C)C)OC(=O)CCCCCCCCCCCCCCC(C)C,[H][C@@](COC(=O)CCCCCCCCCCCCCCCCCC)(COC(=O)CCCCCCCCCCCCCCCCCCCC)OC(=O)CCCCCCCCC(C)CC,877.474,877.474,1.14E-13,42.28343225,41.36828852,6,1,0,1,1,"(0, 5.999999999999994, 41.36828851699829, 1, 1)",,1
49512,[H][C@@](COCCCCCCCCCCCCCCCCCC)(COC(=O)CCCCCC\C=C/C\C=C/C\C=C/C\C=C/CC)OC(=O)CCCCCCCCCCCCC,CCCCCCCCCCCCCCCCCCCC(=O)OC[C@]([H])(COP([O-])(=O)OCC[N+](C)(C)C)OC(=O)CCC\C=C/C\C=C/C\C=C/CCCCCCCC,841.4,840.221,1.179,0.978308916,0.004021645,16,2,0,0,,"(0, 16.0, 0.004021644592285156, 2)",,
50563,[H][C@](COC(=O)CCCCCCCCCCCCCCCCC)(COC(=O)CCCCCCCCCCCCCCCCCCCCC(C)CC)OC(=O)CCCCCCCCCCCC(C)C,[H][C@@](COC(=O)CCC\C=C/C\C=C/C\C=C/C=C/C(=O)CCCCC)(COP(O)(=O)O[C@H]1C(O)C(O)C(O)[C@@H](OP(O)(O)=O)C1O)OC(=O)CCCCCCC\C=C/C\C=C/CCC,947.609,949.018,1.409,0.927273989,0.002020359,35,2,0,0,,"(0, 35.0, 0.0020203590393066406, 2)",,
51891,[H][C@@](COC(=O)CCCCCCCCCCCCCC)(COC(=O)CCCCCCCCCCCCCCCCC)OC(=O)CCCCCCCCCCC(C)CC,[H][C@@](COC(=O)CCCCCCC)(COC(=O)CCCCCCCCCCCCCCCCCCCCC)OC(=O)CCCCCCCCCCCCCCC(C)C,807.339,807.339,1.14E-13,42.24206018,41.32547641,6,1,0,1,1,"(0, 6.0, 41.32547640800476, 1, 1)",,1
53002,[H][C@](COC(=O)CCCCCCCCCCCCCCCCCC)(COC(=O)CCCCCCCCCCCCCCCCCCCCC(C)CC)OC(=O)CCCCCCCCCCCCCCC,[H][C@@](COC(=O)CCCCCCCCCCCCCCCCCCCCC)(COC(=O)CCCCCCCCCCCCCCC(C)C)OC(=O)CCCCCCCCCCCCCCCCC(C)C,975.663,975.663,1.14E-13,60,,,,1,0,,,Exceeded 60 seconds,
55329,CC1C2C(CC3C4CCC5CC(CCC5(C)C4CCC23C)OC2OC(CO)C(OC3OC(CO)C(O)C(OC4OCC(O)C(O)C4O)C3O)C(O)C2O)OC11CCC(C)CO1,CCCCC[C@@H](O)\C=C\[C@H]1[C@H](O)C[C@H](O)[C@H]1C\C=C/CC(=O)OC[C@H](COP(O)(=O)OC[C@@H](O)COP(O)(O)=O)OC(=O)CCCCCCCCCCCCC(C)C,873.043,872.964,0.079,0.908666134,0.002030373,16,2,0,0,,"(0, 16.0, 0.0020303726196289062, 2)",,
55349,[H][C@@](COC(=O)CCCCCCCCCCCCC)(COC(=O)CCCCCCCCCCCCCCCCCCCC)OC(=O)CCCCCCCCCCCCC(C)C,[H][C@@](COC(=O)CCC\C=C/C\C=C/C\C=C/C\C=C/C=C/[C@@H](O)CC)(COP(O)(=O)OC[C@H](N)C(O)=O)OC(=O)CCCCCC\C=C/C\C=C/C\C=C/CCCCC,849.42,848.068,1.352,0.886178017,0.003028393,22,2,0,0,,"(0, 22.0, 0.003028392791748047, 2)",,
56057,[H][C@](N)(COP(O)(=O)OC[C@@]([H])(COC(=O)CCCCCCCCC\C=C/C\C=C/CCCCC)OC(=O)CCCCC\C=C/C\C=C/C\C=C/C\C=C/CCCCC)C(O)=O,[H][C@@](COC(=O)CCCCCCCCCCCCCCC)(COP(O)(=O)O[C@H]1C(O)C(O)C(O)[C@@H](O)C1O)OC(=O)CCCCCCCCC\C=C/C\C=C/CCCCC,864.155,863.12,1.035,1.181008816,0.269870996,14,2,0,0,,"(0, 14.0, 0.2698709964752197, 2)",,
56992,[H][C@](COC(=O)CCCCCCCCCCCC)(COC(=O)CCCCCCCCCCCCCCCCC(C)C)OC(=O)CCCCCCCCCCCCCCC,[H][C@@](COC(=O)CCCCCCCC(=O)\C=C\C=C/CCCCC)(COP([O-])(=O)OCC[N+](C)(C)C)OC(=O)CCC\C=C/C\C=C/C\C=C/CCCCCCCC,821.366,822.118,0.752,0.899305344,0.003024817,18,2,0,0,,"(0, 18.0, 0.0030248165130615234, 2)",,
57158,[H][C@@](COC(=O)CCCCCCCCCC(C)C)(COP(O)(=O)OP(O)(=O)OC[C@H]1O[C@H]([C@H](O)[C@@H]1O)N1C=CC(N)=NC1=O)OC(=O)CCC[C@@H](O)\C=C\C=C/C\C=C/C\C=C/CCCCC,[H][C@](COC(=O)CCCCC\C=C/C\C=C/C\C=C/C\C=C/CCCCC)(COC(=O)CC\C=C/C\C=C/C\C=C/C\C=C/C\C=C/C\C=C/CC)OC(=O)CCCC\C=C/C\C=C/C\C=C/C\C=C/CC,976.048,975.493,0.555,0.89147377,0.003024101,43,2,0,0,,"(0, 43.0, 0.0030241012573242188, 2)",,
57311,[H][C@](O)(CO)COP(O)(=O)OC[C@@]([H])(COC(=O)CCC[C@@H](O)\C=C\C=C/C\C=C/C=C/[C@@H](O)CCCCC)OC(=O)CCCCCCC\C=C/C=C\CCCCCC,[H][C@](COC(=O)CCCCCCC\C=C/CCCC)(COC(=O)CCCCCCC\C=C/CCCCCCCC)OC(=O)CCCCCCC\C=C/C\C=C/CCCCC,827.046,827.329,0.283,0.901794672,0.003024817,18,2,0,0,,"(0, 18.0, 0.0030248165130615234, 2)",,
57775,[H][C@@](COC(=O)CCCCCCCCCCCC(C)C)(COC(=O)CCCCCCCCCCC(C)C)OC(=O)CCCCCCCCCCCCCCCCCCCC,[H][C@](COC(=O)CCCCCCCCCCCCCCCC)(COC(=O)CCCCCCCCCCCCCCCCCCC)OC(=O)CCCCCCCCC(C)CC,835.393,835.393,3.41E-13,12.61826181,11.71701097,6,1,0,1,1,"(0, 5.999999999999804, 11.717010974884033, 1, 1)",,1
58609,[H]C1=C(CCCCC)OC(CCCCCCCCCCCCC(=O)OC(COC(=O)CCCCCCCCC2=C(C)C([H])=C(CCCCC)O2)COP(O)(=O)OCC[N+](C)(C)C)=C1C,[H][C@@](COC(=O)CCCCCCCCCCCCC1=C(C)C(C)=C(CCCCC)O1)(COP([O-])(=O)OCC[N+](C)(C)C)OC(=O)CCCCCCCC(O)\C=C\C=C\C\C=C\CC,895.233,894.225,1.008,7.153870583,6.237782955,10,2,0,1,1,"(0, 10, 6.237782955169678, 2, 1)",,1
58813,[H][C@@](COC(=O)CCCCCCCCCCC\C=C/C\C=C/CCCCC)(COP(O)(=O)OCCN)OC(=O)CCCCCCCC(=O)\C=C\C=C/CCCCC,[H][C@@](COC(=O)CCCCCCCCCCCCCC)(COP(O)(=O)OC[C@H](N)C(O)=O)OC(=O)CCC(O)\C=C/C=C\C\C=C/C\C=C/C\C=C/C\C=C/CC,810.107,810.019,0.088,4.423942804,3.174881458,10,2,0,1,1,"(0, 10, 3.1748814582824707, 2, 1)",,1
59520,[H][C@](COC(=O)CCCCCCCCCCCCCCCCCC(C)C)(COC(=O)CCCCCCCCCCC(C)CC)OC(=O)CCCCCCCCCCCCCCCCCCC,[H][C@@](COC(=O)CCC[C@H](O)[C@@H](O)C\C=C/C\C=C/C\C=C/C\C=C/CC)(COP(O)(=O)O[C@H]1[C@H](O)[C@@H](O)[C@H](O)[C@@H](O)[C@H]1O)OC(=O)CCCCCCCCCCCCCCCCC,919.555,919.14,0.415,0.908125162,0.003185272,25,2,0,0,,"(0, 25.0, 0.003185272216796875, 2)",,
60002,[H][C@@](COC(=O)CCCCCCCCCCCC)(COC(=O)CCCCCCCCCCCCCCCCCCCCC)OC(=O)CCCCCCCCCCCCC,CCCCCCCCCCCCCCCC\C=C/OC[C@]([H])(COP([O-])(=O)OCC[N+](C)(C)C)OC(=O)CCCCC\C=C/C\C=C/C\C=C/C\C=C/CCCCC,821.366,822.206,0.84,0.8875947,0.003189564,15,2,0,0,,"(0, 15.0, 0.003189563751220703, 2)",,
61417,[H][C@](COC(=O)CCCCCCCCCCCCC)(COC(=O)CCCCCCCCCCC(C)CC)OC(=O)CCCCCCCCCCCCCCCCCCCC,[H][C@@](COC(=O)CCCCCCCCCCCC)(COC(=O)CCCCCCCCCCCCCCCC(C)C)OC(=O)CCCCCCCCCCCCCCCCC,835.393,835.393,3.41E-13,11.28781056,10.37487507,4,1,0,1,1,"(0, 4.000000000000492, 10.37487506866455, 1, 1)",,1
61530,[H][C@](COC(=O)CCCCCCCCCCCCCCCC(C)C)(COC(=O)CCCCCCCCCCCCC(C)CC)OC(=O)CCCCCCCCCCCC,[H][C@](COC(=O)CCCCCCCCCCCCCCCCC(C)C)(COC(=O)CCCCCCCCCCCCC(C)CC)OC(=O)CCCCCCCCC(C)C,821.366,821.366,1.14E-13,34.27102232,33.25078177,6,1,0,1,1,"(0, 5.999999999999776, 33.250781774520874, 1, 1)",,1
62994,[H][C@](COC(=O)CCCCCCC\C=C/CCCCCC)(COC(=O)CCCCCCC\C=C/CCCCCCCC)OC(=O)CCCCC\C=C/C\C=C/C\C=C/C\C=C/C\C=C/CC,[H][C@](O)(COP(O)(O)=O)COP(O)(=O)OC[C@@]([H])(COC(=O)CCCC\C=C/C\C=C/C\C=C/CCCCC)OC(=O)CCC[C@@H](O)\C=C/C=C/C=C/[C@@H](O)C\C=C/CCCCC,905.443,905.009,0.434,0.894593477,0.003025055,27,2,0,0,,"(0, 27.0, 0.003025054931640625, 2)",,
63126,[H][C@@](COC(=O)CCC\C=C/C\C=C/C\C=C/C=C/C(=O)CCCCC)(COP(O)(=O)O[C@H]1[C@H](O)[C@@H](O)[C@H](O)[C@@H](O)[C@H]1O)OC(=O)CCCCCCCCC\C=C/CCCCCCCC,[H][C@](COC(=O)CCCCCCC\C=C/CCCC)(COC(=O)CCCCC\C=C/C\C=C/C\C=C/C\C=C/C\C=C/CC)OC(=O)CCCCC\C=C/C\C=C/C\C=C/C\C=C/CCCCC,927.163,927.449,0.286,0.902486324,0.003017426,21,2,0,0,,"(0, 21.0, 0.003017425537109375, 2)",,
63233,[H][C@](COC(=O)CCCCCCCCCCCCCC)(COC(=O)CCC\C=C/C\C=C/C\C=C/C\C=C/C\C=C/CC)OC(=O)CCCCCCC\C=C/CCCCCC,[H][C@](O)(CO)COP(O)(=O)OC[C@@]([H])(COC(=O)CCC\C=C/C\C=C/C=C/C(O)C\C=C/C\C=C/CC)OC(=O)CCCCCCCCC\C=C/C\C=C/CCCCC,837.324,837.085,0.239,0.892504692,0.004025221,15,2,0,0,,"(0, 15.0, 0.00402522087097168, 2)",,
63557,[H][C@](COC(=O)CCCCCCCCCCCCC)(COC(=O)CC\C=C/C\C=C/C\C=C/C\C=C/C\C=C/C\C=C/CC)OC(=O)CCCCCCCCCCCCCCCCCCC,[H][C@@](COC(=O)CCC\C=C/C\C=C/C\C=C/C=C/CC(O)\C=C/CC)(COP([O-])(=O)OCC[N+](C)(C)C)OC(=O)CCCCCCCCCCCCCCCCCCCCCCC,907.459,908.296,0.837,0.884679079,0.002027273,16,2,0,0,,"(0, 16.0, 0.002027273178100586, 2)",,
63994,[H][C@@](COC(=O)CCCCCCCCC)(COC(=O)CCCCCCCCCCCCCCCCCCCCC(C)CC)OC(=O)CCCCCCCCCCCCCCCCCCCCC(C)C,[H][C@@](COC(=O)CCCCCCCCCCCCCCCCCCC)(COC(=O)CCCCCCCCCCCCCCCCCCCCC(C)CC)OC(=O)CCCCCCCCCCC(C)C,961.636,961.636,1.14E-13,59.90862155,58.9977901,4,1,0,1,1,"(0, 4.0, 58.99779009819031, 1, 1)",,1
64113,CCCCCCCC\C=C/CCCCCCCCCCCC(=O)O[C@]([H])(COC(=O)CCCCCCC\C=C/C\C=C/CCCCC)COP([O-])(=O)OCC[N+](C)(C)C,[H][C@](N)(COP(O)(=O)OC[C@@]([H])(COC(=O)CCCCCCCCCCC\C=C/CCCCCCCC)OC(=O)CCCC\C=C/C\C=C/C\C=C/CCCCC)C(O)=O,840.221,840.133,0.088,4.7528584,3.557244778,10,1,0,1,1,"(0, 10.000000000000245, 3.5572447776794434, 1, 1)",,1
64586,[H][C@](COC(=O)CCCCCCCCCCCCCCCCCCCCC(C)C)(COC(=O)CCCCCCCCCCC(C)CC)OC(=O)CCCCCCCCCCC,[H][C@](COC(=O)CCCCCCCCCCCCCCCCCCC)(COC(=O)CCCCCCCCCCCCC(C)C)OC(=O)CCCCCCCCCCC(C)CC,849.42,849.42,2.27E-13,8.928448915,8.018843889,4,1,0,1,1,"(0, 4.0000000000001705, 8.01884388923645, 1, 1)",,1
65065,[H][C@@](COC(=O)CCCCCCCCCCCCCCCCC)(COC(=O)CCCCCCCCCCCC(C)C)OC(=O)CCCCCCCCCCCCCCCCC(C)C,CCCCC[C@H](O)\C=C\[C@@H]1[C@@H](C\C=C/CCCC(=O)O[C@H](COC(=O)CCCCCCCCCCC2=C(C)C(C)=C(CCC)O2)COP([O-])(=O)OCC[N+](C)(C)C)C=CC1=O,877.474,878.138,0.664,0.961972237,0.003187895,25.5,2,0,0,,"(0, 25.5, 0.003187894821166992, 2)",,
65124,[H][C@@](COC(=O)CCCCCCCCCCCC)(COC(=O)CCCCCCCCCCCCCCC(C)C)OC(=O)CCCCCCCCCCCCCCCCCC(C)C,[H][C@@](COC(=O)CCCCCCCCCCCCCCCCC(C)CC)(COC(=O)CCCCCCCCCCCCCC(C)C)OC(=O)CCCCCCCCCCC(C)C,863.447,863.447,0,60,,,,1,0,,,Exceeded 60 seconds,
65156,[H][C@@](COC(=O)CCCCCCCCCCCCCC)(COC(=O)CCCCCCCCCCCCCCCCCCC)OC(=O)CCCCCCCCCCCC(C)C,[H][C@](COC(=O)CCCCCCCCCCCCCCCC)(COC(=O)CCCCCCCCCCCCC(C)CC)OC(=O)CCCCCCCCCCCCCCC,835.393,835.393,0,54.44882512,53.22878885,6,1,0,1,1,"(0, 6.0, 53.22878885269165, 1, 1)",,1
66784,[H][C@@](COC(=O)CCC\C=C/C\C=C/C\C=C/C=C/CC(O)\C=C/CC)(COP([O-])(=O)OCC[N+](C)(C)C)OC(=O)CCCCCCC\C=C/C\C=C/CCCCC,[H][C@@](COC(=O)CCCCCCC)(COC(=O)CCCCCCCCCCCCCCCCCCCCC(C)C)OC(=O)CCCCCCCCCCCCCCCC,820.102,821.366,1.264,0.881767273,0.003023863,20,2,0,0,,"(0, 20.0, 0.003023862838745117, 2)",,
67093,[H][C@@](COC(=O)CCCCCCCCCCCCCCCCCCCCC(C)CC)(COC(=O)CCCCCCCCCCC(C)C)OC(=O)CCCCCCCCCCCCCCCCCCC,[H][C@@](COC(=O)CCCCCCCCCCCCCCC(C)C)(COC(=O)CCCCCCCCCCCCCC(C)C)OC(=O)CCCCCCCCCCCCCCCCCCCCC(C)C,961.636,961.636,1.14E-13,22.87460065,21.97477412,6,1,0,1,1,"(0, 6.0, 21.97477412223816, 1, 1)",,1
67901,[H][C@](O)(CO)COP(O)(=O)OC[C@@]([H])(COC(=O)CCCC1OC1C\C=C/C\C=C/C\C=C/CCCCC)OC(=O)CCC\C=C/C\C=C/C\C=C/C\C=C/CCCCC,[H][C@@](COC(=O)CCCCCCCCCCCCCCCCCCCCC(C)C)(COC(=O)CCCCCCCCC(C)C)OC(=O)CCCCCCCCCCCCC,835.069,835.393,0.324,0.875522137,0.00301981,19,2,0,0,,"(0, 19.0, 0.0030198097229003906, 2)",,
68043,[H][C@@](COC(=O)CCCCCCCCCCCCC)(COC(=O)CCCCCCCCCCCCCCCCCCC(C)C)OC(=O)CCCCCCCCCCCCCCCCCCC(C)C,[H][C@@](COC(=O)CCCCCCCCCCCCCCCCC)(COC(=O)CCCCCCCCCCCCCCCCC(C)CC)OC(=O)CCCCCCCCCCCCCCCCCC,947.609,947.609,1.14E-13,60,,,,1,0,,,Exceeded 60 seconds,
68960,[H][C@@](COC(=O)CCCCCCCCCCCCC)(COC(=O)CCCCCCCCCCCCCCC(C)C)OC(=O)CCCCCCCCCCCCCCCCCCC,[H][C@@](COC(=O)CCCCCCCCC1=C(C)C(C)=C(CCCCC)O1)(COP([O-])(=O)OCC[N+](C)(C)C)OC(=O)CCC\C=C\C=C/C(O)C\C=C/C\C=C/CCCCC,863.447,864.155,0.708,1.116557837,0.003116131,23.5,2,0,0,,"(0, 23.5, 0.003116130828857422, 2)",,
68982,CCCCCCCC\C=C/CCCCCCCCCCCC(=O)OC[C@]([H])(COP([O-])(=O)OCC[N+](C)(C)C)OC(=O)CCCCCCCCCCC\C=C/C\C=C/CCCCC,[H][C@](O)(CO)COP(O)(=O)OC[C@@]([H])(COC(=O)CCCCCCCCCCCCCCCCC(C)CC)OC(=O)CC\C=C/C\C=C/C[C@@H](O)\C=C\C=C/C=C/[C@@H](O)C\C=C/CC,896.329,897.181,0.852,0.880343914,0.003021002,11,2,0,0,,"(0, 11.0, 0.0030210018157958984, 2)",,
69765,CCCCCC1=C(C)C(C)=C(CCCCCCCCC(=O)OCC(COP(O)(=O)OCC[N+](C)(C)C)OC(=O)CCCCCCCCCCC2=C(C)C(C)=C(CCC)O2)O1,[H][C@@](COC(=O)CCCCCCCCC1=C(C)C=C(CCCCC)O1)(COP(O)(=O)OCCN(C)C)OC(=O)CCCCCCCCCCC1=C(C)C(C)=C(CCCCC)O1,867.179,866.171,1.008,3.876210213,2.981913567,4,1,0,1,1,"(0, 3.9999999999999014, 2.9819135665893555, 1, 1)",,1
71661,[H][C@@](COC(=O)CCCCCCCCCCCCC1=C(C)C(C)=C(CCCCC)O1)(COP([O-])(=O)OCC[N+](C)(C)C)OC(=O)CCC[C@@H](O)\C=C\C=C/C\C=C/C\C=C/CCCCC,[H][C@@](COC(=O)CCCCCCCCCCCCCCCCC)(COC(=O)CCCCCCCCCCCCCCCCC(C)CC)OC(=O)CCCCCCCCCCCCCC(C)C,920.263,919.555,0.708,0.888089657,0.003016472,22.5,2,0,0,,"(0, 22.5, 0.0030164718627929688, 2)",,
72604,[H][C@@](COC(=O)CCCCCCCCCCCCCCCC(C)C)(COC(=O)CCCCCCCCCCC(C)C)OC(=O)CCCCCCCCCCCCCCC(C)C,[H][C@](COC(=O)CCCCCCCCCCC)(COC(=O)CCCCCCCCCCCCCCCCCCC(C)C)OC(=O)CCCCCCCCCCCCC(C)CC,849.42,849.42,1.14E-13,12.4388814,11.53794003,6,1,0,1,1,"(0, 6.000000000000214, 11.53794002532959, 1, 1)",,1
75066,[H][C@](COC(=O)CCCCCCCCCCC)(COC(=O)CCCCCCCCCCCCCCCCCC(C)C)OC(=O)CCCCCCCCCCCCCCCCCCCCC(C)C,[H][C@](COC(=O)CCCCCCCCCCCCCCCCC)(COC(=O)CCCCCCCCCCCCCCCCC(C)CC)OC(=O)CCCCCCCCCCCCCCCCC,933.582,933.582,1.14E-13,60,,,,1,0,,,Exceeded 60 seconds,
75760,[H][C@@](COC(=O)CCC\C=C/C\C=C/C\C=C/CC1OC1CCCCC)(COP([O-])(=O)OCC[N+](C)(C)C)OC(=O)CCCCCC\C=C/C\C=C/C\C=C/CCCCC,[H][C@@](COCCCCCCCCCCCCCCCCCC)(COC(=O)CCCCCCCCCCCCC)OC(=O)CCCCCCCCC\C=C/CCCCCCCC,848.156,847.448,0.708,1.22497654,0.002994061,22,2,0,0,,"(0, 22.0, 0.002994060516357422, 2)",,
77289,[H][C@@](COC(=O)CCCCCCCCCCCCCC)(COC(=O)CCCCCCCCCCCCCCCCCCCCC)OC(=O)CCCCCCCCCCCCCC(C)C,[H][C@@](COC(=O)CCCCCCCCCCCCC)(COC(=O)CCCCCCCCCCCCCCCCCCCC)OC(=O)CCCCCCCCCCCCCCCC(C)C,891.501,891.501,0,60,,,,1,0,,,Exceeded 60 seconds,
78048,[H][C@](O)(COP(O)(O)=O)COP(O)(=O)OC[C@@]([H])(COC(=O)CCCCCCCCCCCCCCCCC(C)CC)OC(=O)CCC\C=C/C\C=C/C\C=C/CC1OC1CCCCC,CC(CCC(O)=O)CC(C)C(=O)SCCNC(=O)CCNC(=O)C(O)C(C)(C)COP(O)(=O)OP(O)(=O)OCC1OC(C(O)C1OP(O)(O)=O)N1C=NC2=C1N=CN=C2N,937.139,937.749,0.61,1.035088539,0.002993584,39,2,0,0,,"(0, 39.0, 0.0029935836791992188, 2)",,
78279,[H][C@@](COC(=O)CCCCCCCCCCC1=C(C)C(C)=C(CCC)O1)(COP(O)(=O)OCCN)OC(=O)CCC\C=C/C\C=C/C\C=C/CC1OC1CCCCC,[H][C@](O)(CO)COP(O)(=O)OC[C@@]([H])(COC(=O)CCC\C=C/C\C=C/C\C=C/C\C=C/CCCCC)OC(=O)CCC\C=C/C\C=C/C\C=C/CCCCCCCC,822.074,821.086,0.988,1.200119495,0.266144514,11.5,2,0,0,,"(0, 11.5, 0.2661445140838623, 2)",,
78357,[H][C@](COC(=O)CCCCCCCCCCCCCCCCCCCCC(C)C)(COC(=O)CCCCCCCCCCCC(C)C)OC(=O)CCCCCCCCCCCCC,[H][C@](COC(=O)CCCCCCCCCCCCCCCCCC)(COC(=O)CCCCCCCCC(C)CC)OC(=O)CCCCCCCCCCCCCCCCCC(C)C,877.474,877.474,1.14E-13,11.45229626,10.50126147,4,1,0,1,1,"(0, 4.000000000000172, 10.501261472702026, 1, 1)",,1
80626,CCCCC\C=C/C\C=C/C\C=C/C\C=C/CCCCCC(=O)O[C@H](COC(=O)CCC\C=C/C[C@H]1C=CC(=O)[C@@H]1\C=C\[C@@H](O)CCCCC)COP(O)(O)=O,CCCCC[C@H](O)\C=C\[C@@H]1[C@@H](CCCCCCC(=O)O[C@H](COC(=O)CCCCCCCCCCCCCCCCC(C)C)COP(O)(O)=O)[C@@H](O)CC1=O,803.027,803.068,0.041,4.629631996,3.719203234,10,2,0,1,1,"(0, 10, 3.719203233718872, 2, 1)",,1
81508,[H][C@@](COC(=O)CCCCCCCCCCCCCCCCCCCCC(C)C)(COC(=O)CCCCCCCCCCCCC(C)CC)OC(=O)CCCCCCCCCCCCCCCCC(C)C,[H][C@](COC(=O)CCCCCCCCCCCCCCCCCCCCC(C)CC)(COC(=O)CCCCCCCCCCCCCCCCCC(C)C)OC(=O)CCCCCCCCCCC(C)CC,989.69,989.69,0,60,,,,1,0,,,Exceeded 60 seconds,
81538,[H][C@@](COC(=O)CCCCCCCCCCCCC)(COC(=O)CCCCCCCCCCCCC(C)CC)OC(=O)CCCCCCCCCCCCCCC(C)C,[H][C@@](COC(=O)CCCCCCCCCCC\C=C/C\C=C/CCCCC)(COP(O)(=O)OCCN)OC(=O)CCCCCC\C=C/C\C=C/C\C=C/CCCCC,821.366,822.162,0.796,1.234172821,0.003002882,12,2,0,0,,"(0, 12.0, 0.0030028820037841797, 2)",,
82646,[H][C@@](COC(=O)CCCCCC\C=C/C\C=C/C\C=C/C\C=C/CC)(COP(O)(=O)OCCN)OC(=O)CCC\C=C\C=C/C(O)C\C=C/C\C=C/CCCCC,[H][C@@](COC(=O)CCCCCC\C=C/C\C=C/C\C=C/CCCCC)(COP(O)(=O)OCCN)OC(=O)CCC\C=C/C\C=C/C\C=C/C=C/C(=O)CCCCC,804.059,804.059,0,4.486400127,3.551855564,8,1,0,1,1,"(0, 8.00000000000025, 3.5518555641174316, 1, 1)",,1
82647,[H][C@@](COC(=O)CC\C=C/C\C=C/C\C=C/C\C=C/C\C=C/CCCCC)(COP(O)(=O)OC[C@H](N)C(O)=O)OC(=O)CCC\C=C/C\C=C/C\C=C/CC1OC1CCCCC,[H][C@@](COCCCCCCCCCCCCCCCCCC)(COC(=O)CCCCCCC\C=C/CCCCCCCC)OC(=O)CCCCCCCCC\C=C/CCCCCC,874.106,873.486,0.62,0.943055153,0.003025055,25,2,0,0,,"(0, 25.0, 0.003025054931640625, 2)",,
83609,[H][C@](COC(=O)CCCCCCCCCCCCC)(COC(=O)CCCCC\C=C/C\C=C/C\C=C/C\C=C/C\C=C/CC)OC(=O)CCCCCCCCCCC\C=C/C\C=C/CCCCC,[H][C@](COC(=O)CCCCCCCCC\C=C/C\C=C/CCCCC)(COC(=O)CCCCC\C=C/C\C=C/C\C=C/C\C=C/C\C=C/CC)OC(=O)CCCCCCCCCCCCCCC,933.497,933.497,1.14E-13,11.57011795,10.65959191,4,1,0,1,1,"(0, 3.9999999999996314, 10.659591913223267, 1, 1)",,1
85819,[H][C@@](COC(=O)CCC[C@@H](O)[C@H](O)\C=C\C=C\C=C/C=C/[C@H](O)CCCCC)(COP(O)(=O)OC[C@H](N)C(O)=O)OC(=O)CCCCC\C=C/C\C=C/C\C=C/C\C=C/C\C=C/CC,[H][C@@](COC(=O)CCCCCCCCCCCCCCCCCCC)(COC(=O)CCCCCCCCCCCCCC(C)C)OC(=O)CCCCCCCCCCCCCCC(C)C,906.104,905.528,0.576,0.9051404,0.001994848,26,2,0,0,,"(0, 26.0, 0.0019948482513427734, 2)",,
86269,CC(=O)OC1C2=C(C)C(CC(O)(C(OC(=O)C3=CC=CC=C3)C3C4(COC4C(O)C(O)C3(C)C1=O)OC(C)=O)C2(C)C)OC(=O)C(O)C(NC(=O)C1=CC=CC=C1)C1=CC=CC=C1,[H][C@](O)(COP(O)(O)=O)COP(O)(=O)OC[C@@]([H])(COC(=O)CCCCCCC\C=C/C=C/C(=O)CCCCC)OC(=O)CCCCCCCCCCCCCCCCC,869.917,869.02,0.897,0.87275672,0.004016161,31,2,0,0,,"(0, 31.0, 0.00401616096496582, 2)",,
87904,[H][C@@](COC(=O)CCCCCCCCCCCCCCCC)(COC(=O)CCCCCCCCCCCCCCCC(C)C)OC(=O)CCCCCCCCCCC(C)C,[H][C@](COC(=O)CCCCCCCCCCCCCCCC)(COC(=O)CCCCCCCCCCCCCCCCCCC)OC(=O)CCCCCCCCCC(C)C,835.393,835.393,1.14E-13,49.30169988,48.37170172,6,1,0,1,1,"(0, 6.0, 48.37170171737671, 1, 1)",,1
90577,[H][C@@](COC(=O)CCCCCCCCCCCCCCCCCCC)(COC(=O)CCCCCCCCCCC(C)CC)OC(=O)CCCCCCCCCCCCCCCCC(C)C,[H]C(COC(=O)CCCCC\C=C/C\C=C/C\C=C/C\C=C/C\C=C/CC)(COP(O)(=O)OCCN(C)C)OC(=O)CCCCCCCCCCCCC\C=C/CCCCCCCC,905.528,904.308,1.22,0.878399372,0.003101349,15,2,0,0,,"(0, 15.0, 0.003101348876953125, 2)",,
90802,CC(C)(COP(O)(=O)OP(O)(=O)OCC1OC(C(O)C1OP(O)(O)=O)N1C=NC2=C1N=CN=C2N)C(O)C(=O)NCCC(=O)NCCSC(=O)C=CCCCC=CC(O)=O,[H][C@@](COC(=O)CCCCCCCCC\C=C/C\C=C/CCCCC)(COC(=O)CCCCCCC\C=C/C\C=C/CCCCC)OC(=O)CCC\C=C/C\C=C/C\C=C/CCCCCCCC,933.717,933.497,0.22,0.885825396,0.003024817,61,2,0,0,,"(0, 61.0, 0.0030248165130615234, 2)",,
90970,[H][C@@](COC(=O)CCCCCCCC(O)\C=C\C=C\C\C=C\CC)(COP(O)(=O)O[C@H]1[C@H](O)[C@@H](O)[C@H](O)[C@@H](O)[C@H]1O)OC(=O)CCCCCCCCCCCCCCCCCCC,[H][C@](COC(=O)CCCCCCC\C=C/C\C=C/CCCCC)(COC(=O)CCCCCCC\C=C/C\C=C/C\C=C/CC)OC(=O)CCCCCCCCC\C=C/C\C=C/CCCCC,905.157,905.443,0.286,0.886542082,0.002029896,20,2,0,0,,"(0, 20.0, 0.002029895782470703, 2)",,
91094,CCCCC[C@H](O)\C=C\[C@H]1OC(O)C[C@H](O)[C@@H]1C\C=C/CCCC(=O)OC[C@H](COP(O)(O)=O)OC(=O)CCCCCCCCCCCCCCCCCCC(C)C,[H][C@@](COC(=O)CCCCCC\C=C/C\C=C/C\C=C/CCCCC)(COP([O-])(=O)OCC[N+](C)(C)C)OC(=O)CCC\C=C/C\C=C/C\C=C/C=C/[C@@H](O)CCCCC,847.121,848.156,1.035,1.15371418,0.264603615,14,2,0,0,,"(0, 14.0, 0.2646036148071289, 2)",,
91787,[H][C@](COC(=O)CCCCCCCCCCC)(COC(=O)CCCCCCCCCCCCCCCCCCCCC)OC(=O)CCCCCCCCCCCCCCCCCCCCC,[H][C@](COC(=O)CCCCCCCCCCCCCCCCC(C)C)(COC(=O)CCCCCCCCC(C)C)OC(=O)CCCCCCCCCCCCCCCCCCCCC(C)C,919.555,919.555,1.14E-13,10.08177876,9.113400936,6,1,0,1,1,"(0, 5.999999999999532, 9.113400936126709, 1, 1)",,1
92491,[H][C@](COC(=O)CCCCCCCCCCCCCC)(COC(=O)CCCCCCCCCCCCCCC)OC(=O)CCCCCCC\C=C/CCCCCCCC,[H][C@](O)(CO)COP(O)(=O)OC[C@@]([H])(COC(=O)CCC\C=C/C\C=C/C\C=C/C\C=C/CCCCC)OC(=O)CCCCCC\C=C/C\C=C/C\C=C/C\C=C/CC,819.35,819.07,0.28,0.928121805,0.003188848,18,2,0,0,,"(0, 18.0, 0.0031888484954833984, 2)",,
93598,CCCCC[C@H](O)\C=C\[C@H]1OC(O)C[C@H](O)[C@@H]1C\C=C/CCCC(=O)OC[C@H](COP(O)(O)=O)OC(=O)CCCCC\C=C/C\C=C/C\C=C/C\C=C/C\C=C/CC,CCCCC\C=C/C\C=C/C\C=C/C\C=C/C\C=C/CCC(=O)O[C@H](COC(=O)CCC\C=C/C[C@H]1[C@@H](O)CC(O)O[C@@H]1\C=C\[C@@H](O)CCCCC)COP(O)(O)=O,837.041,837.041,7.96E-13,3.590693474,2.668018579,2,1,0,1,1,"(0, 2.0000000000000133, 2.6680185794830322, 1, 1)",,1
97919,[H][C@@](COC(=O)CCCCC\C=C/C\C=C/C\C=C/C\C=C/CCCCC)(COP(O)(O)=O)OC(=O)CCC\C=C/[C@@H](O)\C=C\C=C/C\C=C/C=C/[C@@H](O)C\C=C/CC,[H][C@@](COC(=O)CCC\C=C/C\C=C/C\C=C/CCCCCCCC)(COP(O)(=O)OCCN)OC(=O)CCC(O)\C=C/C=C\C\C=C/C\C=C/C\C=C/C\C=C/CC,829.065,830.097,1.032,4.820151329,3.869193077,10,2,0,1,1,"(0, 10, 3.8691930770874023, 2, 1)",,1
98389,[H][C@](COC(=O)CCCCCCCCCCCCCC)(COC(=O)CCCCCCCCCCCCCCCCCCCC)OC(=O)CCCCCCCCCCC,[H][C@](O)(CO)COP(O)(=O)OC[C@@]([H])(COC(=O)CCC\C=C/C\C=C/C\C=C/C=C/C(=O)CCCCC)OC(=O)CCCC\C=C/C\C=C/C\C=C/CCCCC,807.339,807.015,0.324,0.886419535,0.00311327,20,2,0,0,,"(0, 20.0, 0.003113269805908203, 2)",,
98752,[H][C@](COC(=O)CCCCCCCCCCCCCCC)(COC(=O)CCCCCCCCCCCCCCCCC)OC(=O)CCCCCCCCCCCCCCCCCCCCC(C)C,[H][C@@](COC(=O)CCCCCCCCCCCCCCCCCC)(COC(=O)CCCCCCCCCCCCCCCCCCCCC(C)C)OC(=O)CCCCCCCCCCCCCC,947.609,947.609,0,18.44369793,17.54253221,4,1,0,1,1,"(0, 4.0, 17.542532205581665, 1, 1)",,1
98825,[H][C@](COC(=O)CCCCCCCCCCCCCCCCC(C)CC)(COC(=O)CCCCCCCCCCCCC(C)CC)OC(=O)CCCCCCCCC(C)C,[H][C@@](COC(=O)CCCCCCCCCCCCCC(C)C)(COC(=O)CCCCCCCCCCCCC(C)C)OC(=O)CCCCCCCCCCCCCC(C)C,835.393,835.393,0,60,,,,1,0,,,Exceeded 60 seconds,
99409,[H][C@](COC(=O)CCCCCCCCCCCCCCC)(COC(=O)CCCC\C=C/C\C=C/C\C=C/C\C=C/CC)OC(=O)CCCC\C=C/C\C=C/C\C=C/C\C=C/CC,[H][C@](COC(=O)CCCC\C=C/C\C=C/C\C=C/CCCCC)(COC(=O)CCCC\C=C/C\C=C/C\C=C/C\C=C/CC)OC(=O)CCCCCCC\C=C/CCCCCC,847.319,847.319,1.14E-13,6.64470458,5.735830069,4,1,0,1,1,"(0, 4.000000000000046, 5.735830068588257, 1, 1)",,1
99997,[H][C@@](COC(=O)CCCCCCCCCCCCC(C)C)(COC(=O)CCCCCCCCC(C)CC)OC(=O)CCCCCCCCCCCCCCCCCCCCC,[H][C@](COC(=O)CCCCCCCCCCCCCCCC)(COC(=O)CCCCCCCCCCCCCCCCC(C)C)OC(=O)CCCCCCCCCCC(C)C,849.42,849.42,4.55E-13,14.01750088,13.01785111,6,1,0,1,1,"(0, 6.0000000000002505, 13.017851114273071, 1, 1)",,1
102056,[H][C@@](COC(=O)CCCCCCCCCCCCCCCCC(C)CC)(COC(=O)CCCCCCCCCCCC(C)C)OC(=O)CCCCCCCCCCCCCCCCCCC,[H][C@@](COC(=O)CCCCCCCCCCCCC1=C(C)C(C)=C(CCCCC)O1)(COP([O-])(=O)OCC[N+](C)(C)C)OC(=O)CCC\C=C/C\C=C/C\C=C/C=C/C(=O)CCCCC,919.555,918.247,1.308,1.188580513,0.003024101,23.5,2,0,0,,"(0, 23.5, 0.0030241012573242188, 2)",,
103398,[H][C@](COC(=O)CCCCCCCCCCC(C)CC)(COC(=O)CCCCCCCCCC(C)C)OC(=O)CCCCCCCCCCCCCCCCCCCCC,[H][C@@](COC(=O)CCCCCCCCCCCCCC)(COC(=O)CCCCCCCCCC(C)C)OC(=O)CCCCCCCCCCCCCCCCCCC(C)C,835.393,835.393,1.14E-13,11.13498449,10.19536471,4,1,0,1,1,"(0, 4.00000000000008, 10.195364713668823, 1, 1)",,1
103907,CCCCCCCC\C=C/C\C=C/C\C=C/CCCC(=O)OC[C@H](COP(O)(=O)OCCN)OC(=O)CCC\C=C/C[C@H]1C=CC(=O)[C@@H]1\C=C\[C@@H](O)CCCCC,[H][C@@](COC(=O)CCCCCCCCCCCCCCCCCC)(COC(=O)CCCCCCCCCCC(C)C)OC(=O)CCCCCCCCCCCCC(C)C,820.058,821.366,1.308,0.901636839,0.003025055,18,2,0,0,,"(0, 18.0, 0.003025054931640625, 2)",,
104106,[H][C@@](COC(=O)CC\C=C/C\C=C/C\C=C/C\C=C/C\C=C/CCCCC)(COP(O)(=O)OCCN)OC(=O)CCCCCCCCCCCCCCCCCCC,CCCCC\C=C/C\C=C/C=C/C=C/[C@@H](SC[C@H](N)C(=O)OC[C@@H](O)COC(=O)CCCCCCCCCCCCCCCCCC(C)C)[C@@H](O)CCCC(O)=O,822.162,822.247,0.085,1.473443508,0.286319494,13,2,0,0,,"(0, 13.0, 0.2863194942474365, 2)",,
104753,[H][C@@](COC(=O)CCCCCCC\C=C/C=C/C(=O)CCCCC)(COP([O-])(=O)OCC[N+](C)(C)C)OC(=O)CCCCC\C=C/C\C=C/C\C=C/C\C=C/CCCCC,[H][C@](COC(=O)CCCCCCCCCCCCCCCC)(COC(=O)CCCCCCCCCCCCCCCCCCCC)OC(=O)CCCCCCCCCC(C)C,848.156,849.42,1.264,0.884941578,0.002186537,19,2,0,0,,"(0, 19.0, 0.0021865367889404297, 2)",,
107281,[H][C@@](COC(=O)CCCCC\C=C/C\C=C/C\C=C/C\C=C/C\C=C/CC)(COC(=O)CCCC\C=C/C\C=C/C\C=C/C\C=C/CC)OC(=O)CCCCCCCCC\C=C/CCCCCC,[H][C@@](COC(=O)CCCCCCCCCCCCC\C=C/CCCCCCCC)(COP([O-])(=O)OCC[N+](C)(C)C)OC(=O)CCCC(O)C(O)C\C=C/C\C=C/C\C=C/CCCCC,927.449,926.311,1.138,0.863646984,0.003025293,23,2,0,0,,"(0, 23.0, 0.0030252933502197266, 2)",,
107574,[H][C@@](COC(=O)CCCCCCCCCCCCC)(COC(=O)CCCCCCCCCCCCCCCCCCC)OC(=O)CCCCCCCCCCCCCCCC(C)C,[H][C@](COC(=O)CCCCCCCCCCCCC)(COC(=O)CCCCCCCCCCCCCCCCC)OC(=O)CCCCCCCCCCCCCCCCC(C)CC,877.474,877.474,0,52.07982993,51.16755056,4,1,0,1,1,"(0, 4.0, 51.167550563812256, 1, 1)",,1
